category,benchmark,tool,caller_class,caller_method,callee_receiver,callee_method
Aliasing,Merge1,FlowDroid,android.support.v4.app.BackStackRecord,add,android.support.v4.app.BackStackRecord,doAddOp
Aliasing,Merge1,FlowDroid,android.support.v4.app.BackStackRecord,commit,android.support.v4.app.BackStackRecord,commitInternal
Aliasing,Merge1,FlowDroid,android.support.v4.app.BackStackRecord,commitInternal,android.support.v4.app.FragmentManagerImpl,enqueueAction
Aliasing,Merge1,FlowDroid,android.support.v4.app.BackStackRecord,doAddOp,android.support.v4.app.BackStackRecord,addOp
Aliasing,Merge1,FlowDroid,android.support.v4.app.BackStackRecord,doAddOp,android.support.v4.app.BackStackRecord$Op,<init>
Aliasing,Merge1,FlowDroid,android.support.v4.app.Fragment,<clinit>,android.support.v4.util.SimpleArrayMap,<init>
Aliasing,Merge1,FlowDroid,android.support.v4.app.FragmentActivity,onCreate,android.app.Activity,getLastNonConfigurationInstance
Aliasing,Merge1,FlowDroid,android.support.v4.app.FragmentActivity,onCreate,android.app.Activity,getLayoutInflater
Aliasing,Merge1,FlowDroid,android.support.v4.app.FragmentActivity,onCreate,android.support.v4.app.FragmentManagerImpl,attachActivity
Aliasing,Merge1,FlowDroid,android.support.v4.app.FragmentActivity,onCreate,android.support.v4.app.FragmentManagerImpl,dispatchCreate
Aliasing,Merge1,FlowDroid,android.support.v4.app.FragmentActivity,onCreate,android.view.LayoutInflater,getFactory
Aliasing,Merge1,FlowDroid,android.support.v4.app.FragmentActivity,onCreate,android.view.LayoutInflater,setFactory
Aliasing,Merge1,FlowDroid,android.support.v4.app.FragmentActivity,onCreateView,android.app.Activity,onCreateView
Aliasing,Merge1,FlowDroid,android.support.v4.app.FragmentActivity,onCreateView,java.lang.String,equals
Aliasing,Merge1,FlowDroid,android.support.v4.app.FragmentManagerImpl,beginTransaction,android.support.v4.app.BackStackRecord,<init>
Aliasing,Merge1,FlowDroid,android.support.v4.app.FragmentManagerImpl,dispatchCreate,android.support.v4.app.FragmentManagerImpl,moveToState
Aliasing,Merge1,FlowDroid,android.support.v4.app.FragmentManagerImpl,enqueueAction,android.os.Handler,post
Aliasing,Merge1,FlowDroid,android.support.v4.app.FragmentManagerImpl,enqueueAction,android.os.Handler,removeCallbacks
Aliasing,Merge1,FlowDroid,android.support.v4.app.FragmentManagerImpl,enqueueAction,android.support.v4.app.FragmentManagerImpl,checkStateLoss
Aliasing,Merge1,FlowDroid,android.support.v4.app.FragmentManagerImpl,enqueueAction,java.util.ArrayList,<init>
Aliasing,Merge1,FlowDroid,android.support.v4.app.FragmentManagerImpl,enqueueAction,java.util.ArrayList,add
Aliasing,Merge1,FlowDroid,android.support.v4.app.FragmentManagerImpl,enqueueAction,java.util.ArrayList,size
Aliasing,Merge1,FlowDroid,android.support.v4.app.FragmentManagerImpl,moveToState,android.support.v4.app.FragmentManagerImpl,moveToState
Aliasing,Merge1,FlowDroid,android.support.v4.app.NavUtils,getParentActivityName,android.app.Activity,getComponentName
Aliasing,Merge1,FlowDroid,android.support.v4.app.NavUtils,getParentActivityName,android.content.Context,getPackageManager
Aliasing,Merge1,FlowDroid,android.support.v4.app.NavUtils,getParentActivityName,android.content.pm.PackageManager,getActivityInfo
Aliasing,Merge1,FlowDroid,android.support.v4.app.NavUtils$NavUtilsImplJB,getParentActivityName,android.support.v4.app.NavUtils$NavUtilsImplBase,getParentActivityName
Aliasing,Merge1,FlowDroid,android.support.v7.app.ActionBarActivity,onContentChanged,android.support.v7.app.ActionBarActivityDelegate,onContentChanged
Aliasing,Merge1,FlowDroid,android.support.v7.app.ActionBarActivity,onCreate,android.support.v7.app.ActionBarActivityDelegate,createDelegate
Aliasing,Merge1,FlowDroid,android.support.v7.app.ActionBarActivity,setContentView,android.support.v7.app.ActionBarActivityDelegate,setContentView
Aliasing,Merge1,FlowDroid,android.support.v7.app.ActionBarActivity,superSetContentView,android.app.Activity,setContentView
Aliasing,Merge1,FlowDroid,android.support.v7.app.ActionBarActivityDelegate,createDelegate,android.support.v7.app.ActionBarActivityDelegateJBMR2,<init>
Aliasing,Merge1,FlowDroid,android.support.v7.app.ActionBarActivityDelegate,getUiOptionsFromMetadata,android.app.Activity,getComponentName
Aliasing,Merge1,FlowDroid,android.support.v7.app.ActionBarActivityDelegate,getUiOptionsFromMetadata,android.content.ContextWrapper,getPackageManager
Aliasing,Merge1,FlowDroid,android.support.v7.app.ActionBarActivityDelegate,getUiOptionsFromMetadata,android.content.pm.PackageManager,getActivityInfo
Aliasing,Merge1,FlowDroid,android.support.v7.app.ActionBarActivityDelegate,onCreate,android.content.Context,obtainStyledAttributes
Aliasing,Merge1,FlowDroid,android.support.v7.app.ActionBarActivityDelegate,onCreate,android.content.res.TypedArray,getBoolean
Aliasing,Merge1,FlowDroid,android.support.v7.app.ActionBarActivityDelegate,onCreate,android.content.res.TypedArray,hasValue
Aliasing,Merge1,FlowDroid,android.support.v7.app.ActionBarActivityDelegate,onCreate,android.content.res.TypedArray,recycle
Aliasing,Merge1,FlowDroid,android.support.v7.app.ActionBarActivityDelegate,onCreate,android.support.v4.app.NavUtils,getParentActivityName
Aliasing,Merge1,FlowDroid,android.support.v7.app.ActionBarActivityDelegateICS,createWindowCallbackWrapper,android.support.v7.app.ActionBarActivityDelegateICS$WindowCallbackWrapper,<init>
Aliasing,Merge1,FlowDroid,android.support.v7.app.ActionBarActivityDelegateICS,onContentChanged,android.support.v7.app.ActionBarActivity,onSupportContentChanged
Aliasing,Merge1,FlowDroid,android.support.v7.app.ActionBarActivityDelegateICS,onCreate,android.app.Activity,getWindow
Aliasing,Merge1,FlowDroid,android.support.v7.app.ActionBarActivityDelegateICS,onCreate,android.app.Activity,requestWindowFeature
Aliasing,Merge1,FlowDroid,android.support.v7.app.ActionBarActivityDelegateICS,onCreate,android.support.v7.app.ActionBarActivityDelegate,getUiOptionsFromMetadata
Aliasing,Merge1,FlowDroid,android.support.v7.app.ActionBarActivityDelegateICS,onCreate,android.support.v7.app.ActionBarActivityDelegateICS,createWindowCallbackWrapper
Aliasing,Merge1,FlowDroid,android.support.v7.app.ActionBarActivityDelegateICS,onCreate,android.view.Window,getCallback
Aliasing,Merge1,FlowDroid,android.support.v7.app.ActionBarActivityDelegateICS,onCreate,android.view.Window,setCallback
Aliasing,Merge1,FlowDroid,android.support.v7.app.ActionBarActivityDelegateICS,onCreate,java.lang.String,equals
Aliasing,Merge1,FlowDroid,android.support.v7.app.ActionBarActivityDelegateICS,setContentView,android.support.v7.app.ActionBarActivity,superSetContentView
Aliasing,Merge1,FlowDroid,android.support.v7.app.ActionBarActivityDelegateICS$WindowCallbackWrapper,onWindowAttributesChanged,android.view.Window$Callback,onWindowAttributesChanged
Aliasing,Merge1,FlowDroid,de.ecspride.MainActivity,aliasFlowTest,android.telephony.SmsManager,sendTextMessage
Aliasing,Merge1,FlowDroid,de.ecspride.MainActivity,aliasFlowTest,android.telephony.TelephonyManager,getDeviceId
Aliasing,Merge1,FlowDroid,de.ecspride.MainActivity,onCreate,android.support.v4.app.FragmentManager,beginTransaction
Aliasing,Merge1,FlowDroid,de.ecspride.MainActivity,onCreate,android.support.v4.app.FragmentTransaction,add
Aliasing,Merge1,FlowDroid,de.ecspride.MainActivity,onCreate,android.support.v4.app.FragmentTransaction,commit
Aliasing,Merge1,GATOR,android.support.v4.app.FragmentActivity,onCreate,android.view.LayoutInflater,getFactory
Aliasing,Merge1,GATOR,android.support.v4.app.FragmentActivity,onCreate,android.view.LayoutInflater,setFactory
Aliasing,Merge1,GATOR,android.support.v4.app.NavUtils,getParentActivityName,android.content.pm.PackageManager,getActivityInfo
Aliasing,Merge1,GATOR,android.support.v7.app.ActionBarActivityDelegate,getUiOptionsFromMetadata,android.content.pm.PackageManager,getActivityInfo
Aliasing,Merge1,GATOR,android.support.v7.app.ActionBarActivityDelegateICS,onCreate,android.view.Window,getCallback
Aliasing,Merge1,GATOR,android.support.v7.app.ActionBarActivityDelegateICS,onCreate,android.view.Window,setCallback
Aliasing,Merge1,MAMADROID,android.support.v4.app.BackStackRecord,add,android.support.v4.app.BackStackRecord,doAddOp
Aliasing,Merge1,MAMADROID,android.support.v4.app.BackStackRecord,commit,android.support.v4.app.BackStackRecord,commitInternal
Aliasing,Merge1,MAMADROID,android.support.v4.app.BackStackRecord,commitInternal,android.support.v4.app.FragmentManagerImpl,enqueueAction
Aliasing,Merge1,MAMADROID,android.support.v4.app.BackStackRecord,doAddOp,android.support.v4.app.BackStackRecord,addOp
Aliasing,Merge1,MAMADROID,android.support.v4.app.BackStackRecord,doAddOp,android.support.v4.app.BackStackRecord$Op,<init>
Aliasing,Merge1,MAMADROID,android.support.v4.app.Fragment,<clinit>,android.support.v4.util.SimpleArrayMap,<init>
Aliasing,Merge1,MAMADROID,android.support.v4.app.FragmentActivity,onCreate,android.app.Activity,getLastNonConfigurationInstance
Aliasing,Merge1,MAMADROID,android.support.v4.app.FragmentActivity,onCreate,android.app.Activity,getLayoutInflater
Aliasing,Merge1,MAMADROID,android.support.v4.app.FragmentActivity,onCreate,android.support.v4.app.FragmentManagerImpl,attachActivity
Aliasing,Merge1,MAMADROID,android.support.v4.app.FragmentActivity,onCreate,android.support.v4.app.FragmentManagerImpl,dispatchCreate
Aliasing,Merge1,MAMADROID,android.support.v4.app.FragmentActivity,onCreate,android.view.LayoutInflater,getFactory
Aliasing,Merge1,MAMADROID,android.support.v4.app.FragmentActivity,onCreate,android.view.LayoutInflater,setFactory
Aliasing,Merge1,MAMADROID,android.support.v4.app.FragmentActivity,onCreateView,android.app.Activity,onCreateView
Aliasing,Merge1,MAMADROID,android.support.v4.app.FragmentActivity,onCreateView,java.lang.String,equals
Aliasing,Merge1,MAMADROID,android.support.v4.app.FragmentManagerImpl,beginTransaction,android.support.v4.app.BackStackRecord,<init>
Aliasing,Merge1,MAMADROID,android.support.v4.app.FragmentManagerImpl,dispatchCreate,android.support.v4.app.FragmentManagerImpl,moveToState
Aliasing,Merge1,MAMADROID,android.support.v4.app.FragmentManagerImpl,enqueueAction,android.os.Handler,post
Aliasing,Merge1,MAMADROID,android.support.v4.app.FragmentManagerImpl,enqueueAction,android.os.Handler,removeCallbacks
Aliasing,Merge1,MAMADROID,android.support.v4.app.FragmentManagerImpl,enqueueAction,android.support.v4.app.FragmentManagerImpl,checkStateLoss
Aliasing,Merge1,MAMADROID,android.support.v4.app.FragmentManagerImpl,enqueueAction,java.util.ArrayList,<init>
Aliasing,Merge1,MAMADROID,android.support.v4.app.FragmentManagerImpl,enqueueAction,java.util.ArrayList,add
Aliasing,Merge1,MAMADROID,android.support.v4.app.FragmentManagerImpl,enqueueAction,java.util.ArrayList,size
Aliasing,Merge1,MAMADROID,android.support.v4.app.FragmentManagerImpl,moveToState,android.support.v4.app.FragmentManagerImpl,moveToState
Aliasing,Merge1,MAMADROID,android.support.v4.app.NavUtils,getParentActivityName,android.app.Activity,getComponentName
Aliasing,Merge1,MAMADROID,android.support.v4.app.NavUtils,getParentActivityName,android.content.Context,getPackageManager
Aliasing,Merge1,MAMADROID,android.support.v4.app.NavUtils,getParentActivityName,android.content.pm.PackageManager,getActivityInfo
Aliasing,Merge1,MAMADROID,android.support.v4.app.NavUtils$NavUtilsImplJB,getParentActivityName,android.support.v4.app.NavUtils$NavUtilsImplBase,getParentActivityName
Aliasing,Merge1,MAMADROID,android.support.v7.app.ActionBarActivity,onContentChanged,android.support.v7.app.ActionBarActivityDelegate,onContentChanged
Aliasing,Merge1,MAMADROID,android.support.v7.app.ActionBarActivity,onCreate,android.support.v7.app.ActionBarActivityDelegate,createDelegate
Aliasing,Merge1,MAMADROID,android.support.v7.app.ActionBarActivity,setContentView,android.support.v7.app.ActionBarActivityDelegate,setContentView
Aliasing,Merge1,MAMADROID,android.support.v7.app.ActionBarActivity,superSetContentView,android.app.Activity,setContentView
Aliasing,Merge1,MAMADROID,android.support.v7.app.ActionBarActivityDelegate,createDelegate,android.support.v7.app.ActionBarActivityDelegateJBMR2,<init>
Aliasing,Merge1,MAMADROID,android.support.v7.app.ActionBarActivityDelegate,getUiOptionsFromMetadata,android.app.Activity,getComponentName
Aliasing,Merge1,MAMADROID,android.support.v7.app.ActionBarActivityDelegate,getUiOptionsFromMetadata,android.content.ContextWrapper,getPackageManager
Aliasing,Merge1,MAMADROID,android.support.v7.app.ActionBarActivityDelegate,getUiOptionsFromMetadata,android.content.pm.PackageManager,getActivityInfo
Aliasing,Merge1,MAMADROID,android.support.v7.app.ActionBarActivityDelegate,onCreate,android.content.Context,obtainStyledAttributes
Aliasing,Merge1,MAMADROID,android.support.v7.app.ActionBarActivityDelegate,onCreate,android.content.res.TypedArray,getBoolean
Aliasing,Merge1,MAMADROID,android.support.v7.app.ActionBarActivityDelegate,onCreate,android.content.res.TypedArray,hasValue
Aliasing,Merge1,MAMADROID,android.support.v7.app.ActionBarActivityDelegate,onCreate,android.content.res.TypedArray,recycle
Aliasing,Merge1,MAMADROID,android.support.v7.app.ActionBarActivityDelegate,onCreate,android.support.v4.app.NavUtils,getParentActivityName
Aliasing,Merge1,MAMADROID,android.support.v7.app.ActionBarActivityDelegateICS,createWindowCallbackWrapper,android.support.v7.app.ActionBarActivityDelegateICS$WindowCallbackWrapper,<init>
Aliasing,Merge1,MAMADROID,android.support.v7.app.ActionBarActivityDelegateICS,onContentChanged,android.support.v7.app.ActionBarActivity,onSupportContentChanged
Aliasing,Merge1,MAMADROID,android.support.v7.app.ActionBarActivityDelegateICS,onCreate,android.app.Activity,getWindow
Aliasing,Merge1,MAMADROID,android.support.v7.app.ActionBarActivityDelegateICS,onCreate,android.app.Activity,requestWindowFeature
Aliasing,Merge1,MAMADROID,android.support.v7.app.ActionBarActivityDelegateICS,onCreate,android.support.v7.app.ActionBarActivityDelegate,getUiOptionsFromMetadata
Aliasing,Merge1,MAMADROID,android.support.v7.app.ActionBarActivityDelegateICS,onCreate,android.support.v7.app.ActionBarActivityDelegateICS,createWindowCallbackWrapper
Aliasing,Merge1,MAMADROID,android.support.v7.app.ActionBarActivityDelegateICS,onCreate,android.view.Window,getCallback
Aliasing,Merge1,MAMADROID,android.support.v7.app.ActionBarActivityDelegateICS,onCreate,android.view.Window,setCallback
Aliasing,Merge1,MAMADROID,android.support.v7.app.ActionBarActivityDelegateICS,onCreate,java.lang.String,equals
Aliasing,Merge1,MAMADROID,android.support.v7.app.ActionBarActivityDelegateICS,setContentView,android.support.v7.app.ActionBarActivity,superSetContentView
Aliasing,Merge1,MAMADROID,android.support.v7.app.ActionBarActivityDelegateICS$WindowCallbackWrapper,onWindowAttributesChanged,android.view.Window$Callback,onWindowAttributesChanged
Aliasing,Merge1,MAMADROID,de.ecspride.MainActivity,aliasFlowTest,android.telephony.SmsManager,sendTextMessage
Aliasing,Merge1,MAMADROID,de.ecspride.MainActivity,aliasFlowTest,android.telephony.TelephonyManager,getDeviceId
Aliasing,Merge1,MAMADROID,de.ecspride.MainActivity,onCreate,android.support.v4.app.FragmentManager,beginTransaction
Aliasing,Merge1,MAMADROID,de.ecspride.MainActivity,onCreate,android.support.v4.app.FragmentTransaction,add
Aliasing,Merge1,MAMADROID,de.ecspride.MainActivity,onCreate,android.support.v4.app.FragmentTransaction,commit
Aliasing,Merge1,NATIDROID,android.support.v4.app.FragmentActivity,onCreate,android.view.LayoutInflater,getFactory
Aliasing,Merge1,NATIDROID,android.support.v4.app.FragmentActivity,onCreate,android.view.LayoutInflater,setFactory
Aliasing,Merge1,NATIDROID,android.support.v4.app.NavUtils,getParentActivityName,android.content.pm.PackageManager,getActivityInfo
Aliasing,Merge1,NATIDROID,android.support.v7.app.ActionBarActivityDelegate,getUiOptionsFromMetadata,android.content.pm.PackageManager,getActivityInfo
Aliasing,Merge1,NATIDROID,android.support.v7.app.ActionBarActivityDelegateICS,onCreate,android.view.Window,getCallback
Aliasing,Merge1,NATIDROID,android.support.v7.app.ActionBarActivityDelegateICS,onCreate,android.view.Window,setCallback
AndroidSpecific,ApplicationModeling1,FlowDroid,edu.mit.application_modeling.MainActivity,onCreate,android.telephony.TelephonyManager,getDeviceId
AndroidSpecific,ApplicationModeling1,MAMADROID,edu.mit.application_modeling.MainActivity,onCreate,android.telephony.TelephonyManager,getDeviceId
AndroidSpecific,DirectLeak1,FlowDroid,de.ecspride.MainActivity,onCreate,android.telephony.SmsManager,sendTextMessage
AndroidSpecific,DirectLeak1,FlowDroid,de.ecspride.MainActivity,onCreate,android.telephony.TelephonyManager,getDeviceId
AndroidSpecific,DirectLeak1,MAMADROID,de.ecspride.MainActivity,onCreate,android.telephony.SmsManager,sendTextMessage
AndroidSpecific,DirectLeak1,MAMADROID,de.ecspride.MainActivity,onCreate,android.telephony.TelephonyManager,getDeviceId
AndroidSpecific,Library2,FlowDroid,de.ecspride.LibClass,getIMEI,android.telephony.TelephonyManager,getDeviceId
AndroidSpecific,Library2,FlowDroid,de.ecspride.MainActivity,onCreate,android.telephony.SmsManager,sendTextMessage
AndroidSpecific,Library2,MAMADROID,de.ecspride.LibClass,getIMEI,android.telephony.TelephonyManager,getDeviceId
AndroidSpecific,Library2,MAMADROID,de.ecspride.MainActivity,onCreate,android.telephony.SmsManager,sendTextMessage
AndroidSpecific,Obfuscation1,FlowDroid,de.ecspride.MainActivity,onCreate,android.telephony.SmsManager,sendTextMessage
AndroidSpecific,Obfuscation1,FlowDroid,de.ecspride.MainActivity,onCreate,android.telephony.TelephonyManager,getDeviceId
AndroidSpecific,Obfuscation1,MAMADROID,de.ecspride.MainActivity,onCreate,android.telephony.SmsManager,sendTextMessage
AndroidSpecific,Obfuscation1,MAMADROID,de.ecspride.MainActivity,onCreate,android.telephony.TelephonyManager,getDeviceId
AndroidSpecific,Parcel1,FlowDroid,edu.mit.parcel.MainActivity,onCreate,android.telephony.TelephonyManager,getDeviceId
AndroidSpecific,Parcel1,FlowDroid,edu.mit.parcel.MainActivity,writeParcel,android.os.Parcel,marshall
AndroidSpecific,Parcel1,FlowDroid,edu.mit.parcel.MainActivity,writeParcel,android.os.Parcel,readValue
AndroidSpecific,Parcel1,FlowDroid,edu.mit.parcel.MainActivity,writeParcel,android.os.Parcel,recycle
AndroidSpecific,Parcel1,FlowDroid,edu.mit.parcel.MainActivity,writeParcel,android.os.Parcel,setDataPosition
AndroidSpecific,Parcel1,FlowDroid,edu.mit.parcel.MainActivity,writeParcel,android.os.Parcel,unmarshall
AndroidSpecific,Parcel1,FlowDroid,edu.mit.parcel.MainActivity,writeParcel,android.os.Parcel,writeValue
AndroidSpecific,Parcel1,FlowDroid,edu.mit.parcel.MainActivity,writeParcel,android.telephony.SmsManager,sendTextMessage
AndroidSpecific,Parcel1,FlowDroid,edu.mit.parcel.MainActivity$Foo,writeToParcel,android.os.Parcel,writeValue
AndroidSpecific,Parcel1,FlowDroid,edu.mit.parcel.MainActivity$Foo$1,createFromParcel,android.os.Parcel,readValue
AndroidSpecific,Parcel1,FlowDroid,edu.mit.parcel.MainActivity$Foo$1,createFromParcel,edu.mit.parcel.MainActivity$Foo,<init>
AndroidSpecific,Parcel1,FlowDroid,edu.mit.parcel.MainActivity$Foo$1,createFromParcel,edu.mit.parcel.MainActivity$Foo$1,createFromParcel
AndroidSpecific,Parcel1,FlowDroid,edu.mit.parcel.MainActivity$Foo$1,createFromParcel,java.lang.Class,getClassLoader
AndroidSpecific,Parcel1,MAMADROID,edu.mit.parcel.MainActivity,onCreate,android.telephony.TelephonyManager,getDeviceId
AndroidSpecific,Parcel1,MAMADROID,edu.mit.parcel.MainActivity,writeParcel,android.os.Parcel,marshall
AndroidSpecific,Parcel1,MAMADROID,edu.mit.parcel.MainActivity,writeParcel,android.os.Parcel,readValue
AndroidSpecific,Parcel1,MAMADROID,edu.mit.parcel.MainActivity,writeParcel,android.os.Parcel,recycle
AndroidSpecific,Parcel1,MAMADROID,edu.mit.parcel.MainActivity,writeParcel,android.os.Parcel,setDataPosition
AndroidSpecific,Parcel1,MAMADROID,edu.mit.parcel.MainActivity,writeParcel,android.os.Parcel,unmarshall
AndroidSpecific,Parcel1,MAMADROID,edu.mit.parcel.MainActivity,writeParcel,android.os.Parcel,writeValue
AndroidSpecific,Parcel1,MAMADROID,edu.mit.parcel.MainActivity,writeParcel,android.telephony.SmsManager,sendTextMessage
AndroidSpecific,Parcel1,MAMADROID,edu.mit.parcel.MainActivity$Foo,writeToParcel,android.os.Parcel,writeValue
AndroidSpecific,Parcel1,MAMADROID,edu.mit.parcel.MainActivity$Foo$1,createFromParcel,android.os.Parcel,readValue
AndroidSpecific,Parcel1,MAMADROID,edu.mit.parcel.MainActivity$Foo$1,createFromParcel,edu.mit.parcel.MainActivity$Foo,<init>
AndroidSpecific,Parcel1,MAMADROID,edu.mit.parcel.MainActivity$Foo$1,createFromParcel,edu.mit.parcel.MainActivity$Foo$1,createFromParcel
AndroidSpecific,Parcel1,MAMADROID,edu.mit.parcel.MainActivity$Foo$1,createFromParcel,java.lang.Class,getClassLoader
AndroidSpecific,PrivateDataLeak1,FlowDroid,de.ecspride.PrivateDateLeakage,onRestart,android.view.View,toString
AndroidSpecific,PrivateDataLeak1,FlowDroid,de.ecspride.PrivateDateLeakage,onRestart,android.widget.EditText,getText
AndroidSpecific,PrivateDataLeak1,FlowDroid,de.ecspride.PrivateDateLeakage,sendMessage,android.telephony.SmsManager,sendTextMessage
AndroidSpecific,PrivateDataLeak1,FlowDroid,de.ecspride.PrivateDateLeakage,sendMessage,java.lang.String,toCharArray
AndroidSpecific,PrivateDataLeak1,MAMADROID,de.ecspride.PrivateDateLeakage,onRestart,android.view.View,toString
AndroidSpecific,PrivateDataLeak1,MAMADROID,de.ecspride.PrivateDateLeakage,onRestart,android.widget.EditText,getText
AndroidSpecific,PrivateDataLeak1,MAMADROID,de.ecspride.PrivateDateLeakage,sendMessage,android.telephony.SmsManager,sendTextMessage
AndroidSpecific,PrivateDataLeak1,MAMADROID,de.ecspride.PrivateDateLeakage,sendMessage,java.lang.String,toCharArray
AndroidSpecific,PrivateDataLeak2,FlowDroid,de.ecspride.PrivateDataLeak2,onCreate,android.widget.EditText,getText
AndroidSpecific,PrivateDataLeak2,FlowDroid,de.ecspride.PrivateDataLeak2,onCreate,java.lang.Object,toString
AndroidSpecific,PrivateDataLeak2,GATOR,de.ecspride.PrivateDataLeak2,onCreate,java.lang.Object,toString
AndroidSpecific,PrivateDataLeak2,MAMADROID,de.ecspride.PrivateDataLeak2,onCreate,android.widget.EditText,getText
AndroidSpecific,PrivateDataLeak2,MAMADROID,de.ecspride.PrivateDataLeak2,onCreate,java.lang.Object,toString
AndroidSpecific,PrivateDataLeak2,NATIDROID,de.ecspride.PrivateDataLeak2,onCreate,java.lang.Object,toString
AndroidSpecific,PrivateDataLeak3,FlowDroid,de.ecspride.MainActivity,onCreate,android.telephony.TelephonyManager,getDeviceId
AndroidSpecific,PrivateDataLeak3,FlowDroid,de.ecspride.MainActivity,onCreate,java.lang.String,getBytes
AndroidSpecific,PrivateDataLeak3,FlowDroid,de.ecspride.MainActivity,onCreateOptionsMenu,android.view.MenuInflater,inflate
AndroidSpecific,PrivateDataLeak3,FlowDroid,de.ecspride.MainActivity,onResume,android.telephony.SmsManager,sendTextMessage
AndroidSpecific,PrivateDataLeak3,FlowDroid,de.ecspride.MainActivity,onResume,java.io.FileInputStream,close
AndroidSpecific,PrivateDataLeak3,FlowDroid,de.ecspride.MainActivity,onResume,java.io.FileInputStream,read
AndroidSpecific,PrivateDataLeak3,MAMADROID,de.ecspride.MainActivity,onCreate,android.telephony.TelephonyManager,getDeviceId
AndroidSpecific,PrivateDataLeak3,MAMADROID,de.ecspride.MainActivity,onCreate,java.lang.String,getBytes
AndroidSpecific,PrivateDataLeak3,MAMADROID,de.ecspride.MainActivity,onCreateOptionsMenu,android.view.MenuInflater,inflate
AndroidSpecific,PrivateDataLeak3,MAMADROID,de.ecspride.MainActivity,onResume,android.telephony.SmsManager,sendTextMessage
AndroidSpecific,PrivateDataLeak3,MAMADROID,de.ecspride.MainActivity,onResume,java.io.FileInputStream,close
AndroidSpecific,PrivateDataLeak3,MAMADROID,de.ecspride.MainActivity,onResume,java.io.FileInputStream,read
AndroidSpecific,PublicAPIField1,FlowDroid,edu.mit.public_api_field.MainActivity,onCreate,android.telephony.TelephonyManager,getDeviceId
AndroidSpecific,PublicAPIField1,FlowDroid,edu.mit.public_api_field.MainActivity,onCreate,java.lang.String,substring
AndroidSpecific,PublicAPIField1,MAMADROID,edu.mit.public_api_field.MainActivity,onCreate,android.telephony.TelephonyManager,getDeviceId
AndroidSpecific,PublicAPIField1,MAMADROID,edu.mit.public_api_field.MainActivity,onCreate,java.lang.String,substring
AndroidSpecific,PublicAPIField2,FlowDroid,edu.mit.icc_intent_class_modeling.MainActivity,onCreate,android.telephony.TelephonyManager,getDeviceId
AndroidSpecific,PublicAPIField2,MAMADROID,edu.mit.icc_intent_class_modeling.MainActivity,onCreate,android.telephony.TelephonyManager,getDeviceId
ArraysAndLists,ArrayAccess1,FlowDroid,de.ecspride.ArrayAccess1,onCreate,android.telephony.SmsManager,sendTextMessage
ArraysAndLists,ArrayAccess1,FlowDroid,de.ecspride.ArrayAccess1,onCreate,android.telephony.TelephonyManager,getDeviceId
ArraysAndLists,ArrayAccess1,MAMADROID,de.ecspride.ArrayAccess1,onCreate,android.telephony.SmsManager,sendTextMessage
ArraysAndLists,ArrayAccess1,MAMADROID,de.ecspride.ArrayAccess1,onCreate,android.telephony.TelephonyManager,getDeviceId
ArraysAndLists,ArrayAccess2,FlowDroid,de.ecspride.ArrayAccess2,onCreate,android.telephony.SmsManager,sendTextMessage
ArraysAndLists,ArrayAccess2,FlowDroid,de.ecspride.ArrayAccess2,onCreate,android.telephony.TelephonyManager,getDeviceId
ArraysAndLists,ArrayAccess2,FlowDroid,de.ecspride.ArrayAccess2,onCreate,de.ecspride.ArrayAccess2,calculateIndex
ArraysAndLists,ArrayAccess2,MAMADROID,de.ecspride.ArrayAccess2,onCreate,android.telephony.SmsManager,sendTextMessage
ArraysAndLists,ArrayAccess2,MAMADROID,de.ecspride.ArrayAccess2,onCreate,android.telephony.TelephonyManager,getDeviceId
ArraysAndLists,ArrayAccess2,MAMADROID,de.ecspride.ArrayAccess2,onCreate,de.ecspride.ArrayAccess2,calculateIndex
ArraysAndLists,ArrayCopy1,FlowDroid,edu.mit.array_copy.MainActivity,onCreate,android.telephony.TelephonyManager,getDeviceId
ArraysAndLists,ArrayCopy1,MAMADROID,edu.mit.array_copy.MainActivity,onCreate,android.telephony.TelephonyManager,getDeviceId
ArraysAndLists,ArrayToString1,FlowDroid,edu.mit.to_string.MainActivity,onCreate,android.telephony.TelephonyManager,getDeviceId
ArraysAndLists,ArrayToString1,MAMADROID,edu.mit.to_string.MainActivity,onCreate,android.telephony.TelephonyManager,getDeviceId
ArraysAndLists,HashMapAccess1,FlowDroid,de.ecspride.HashMapAccess1,onCreate,android.telephony.SmsManager,sendTextMessage
ArraysAndLists,HashMapAccess1,FlowDroid,de.ecspride.HashMapAccess1,onCreate,android.telephony.TelephonyManager,getDeviceId
ArraysAndLists,HashMapAccess1,MAMADROID,de.ecspride.HashMapAccess1,onCreate,android.telephony.SmsManager,sendTextMessage
ArraysAndLists,HashMapAccess1,MAMADROID,de.ecspride.HashMapAccess1,onCreate,android.telephony.TelephonyManager,getDeviceId
ArraysAndLists,ListAccess1,FlowDroid,de.ecspride.ListAccess1,onCreate,android.telephony.SmsManager,sendTextMessage
ArraysAndLists,ListAccess1,FlowDroid,de.ecspride.ListAccess1,onCreate,android.telephony.TelephonyManager,getDeviceId
ArraysAndLists,ListAccess1,MAMADROID,de.ecspride.ListAccess1,onCreate,android.telephony.SmsManager,sendTextMessage
ArraysAndLists,ListAccess1,MAMADROID,de.ecspride.ListAccess1,onCreate,android.telephony.TelephonyManager,getDeviceId
ArraysAndLists,MultidimensionalArray1,FlowDroid,edu.mit.array_slice.MainActivity,onCreate,android.telephony.TelephonyManager,getDeviceId
ArraysAndLists,MultidimensionalArray1,MAMADROID,edu.mit.array_slice.MainActivity,onCreate,android.telephony.TelephonyManager,getDeviceId
Callbacks,AnonymousClass1,FlowDroid,de.ecspride.AnnonymousClass1,onCreate,android.location.LocationManager,requestLocationUpdates
Callbacks,AnonymousClass1,FlowDroid,de.ecspride.AnnonymousClass1$1,onLocationChanged,android.location.Location,getLatitude
Callbacks,AnonymousClass1,FlowDroid,de.ecspride.AnnonymousClass1$1,onLocationChanged,android.location.Location,getLongitude
Callbacks,AnonymousClass1,FlowDroid,de.ecspride.AnnonymousClass1$1,onLocationChanged,android.widget.Toast,show
Callbacks,AnonymousClass1,MAMADROID,de.ecspride.AnnonymousClass1,onCreate,android.location.LocationManager,requestLocationUpdates
Callbacks,AnonymousClass1,MAMADROID,de.ecspride.AnnonymousClass1$1,onLocationChanged,android.location.Location,getLatitude
Callbacks,AnonymousClass1,MAMADROID,de.ecspride.AnnonymousClass1$1,onLocationChanged,android.location.Location,getLongitude
Callbacks,AnonymousClass1,MAMADROID,de.ecspride.AnnonymousClass1$1,onLocationChanged,android.widget.Toast,show
Callbacks,Button1,FlowDroid,de.ecspride.Button1,onCreate,android.telephony.TelephonyManager,getDeviceId
Callbacks,Button1,FlowDroid,de.ecspride.Button1,sendMessage,android.telephony.SmsManager,sendTextMessage
Callbacks,Button1,FlowDroid,de.ecspride.Button1,sendMessage,android.widget.Toast,show
Callbacks,Button1,MAMADROID,de.ecspride.Button1,onCreate,android.telephony.TelephonyManager,getDeviceId
Callbacks,Button1,MAMADROID,de.ecspride.Button1,sendMessage,android.telephony.SmsManager,sendTextMessage
Callbacks,Button1,MAMADROID,de.ecspride.Button1,sendMessage,android.widget.Toast,show
Callbacks,Button2,FlowDroid,de.ecspride.Button2,clickOnButton3,android.telephony.TelephonyManager,getDeviceId
Callbacks,Button2,FlowDroid,de.ecspride.Button2,onCreate,android.view.View,setOnClickListener
Callbacks,Button2,FlowDroid,de.ecspride.Button2$1,onClick,android.telephony.SmsManager,sendTextMessage
Callbacks,Button2,MAMADROID,de.ecspride.Button2,clickOnButton3,android.telephony.TelephonyManager,getDeviceId
Callbacks,Button2,MAMADROID,de.ecspride.Button2,onCreate,android.view.View,setOnClickListener
Callbacks,Button2,MAMADROID,de.ecspride.Button2$1,onClick,android.telephony.SmsManager,sendTextMessage
Callbacks,Button3,FlowDroid,de.ecspride.Button1Listener,onClick,android.telephony.TelephonyManager,getDeviceId
Callbacks,Button3,FlowDroid,de.ecspride.Button1Listener,onClick,android.view.View,setOnClickListener
Callbacks,Button3,FlowDroid,de.ecspride.Button2Listener,onClick,android.telephony.SmsManager,sendTextMessage
Callbacks,Button3,FlowDroid,de.ecspride.MainActivity,onCreate,android.view.View,setOnClickListener
Callbacks,Button3,FlowDroid,de.ecspride.MainActivity,onCreateOptionsMenu,android.view.MenuInflater,inflate
Callbacks,Button3,MAMADROID,de.ecspride.Button1Listener,onClick,android.telephony.TelephonyManager,getDeviceId
Callbacks,Button3,MAMADROID,de.ecspride.Button1Listener,onClick,android.view.View,setOnClickListener
Callbacks,Button3,MAMADROID,de.ecspride.Button2Listener,onClick,android.telephony.SmsManager,sendTextMessage
Callbacks,Button3,MAMADROID,de.ecspride.MainActivity,onCreate,android.view.View,setOnClickListener
Callbacks,Button3,MAMADROID,de.ecspride.MainActivity,onCreateOptionsMenu,android.view.MenuInflater,inflate
Callbacks,Button4,FlowDroid,de.ecspride.Button4,onCreate,android.telephony.TelephonyManager,getDeviceId
Callbacks,Button4,FlowDroid,de.ecspride.Button4,sendMessage,android.telephony.SmsManager,sendTextMessage
Callbacks,Button4,FlowDroid,de.ecspride.Button4,sendMessage,android.widget.Toast,show
Callbacks,Button4,MAMADROID,de.ecspride.Button4,onCreate,android.telephony.TelephonyManager,getDeviceId
Callbacks,Button4,MAMADROID,de.ecspride.Button4,sendMessage,android.telephony.SmsManager,sendTextMessage
Callbacks,Button4,MAMADROID,de.ecspride.Button4,sendMessage,android.widget.Toast,show
Callbacks,Button5,FlowDroid,edu.mit.button_object_allocation.Button1,onCreate,android.telephony.TelephonyManager,getDeviceId
Callbacks,Button5,FlowDroid,edu.mit.button_object_allocation.Button1,sendMessage,android.widget.TextView,getHint
Callbacks,Button5,FlowDroid,edu.mit.button_object_allocation.Button1,sendMessage,java.lang.CharSequence,toString
Callbacks,Button5,MAMADROID,edu.mit.button_object_allocation.Button1,onCreate,android.telephony.TelephonyManager,getDeviceId
Callbacks,Button5,MAMADROID,edu.mit.button_object_allocation.Button1,sendMessage,android.widget.TextView,getHint
Callbacks,Button5,MAMADROID,edu.mit.button_object_allocation.Button1,sendMessage,java.lang.CharSequence,toString
Callbacks,LocationLeak1,FlowDroid,de.ecspride.LocationLeak1,onCreate,android.location.LocationManager,requestLocationUpdates
Callbacks,LocationLeak1,FlowDroid,de.ecspride.LocationLeak1,onResume,android.widget.Toast,show
Callbacks,LocationLeak1,FlowDroid,de.ecspride.LocationLeak1$MyLocationListener,onLocationChanged,android.location.Location,getLatitude
Callbacks,LocationLeak1,FlowDroid,de.ecspride.LocationLeak1$MyLocationListener,onLocationChanged,android.location.Location,getLongitude
Callbacks,LocationLeak1,MAMADROID,de.ecspride.LocationLeak1,onCreate,android.location.LocationManager,requestLocationUpdates
Callbacks,LocationLeak1,MAMADROID,de.ecspride.LocationLeak1,onResume,android.widget.Toast,show
Callbacks,LocationLeak1,MAMADROID,de.ecspride.LocationLeak1$MyLocationListener,onLocationChanged,android.location.Location,getLatitude
Callbacks,LocationLeak1,MAMADROID,de.ecspride.LocationLeak1$MyLocationListener,onLocationChanged,android.location.Location,getLongitude
Callbacks,LocationLeak2,FlowDroid,de.ecspride.LocationLeak2,onCreate,android.location.LocationManager,requestLocationUpdates
Callbacks,LocationLeak2,FlowDroid,de.ecspride.LocationLeak2,onLocationChanged,android.location.Location,getLatitude
Callbacks,LocationLeak2,FlowDroid,de.ecspride.LocationLeak2,onLocationChanged,android.location.Location,getLongitude
Callbacks,LocationLeak2,FlowDroid,de.ecspride.LocationLeak2,onResume,android.widget.Toast,show
Callbacks,LocationLeak2,MAMADROID,de.ecspride.LocationLeak2,onCreate,android.location.LocationManager,requestLocationUpdates
Callbacks,LocationLeak2,MAMADROID,de.ecspride.LocationLeak2,onLocationChanged,android.location.Location,getLatitude
Callbacks,LocationLeak2,MAMADROID,de.ecspride.LocationLeak2,onLocationChanged,android.location.Location,getLongitude
Callbacks,LocationLeak2,MAMADROID,de.ecspride.LocationLeak2,onResume,android.widget.Toast,show
Callbacks,LocationLeak3,FlowDroid,de.ecspride.LocationLeak3,onCreate,android.location.LocationManager,requestLocationUpdates
Callbacks,LocationLeak3,FlowDroid,de.ecspride.MyLocationListener,onLocationChanged,android.location.Location,getLatitude
Callbacks,LocationLeak3,FlowDroid,de.ecspride.MyLocationListener,onLocationChanged,android.location.Location,getLongitude
Callbacks,LocationLeak3,MAMADROID,de.ecspride.LocationLeak3,onCreate,android.location.LocationManager,requestLocationUpdates
Callbacks,LocationLeak3,MAMADROID,de.ecspride.MyLocationListener,onLocationChanged,android.location.Location,getLatitude
Callbacks,LocationLeak3,MAMADROID,de.ecspride.MyLocationListener,onLocationChanged,android.location.Location,getLongitude
Callbacks,MethodOverride1,FlowDroid,de.ecspride.MethodOverride1,attachBaseContext,android.telephony.TelephonyManager,getDeviceId
Callbacks,MethodOverride1,MAMADROID,de.ecspride.MethodOverride1,attachBaseContext,android.telephony.TelephonyManager,getDeviceId
Callbacks,MultiHandlers1,FlowDroid,de.ecspride.MultiHandlers1,onCreate,android.location.LocationManager,requestLocationUpdates
Callbacks,MultiHandlers1,MAMADROID,de.ecspride.MultiHandlers1,onCreate,android.location.LocationManager,requestLocationUpdates
Callbacks,Ordering1,FlowDroid,de.ecspride.MainActivity,onCreateOptionsMenu,android.view.MenuInflater,inflate
Callbacks,Ordering1,FlowDroid,de.ecspride.MainActivity,onDestroy,android.location.LocationManager,requestLocationUpdates
Callbacks,Ordering1,MAMADROID,de.ecspride.MainActivity,onCreateOptionsMenu,android.view.MenuInflater,inflate
Callbacks,Ordering1,MAMADROID,de.ecspride.MainActivity,onDestroy,android.location.LocationManager,requestLocationUpdates
Callbacks,RegisterGlobal1,FlowDroid,de.ecspride.MainActivity,onCreateOptionsMenu,android.view.MenuInflater,inflate
Callbacks,RegisterGlobal1,FlowDroid,de.ecspride.MyApplication$ApplicationCallbacks,onActivityPaused,android.telephony.SmsManager,sendTextMessage
Callbacks,RegisterGlobal1,FlowDroid,de.ecspride.MyApplication$ApplicationCallbacks,onActivityStarted,android.telephony.TelephonyManager,getDeviceId
Callbacks,RegisterGlobal1,MAMADROID,de.ecspride.MainActivity,onCreateOptionsMenu,android.view.MenuInflater,inflate
Callbacks,RegisterGlobal1,MAMADROID,de.ecspride.MyApplication$ApplicationCallbacks,onActivityPaused,android.telephony.SmsManager,sendTextMessage
Callbacks,RegisterGlobal1,MAMADROID,de.ecspride.MyApplication$ApplicationCallbacks,onActivityStarted,android.telephony.TelephonyManager,getDeviceId
Callbacks,RegisterGlobal2,FlowDroid,de.ecspride.MyApplication$1,onConfigurationChanged,android.telephony.SmsManager,sendTextMessage
Callbacks,RegisterGlobal2,MAMADROID,de.ecspride.MyApplication,onCreate,android.app.Application,onCreate
Callbacks,RegisterGlobal2,MAMADROID,de.ecspride.MyApplication,onCreate,android.app.Application,registerComponentCallbacks
Callbacks,RegisterGlobal2,MAMADROID,de.ecspride.MyApplication$1,<init>,java.lang.Object,<init>
Callbacks,RegisterGlobal2,MAMADROID,de.ecspride.MyApplication$1,onConfigurationChanged,android.telephony.SmsManager,getDefault
Callbacks,RegisterGlobal2,MAMADROID,de.ecspride.MyApplication$1,onConfigurationChanged,android.telephony.SmsManager,sendTextMessage
Callbacks,Unregister1,FlowDroid,de.ecspride.MainActivity,onCreate,android.view.View,setOnClickListener
Callbacks,Unregister1,FlowDroid,de.ecspride.MainActivity,onCreateOptionsMenu,android.view.MenuInflater,inflate
Callbacks,Unregister1,MAMADROID,de.ecspride.MainActivity,onCreate,android.view.View,setOnClickListener
Callbacks,Unregister1,MAMADROID,de.ecspride.MainActivity,onCreateOptionsMenu,android.view.MenuInflater,inflate
EmulatorDetection,ContentProvider1,FlowDroid,de.ecspride.MyContentProvider,onCreate,android.telephony.TelephonyManager,getDeviceId
EmulatorDetection,ContentProvider1,FlowDroid,de.ecspride.MyContentProvider,onCreate,java.lang.String,contains
EmulatorDetection,ContentProvider1,MAMADROID,de.ecspride.MyContentProvider,onCreate,android.telephony.TelephonyManager,getDeviceId
EmulatorDetection,ContentProvider1,MAMADROID,de.ecspride.MyContentProvider,onCreate,java.lang.String,contains
EmulatorDetection,IMEI1,FlowDroid,de.ecspride.MainActivity,onCreate,android.telephony.TelephonyManager,getDeviceId
EmulatorDetection,IMEI1,MAMADROID,de.ecspride.MainActivity,onCreate,android.telephony.TelephonyManager,getDeviceId
EmulatorDetection,IMEI1,MAMADROID,de.ecspride.MainActivity,onCreate,java.lang.StringBuilder,toString
EmulatorDetection,PlayStore1,FlowDroid,android.support.v4.app.BackStackRecord,add,android.support.v4.app.BackStackRecord,doAddOp
EmulatorDetection,PlayStore1,FlowDroid,android.support.v4.app.BackStackRecord,commit,android.support.v4.app.BackStackRecord,commitInternal
EmulatorDetection,PlayStore1,FlowDroid,android.support.v4.app.BackStackRecord,commitInternal,android.support.v4.app.FragmentManagerImpl,enqueueAction
EmulatorDetection,PlayStore1,FlowDroid,android.support.v4.app.BackStackRecord,doAddOp,android.support.v4.app.BackStackRecord,addOp
EmulatorDetection,PlayStore1,FlowDroid,android.support.v4.app.BackStackRecord,doAddOp,android.support.v4.app.BackStackRecord$Op,<init>
EmulatorDetection,PlayStore1,FlowDroid,android.support.v4.app.BackStackRecord,run,android.support.v4.app.BackStackRecord,bumpBackStackNesting
EmulatorDetection,PlayStore1,FlowDroid,android.support.v4.app.BackStackRecord,run,android.support.v4.app.FragmentManagerImpl,addFragment
EmulatorDetection,PlayStore1,FlowDroid,android.support.v4.app.BackStackRecord,run,android.support.v4.app.FragmentManagerImpl,moveToState
EmulatorDetection,PlayStore1,FlowDroid,android.support.v4.app.Fragment,<clinit>,android.support.v4.util.SimpleArrayMap,<init>
EmulatorDetection,PlayStore1,FlowDroid,android.support.v4.app.Fragment,getLayoutInflater,android.app.Activity,getLayoutInflater
EmulatorDetection,PlayStore1,FlowDroid,android.support.v4.app.Fragment,onStart,android.support.v4.app.FragmentActivity,getLoaderManager
EmulatorDetection,PlayStore1,FlowDroid,android.support.v4.app.Fragment,performActivityCreated,android.support.v4.app.Fragment,onActivityCreated
EmulatorDetection,PlayStore1,FlowDroid,android.support.v4.app.Fragment,performCreate,android.support.v4.app.Fragment,onCreate
EmulatorDetection,PlayStore1,FlowDroid,android.support.v4.app.Fragment,performCreateView,android.support.v4.app.Fragment,onCreateView
EmulatorDetection,PlayStore1,FlowDroid,android.support.v4.app.Fragment,performDestroy,android.support.v4.app.Fragment,onDestroy
EmulatorDetection,PlayStore1,FlowDroid,android.support.v4.app.Fragment,performDestroyView,android.support.v4.app.Fragment,onDestroyView
EmulatorDetection,PlayStore1,FlowDroid,android.support.v4.app.Fragment,performPause,android.support.v4.app.Fragment,onPause
EmulatorDetection,PlayStore1,FlowDroid,android.support.v4.app.Fragment,performResume,android.support.v4.app.Fragment,onResume
EmulatorDetection,PlayStore1,FlowDroid,android.support.v4.app.Fragment,performSaveInstanceState,android.support.v4.app.Fragment,onSaveInstanceState
EmulatorDetection,PlayStore1,FlowDroid,android.support.v4.app.Fragment,performStart,android.support.v4.app.Fragment,onStart
EmulatorDetection,PlayStore1,FlowDroid,android.support.v4.app.Fragment,performStop,android.support.v4.app.Fragment,onStop
EmulatorDetection,PlayStore1,FlowDroid,android.support.v4.app.Fragment,restoreViewState,android.support.v4.app.Fragment,onViewStateRestored
EmulatorDetection,PlayStore1,FlowDroid,android.support.v4.app.Fragment,setIndex,java.lang.StringBuilder,<init>
EmulatorDetection,PlayStore1,FlowDroid,android.support.v4.app.Fragment,setIndex,java.lang.StringBuilder,append
EmulatorDetection,PlayStore1,FlowDroid,android.support.v4.app.Fragment,setIndex,java.lang.StringBuilder,toString
EmulatorDetection,PlayStore1,FlowDroid,android.support.v4.app.FragmentActivity,doReallyStop,android.os.Handler,removeMessages
EmulatorDetection,PlayStore1,FlowDroid,android.support.v4.app.FragmentActivity,doReallyStop,android.support.v4.app.FragmentActivity,onReallyStop
EmulatorDetection,PlayStore1,FlowDroid,android.support.v4.app.FragmentActivity,getLoaderManager,android.support.v4.util.SimpleArrayMap,<init>
EmulatorDetection,PlayStore1,FlowDroid,android.support.v4.app.FragmentActivity,getLoaderManager,android.support.v4.util.SimpleArrayMap,get
EmulatorDetection,PlayStore1,FlowDroid,android.support.v4.app.FragmentActivity,invalidateSupportFragment,android.support.v4.util.SimpleArrayMap,get
EmulatorDetection,PlayStore1,FlowDroid,android.support.v4.app.FragmentActivity,onBackPressed,android.app.Activity,finish
EmulatorDetection,PlayStore1,FlowDroid,android.support.v4.app.FragmentActivity,onBackPressed,android.support.v4.app.FragmentManagerImpl,popBackStackImmediate
EmulatorDetection,PlayStore1,FlowDroid,android.support.v4.app.FragmentActivity,onCreate,android.app.Activity,getLastNonConfigurationInstance
EmulatorDetection,PlayStore1,FlowDroid,android.support.v4.app.FragmentActivity,onCreate,android.app.Activity,getLayoutInflater
EmulatorDetection,PlayStore1,FlowDroid,android.support.v4.app.FragmentActivity,onCreate,android.support.v4.app.FragmentManagerImpl,attachActivity
EmulatorDetection,PlayStore1,FlowDroid,android.support.v4.app.FragmentActivity,onCreate,android.support.v4.app.FragmentManagerImpl,dispatchCreate
EmulatorDetection,PlayStore1,FlowDroid,android.support.v4.app.FragmentActivity,onCreate,android.view.LayoutInflater,getFactory
EmulatorDetection,PlayStore1,FlowDroid,android.support.v4.app.FragmentActivity,onCreate,android.view.LayoutInflater,setFactory
EmulatorDetection,PlayStore1,FlowDroid,android.support.v4.app.FragmentActivity,onCreatePanelMenu,android.app.Activity,getMenuInflater
EmulatorDetection,PlayStore1,FlowDroid,android.support.v4.app.FragmentActivity,onCreatePanelMenu,android.app.Activity,onCreatePanelMenu
EmulatorDetection,PlayStore1,FlowDroid,android.support.v4.app.FragmentActivity,onCreatePanelMenu,android.support.v4.app.FragmentManagerImpl,dispatchCreateOptionsMenu
EmulatorDetection,PlayStore1,FlowDroid,android.support.v4.app.FragmentActivity,onCreateView,android.app.Activity,onCreateView
EmulatorDetection,PlayStore1,FlowDroid,android.support.v4.app.FragmentActivity,onCreateView,java.lang.String,equals
EmulatorDetection,PlayStore1,FlowDroid,android.support.v4.app.FragmentActivity,onDestroy,android.app.Activity,onDestroy
EmulatorDetection,PlayStore1,FlowDroid,android.support.v4.app.FragmentActivity,onDestroy,android.support.v4.app.FragmentActivity,doReallyStop
EmulatorDetection,PlayStore1,FlowDroid,android.support.v4.app.FragmentActivity,onDestroy,android.support.v4.app.FragmentManagerImpl,dispatchDestroy
EmulatorDetection,PlayStore1,FlowDroid,android.support.v4.app.FragmentActivity,onKeyDown,android.app.Activity,onKeyDown
EmulatorDetection,PlayStore1,FlowDroid,android.support.v4.app.FragmentActivity,onPanelClosed,android.app.Activity,onPanelClosed
EmulatorDetection,PlayStore1,FlowDroid,android.support.v4.app.FragmentActivity,onPause,android.app.Activity,onPause
EmulatorDetection,PlayStore1,FlowDroid,android.support.v4.app.FragmentActivity,onPause,android.os.Handler,hasMessages
EmulatorDetection,PlayStore1,FlowDroid,android.support.v4.app.FragmentActivity,onPause,android.support.v4.app.FragmentManagerImpl,dispatchPause
EmulatorDetection,PlayStore1,FlowDroid,android.support.v4.app.FragmentActivity,onPostResume,android.app.Activity,onPostResume
EmulatorDetection,PlayStore1,FlowDroid,android.support.v4.app.FragmentActivity,onPostResume,android.os.Handler,removeMessages
EmulatorDetection,PlayStore1,FlowDroid,android.support.v4.app.FragmentActivity,onPostResume,android.support.v4.app.FragmentActivity,onResumeFragments
EmulatorDetection,PlayStore1,FlowDroid,android.support.v4.app.FragmentActivity,onPostResume,android.support.v4.app.FragmentManagerImpl,execPendingActions
EmulatorDetection,PlayStore1,FlowDroid,android.support.v4.app.FragmentActivity,onPrepareOptionsPanel,android.app.Activity,onPreparePanel
EmulatorDetection,PlayStore1,FlowDroid,android.support.v4.app.FragmentActivity,onPreparePanel,android.support.v4.app.FragmentActivity,onPrepareOptionsPanel
EmulatorDetection,PlayStore1,FlowDroid,android.support.v4.app.FragmentActivity,onPreparePanel,android.support.v4.app.FragmentManagerImpl,dispatchPrepareOptionsMenu
EmulatorDetection,PlayStore1,FlowDroid,android.support.v4.app.FragmentActivity,onReallyStop,android.support.v4.app.FragmentManagerImpl,dispatchReallyStop
EmulatorDetection,PlayStore1,FlowDroid,android.support.v4.app.FragmentActivity,onResume,android.app.Activity,onResume
EmulatorDetection,PlayStore1,FlowDroid,android.support.v4.app.FragmentActivity,onResume,android.os.Handler,sendEmptyMessage
EmulatorDetection,PlayStore1,FlowDroid,android.support.v4.app.FragmentActivity,onResume,android.support.v4.app.FragmentManagerImpl,execPendingActions
EmulatorDetection,PlayStore1,FlowDroid,android.support.v4.app.FragmentActivity,onResumeFragments,android.support.v4.app.FragmentManagerImpl,dispatchResume
EmulatorDetection,PlayStore1,FlowDroid,android.support.v4.app.FragmentActivity,onSaveInstanceState,android.app.Activity,onSaveInstanceState
EmulatorDetection,PlayStore1,FlowDroid,android.support.v4.app.FragmentActivity,onSaveInstanceState,android.os.Bundle,putParcelable
EmulatorDetection,PlayStore1,FlowDroid,android.support.v4.app.FragmentActivity,onSaveInstanceState,android.support.v4.app.FragmentManagerImpl,saveAllState
EmulatorDetection,PlayStore1,FlowDroid,android.support.v4.app.FragmentActivity,onStart,android.app.Activity,onStart
EmulatorDetection,PlayStore1,FlowDroid,android.support.v4.app.FragmentActivity,onStart,android.os.Handler,removeMessages
EmulatorDetection,PlayStore1,FlowDroid,android.support.v4.app.FragmentActivity,onStart,android.support.v4.app.FragmentManagerImpl,dispatchActivityCreated
EmulatorDetection,PlayStore1,FlowDroid,android.support.v4.app.FragmentActivity,onStart,android.support.v4.app.FragmentManagerImpl,dispatchStart
EmulatorDetection,PlayStore1,FlowDroid,android.support.v4.app.FragmentActivity,onStart,android.support.v4.app.FragmentManagerImpl,execPendingActions
EmulatorDetection,PlayStore1,FlowDroid,android.support.v4.app.FragmentActivity,onStart,android.support.v4.app.FragmentManagerImpl,noteStateNotSaved
EmulatorDetection,PlayStore1,FlowDroid,android.support.v4.app.FragmentActivity,onStart,android.support.v4.util.SimpleArrayMap,size
EmulatorDetection,PlayStore1,FlowDroid,android.support.v4.app.FragmentActivity,onStop,android.app.Activity,onStop
EmulatorDetection,PlayStore1,FlowDroid,android.support.v4.app.FragmentActivity,onStop,android.os.Handler,sendEmptyMessage
EmulatorDetection,PlayStore1,FlowDroid,android.support.v4.app.FragmentActivity,onStop,android.support.v4.app.FragmentManagerImpl,dispatchStop
EmulatorDetection,PlayStore1,FlowDroid,android.support.v4.app.FragmentActivity$1,handleMessage,android.support.v4.app.FragmentActivity,doReallyStop
EmulatorDetection,PlayStore1,FlowDroid,android.support.v4.app.FragmentActivity$2,findViewById,android.app.Activity,findViewById
EmulatorDetection,PlayStore1,FlowDroid,android.support.v4.app.FragmentManagerImpl,addFragment,android.support.v4.app.FragmentManagerImpl,makeActive
EmulatorDetection,PlayStore1,FlowDroid,android.support.v4.app.FragmentManagerImpl,addFragment,java.util.ArrayList,<init>
EmulatorDetection,PlayStore1,FlowDroid,android.support.v4.app.FragmentManagerImpl,addFragment,java.util.ArrayList,add
EmulatorDetection,PlayStore1,FlowDroid,android.support.v4.app.FragmentManagerImpl,addFragment,java.util.ArrayList,contains
EmulatorDetection,PlayStore1,FlowDroid,android.support.v4.app.FragmentManagerImpl,beginTransaction,android.support.v4.app.BackStackRecord,<init>
EmulatorDetection,PlayStore1,FlowDroid,android.support.v4.app.FragmentManagerImpl,dispatchActivityCreated,android.support.v4.app.FragmentManagerImpl,moveToState
EmulatorDetection,PlayStore1,FlowDroid,android.support.v4.app.FragmentManagerImpl,dispatchCreate,android.support.v4.app.FragmentManagerImpl,moveToState
EmulatorDetection,PlayStore1,FlowDroid,android.support.v4.app.FragmentManagerImpl,dispatchCreateOptionsMenu,android.support.v4.app.Fragment,performCreateOptionsMenu
EmulatorDetection,PlayStore1,FlowDroid,android.support.v4.app.FragmentManagerImpl,dispatchCreateOptionsMenu,java.util.ArrayList,get
EmulatorDetection,PlayStore1,FlowDroid,android.support.v4.app.FragmentManagerImpl,dispatchCreateOptionsMenu,java.util.ArrayList,size
EmulatorDetection,PlayStore1,FlowDroid,android.support.v4.app.FragmentManagerImpl,dispatchDestroy,android.support.v4.app.FragmentManagerImpl,execPendingActions
EmulatorDetection,PlayStore1,FlowDroid,android.support.v4.app.FragmentManagerImpl,dispatchDestroy,android.support.v4.app.FragmentManagerImpl,moveToState
EmulatorDetection,PlayStore1,FlowDroid,android.support.v4.app.FragmentManagerImpl,dispatchPause,android.support.v4.app.FragmentManagerImpl,moveToState
EmulatorDetection,PlayStore1,FlowDroid,android.support.v4.app.FragmentManagerImpl,dispatchPrepareOptionsMenu,android.support.v4.app.Fragment,performPrepareOptionsMenu
EmulatorDetection,PlayStore1,FlowDroid,android.support.v4.app.FragmentManagerImpl,dispatchPrepareOptionsMenu,java.util.ArrayList,get
EmulatorDetection,PlayStore1,FlowDroid,android.support.v4.app.FragmentManagerImpl,dispatchPrepareOptionsMenu,java.util.ArrayList,size
EmulatorDetection,PlayStore1,FlowDroid,android.support.v4.app.FragmentManagerImpl,dispatchReallyStop,android.support.v4.app.FragmentManagerImpl,moveToState
EmulatorDetection,PlayStore1,FlowDroid,android.support.v4.app.FragmentManagerImpl,dispatchResume,android.support.v4.app.FragmentManagerImpl,moveToState
EmulatorDetection,PlayStore1,FlowDroid,android.support.v4.app.FragmentManagerImpl,dispatchStart,android.support.v4.app.FragmentManagerImpl,moveToState
EmulatorDetection,PlayStore1,FlowDroid,android.support.v4.app.FragmentManagerImpl,dispatchStop,android.support.v4.app.FragmentManagerImpl,moveToState
EmulatorDetection,PlayStore1,FlowDroid,android.support.v4.app.FragmentManagerImpl,enqueueAction,android.os.Handler,post
EmulatorDetection,PlayStore1,FlowDroid,android.support.v4.app.FragmentManagerImpl,enqueueAction,android.os.Handler,removeCallbacks
EmulatorDetection,PlayStore1,FlowDroid,android.support.v4.app.FragmentManagerImpl,enqueueAction,android.support.v4.app.FragmentManagerImpl,checkStateLoss
EmulatorDetection,PlayStore1,FlowDroid,android.support.v4.app.FragmentManagerImpl,enqueueAction,java.util.ArrayList,<init>
EmulatorDetection,PlayStore1,FlowDroid,android.support.v4.app.FragmentManagerImpl,enqueueAction,java.util.ArrayList,add
EmulatorDetection,PlayStore1,FlowDroid,android.support.v4.app.FragmentManagerImpl,enqueueAction,java.util.ArrayList,size
EmulatorDetection,PlayStore1,FlowDroid,android.support.v4.app.FragmentManagerImpl,execPendingActions,android.os.Handler,getLooper
EmulatorDetection,PlayStore1,FlowDroid,android.support.v4.app.FragmentManagerImpl,execPendingActions,android.os.Handler,removeCallbacks
EmulatorDetection,PlayStore1,FlowDroid,android.support.v4.app.FragmentManagerImpl,execPendingActions,android.os.Looper,myLooper
EmulatorDetection,PlayStore1,FlowDroid,android.support.v4.app.FragmentManagerImpl,execPendingActions,java.lang.Runnable,run
EmulatorDetection,PlayStore1,FlowDroid,android.support.v4.app.FragmentManagerImpl,execPendingActions,java.util.ArrayList,clear
EmulatorDetection,PlayStore1,FlowDroid,android.support.v4.app.FragmentManagerImpl,execPendingActions,java.util.ArrayList,size
EmulatorDetection,PlayStore1,FlowDroid,android.support.v4.app.FragmentManagerImpl,execPendingActions,java.util.ArrayList,toArray
EmulatorDetection,PlayStore1,FlowDroid,android.support.v4.app.FragmentManagerImpl,executePendingTransactions,android.support.v4.app.FragmentManagerImpl,execPendingActions
EmulatorDetection,PlayStore1,FlowDroid,android.support.v4.app.FragmentManagerImpl,loadAnimation,android.support.v4.app.Fragment,onCreateAnimation
EmulatorDetection,PlayStore1,FlowDroid,android.support.v4.app.FragmentManagerImpl,makeActive,android.support.v4.app.Fragment,setIndex
EmulatorDetection,PlayStore1,FlowDroid,android.support.v4.app.FragmentManagerImpl,makeActive,java.util.ArrayList,<init>
EmulatorDetection,PlayStore1,FlowDroid,android.support.v4.app.FragmentManagerImpl,makeActive,java.util.ArrayList,add
EmulatorDetection,PlayStore1,FlowDroid,android.support.v4.app.FragmentManagerImpl,makeActive,java.util.ArrayList,size
EmulatorDetection,PlayStore1,FlowDroid,android.support.v4.app.FragmentManagerImpl,makeInactive,android.support.v4.app.Fragment,initState
EmulatorDetection,PlayStore1,FlowDroid,android.support.v4.app.FragmentManagerImpl,makeInactive,android.support.v4.app.FragmentActivity,invalidateSupportFragment
EmulatorDetection,PlayStore1,FlowDroid,android.support.v4.app.FragmentManagerImpl,makeInactive,java.lang.Integer,valueOf
EmulatorDetection,PlayStore1,FlowDroid,android.support.v4.app.FragmentManagerImpl,makeInactive,java.util.ArrayList,<init>
EmulatorDetection,PlayStore1,FlowDroid,android.support.v4.app.FragmentManagerImpl,makeInactive,java.util.ArrayList,add
EmulatorDetection,PlayStore1,FlowDroid,android.support.v4.app.FragmentManagerImpl,makeInactive,java.util.ArrayList,set
EmulatorDetection,PlayStore1,FlowDroid,android.support.v4.app.FragmentManagerImpl,moveToState,android.app.Activity,isFinishing
EmulatorDetection,PlayStore1,FlowDroid,android.support.v4.app.FragmentManagerImpl,moveToState,android.support.v4.app.Fragment,getLayoutInflater
EmulatorDetection,PlayStore1,FlowDroid,android.support.v4.app.FragmentManagerImpl,moveToState,android.support.v4.app.Fragment,onAttach
EmulatorDetection,PlayStore1,FlowDroid,android.support.v4.app.FragmentManagerImpl,moveToState,android.support.v4.app.Fragment,onDetach
EmulatorDetection,PlayStore1,FlowDroid,android.support.v4.app.FragmentManagerImpl,moveToState,android.support.v4.app.Fragment,onViewCreated
EmulatorDetection,PlayStore1,FlowDroid,android.support.v4.app.FragmentManagerImpl,moveToState,android.support.v4.app.Fragment,performActivityCreated
EmulatorDetection,PlayStore1,FlowDroid,android.support.v4.app.FragmentManagerImpl,moveToState,android.support.v4.app.Fragment,performCreate
EmulatorDetection,PlayStore1,FlowDroid,android.support.v4.app.FragmentManagerImpl,moveToState,android.support.v4.app.Fragment,performCreateView
EmulatorDetection,PlayStore1,FlowDroid,android.support.v4.app.FragmentManagerImpl,moveToState,android.support.v4.app.Fragment,performDestroy
EmulatorDetection,PlayStore1,FlowDroid,android.support.v4.app.FragmentManagerImpl,moveToState,android.support.v4.app.Fragment,performDestroyView
EmulatorDetection,PlayStore1,FlowDroid,android.support.v4.app.FragmentManagerImpl,moveToState,android.support.v4.app.Fragment,performPause
EmulatorDetection,PlayStore1,FlowDroid,android.support.v4.app.FragmentManagerImpl,moveToState,android.support.v4.app.Fragment,performReallyStop
EmulatorDetection,PlayStore1,FlowDroid,android.support.v4.app.FragmentManagerImpl,moveToState,android.support.v4.app.Fragment,performResume
EmulatorDetection,PlayStore1,FlowDroid,android.support.v4.app.FragmentManagerImpl,moveToState,android.support.v4.app.Fragment,performStart
EmulatorDetection,PlayStore1,FlowDroid,android.support.v4.app.FragmentManagerImpl,moveToState,android.support.v4.app.Fragment,performStop
EmulatorDetection,PlayStore1,FlowDroid,android.support.v4.app.FragmentManagerImpl,moveToState,android.support.v4.app.Fragment,restoreViewState
EmulatorDetection,PlayStore1,FlowDroid,android.support.v4.app.FragmentManagerImpl,moveToState,android.support.v4.app.FragmentActivity,onAttachFragment
EmulatorDetection,PlayStore1,FlowDroid,android.support.v4.app.FragmentManagerImpl,moveToState,android.support.v4.app.FragmentContainer,findViewById
EmulatorDetection,PlayStore1,FlowDroid,android.support.v4.app.FragmentManagerImpl,moveToState,android.support.v4.app.FragmentManagerImpl,loadAnimation
EmulatorDetection,PlayStore1,FlowDroid,android.support.v4.app.FragmentManagerImpl,moveToState,android.support.v4.app.FragmentManagerImpl,makeInactive
EmulatorDetection,PlayStore1,FlowDroid,android.support.v4.app.FragmentManagerImpl,moveToState,android.support.v4.app.FragmentManagerImpl,moveToState
EmulatorDetection,PlayStore1,FlowDroid,android.support.v4.app.FragmentManagerImpl,moveToState,android.support.v4.app.FragmentManagerImpl,startPendingDeferredFragments
EmulatorDetection,PlayStore1,FlowDroid,android.support.v4.app.FragmentManagerImpl,moveToState,android.support.v4.app.NoSaveStateFrameLayout,wrap
EmulatorDetection,PlayStore1,FlowDroid,android.support.v4.app.FragmentManagerImpl,moveToState,android.view.ViewGroup,addView
EmulatorDetection,PlayStore1,FlowDroid,android.support.v4.app.FragmentManagerImpl,moveToState,android.view.ViewGroup,removeView
EmulatorDetection,PlayStore1,FlowDroid,android.support.v4.app.FragmentManagerImpl,moveToState,java.util.ArrayList,get
EmulatorDetection,PlayStore1,FlowDroid,android.support.v4.app.FragmentManagerImpl,moveToState,java.util.ArrayList,size
EmulatorDetection,PlayStore1,FlowDroid,android.support.v4.app.FragmentManagerImpl,popBackStackImmediate,android.support.v4.app.FragmentManagerImpl,checkStateLoss
EmulatorDetection,PlayStore1,FlowDroid,android.support.v4.app.FragmentManagerImpl,popBackStackImmediate,android.support.v4.app.FragmentManagerImpl,executePendingTransactions
EmulatorDetection,PlayStore1,FlowDroid,android.support.v4.app.FragmentManagerImpl,popBackStackImmediate,android.support.v4.app.FragmentManagerImpl,popBackStackState
EmulatorDetection,PlayStore1,FlowDroid,android.support.v4.app.FragmentManagerImpl,saveAllState,android.support.v4.app.FragmentManagerImpl,execPendingActions
EmulatorDetection,PlayStore1,FlowDroid,android.support.v4.app.FragmentManagerImpl,saveAllState,android.support.v4.app.FragmentManagerImpl,saveFragmentBasicState
EmulatorDetection,PlayStore1,FlowDroid,android.support.v4.app.FragmentManagerImpl,saveAllState,android.support.v4.app.FragmentManagerState,<init>
EmulatorDetection,PlayStore1,FlowDroid,android.support.v4.app.FragmentManagerImpl,saveAllState,java.util.ArrayList,get
EmulatorDetection,PlayStore1,FlowDroid,android.support.v4.app.FragmentManagerImpl,saveAllState,java.util.ArrayList,size
EmulatorDetection,PlayStore1,FlowDroid,android.support.v4.app.FragmentManagerImpl,saveFragmentBasicState,android.os.BaseBundle,isEmpty
EmulatorDetection,PlayStore1,FlowDroid,android.support.v4.app.FragmentManagerImpl,saveFragmentBasicState,android.os.Bundle,<init>
EmulatorDetection,PlayStore1,FlowDroid,android.support.v4.app.FragmentManagerImpl,saveFragmentBasicState,android.support.v4.app.Fragment,performSaveInstanceState
EmulatorDetection,PlayStore1,FlowDroid,android.support.v4.app.FragmentManagerImpl,saveFragmentBasicState,android.support.v4.app.FragmentManagerImpl,saveFragmentViewState
EmulatorDetection,PlayStore1,FlowDroid,android.support.v4.app.FragmentManagerImpl,saveFragmentViewState,android.util.SparseArray,<init>
EmulatorDetection,PlayStore1,FlowDroid,android.support.v4.app.FragmentManagerImpl,saveFragmentViewState,android.util.SparseArray,clear
EmulatorDetection,PlayStore1,FlowDroid,android.support.v4.app.FragmentManagerImpl,saveFragmentViewState,android.util.SparseArray,size
EmulatorDetection,PlayStore1,FlowDroid,android.support.v4.app.FragmentManagerImpl,saveFragmentViewState,android.view.View,saveHierarchyState
EmulatorDetection,PlayStore1,FlowDroid,android.support.v4.app.FragmentManagerImpl,startPendingDeferredFragments,android.support.v4.app.FragmentManagerImpl,performPendingDeferredStart
EmulatorDetection,PlayStore1,FlowDroid,android.support.v4.app.FragmentManagerImpl,startPendingDeferredFragments,java.util.ArrayList,get
EmulatorDetection,PlayStore1,FlowDroid,android.support.v4.app.FragmentManagerImpl,startPendingDeferredFragments,java.util.ArrayList,size
EmulatorDetection,PlayStore1,FlowDroid,android.support.v4.app.FragmentManagerState,writeToParcel,android.os.Parcel,writeIntArray
EmulatorDetection,PlayStore1,FlowDroid,android.support.v4.app.FragmentManagerState,writeToParcel,android.os.Parcel,writeTypedArray
EmulatorDetection,PlayStore1,FlowDroid,android.support.v4.app.FragmentState,<init>,java.lang.Class,getName
EmulatorDetection,PlayStore1,FlowDroid,android.support.v4.app.FragmentState,<init>,java.lang.Object,getClass
EmulatorDetection,PlayStore1,FlowDroid,android.support.v4.app.FragmentState,writeToParcel,android.os.Parcel,writeBundle
EmulatorDetection,PlayStore1,FlowDroid,android.support.v4.app.FragmentState,writeToParcel,android.os.Parcel,writeInt
EmulatorDetection,PlayStore1,FlowDroid,android.support.v4.app.FragmentState,writeToParcel,android.os.Parcel,writeString
EmulatorDetection,PlayStore1,FlowDroid,android.support.v4.app.NavUtils,getParentActivityName,android.app.Activity,getComponentName
EmulatorDetection,PlayStore1,FlowDroid,android.support.v4.app.NavUtils,getParentActivityName,android.content.Context,getPackageManager
EmulatorDetection,PlayStore1,FlowDroid,android.support.v4.app.NavUtils,getParentActivityName,android.content.pm.PackageManager,getActivityInfo
EmulatorDetection,PlayStore1,FlowDroid,android.support.v4.app.NavUtils$NavUtilsImplJB,getParentActivityName,android.support.v4.app.NavUtils$NavUtilsImplBase,getParentActivityName
EmulatorDetection,PlayStore1,FlowDroid,android.support.v4.app.NoSaveStateFrameLayout,dispatchSaveInstanceState,android.view.ViewGroup,dispatchFreezeSelfOnly
EmulatorDetection,PlayStore1,FlowDroid,android.support.v4.app.NoSaveStateFrameLayout,wrap,android.support.v4.app.NoSaveStateFrameLayout,<init>
EmulatorDetection,PlayStore1,FlowDroid,android.support.v4.app.NoSaveStateFrameLayout,wrap,android.view.View,getContext
EmulatorDetection,PlayStore1,FlowDroid,android.support.v4.app.NoSaveStateFrameLayout,wrap,android.view.View,getLayoutParams
EmulatorDetection,PlayStore1,FlowDroid,android.support.v4.app.NoSaveStateFrameLayout,wrap,android.view.View,setLayoutParams
EmulatorDetection,PlayStore1,FlowDroid,android.support.v4.app.NoSaveStateFrameLayout,wrap,android.view.ViewGroup,addView
EmulatorDetection,PlayStore1,FlowDroid,android.support.v4.util.SimpleArrayMap,get,android.support.v4.util.SimpleArrayMap,indexOf
EmulatorDetection,PlayStore1,FlowDroid,android.support.v4.util.SimpleArrayMap,get,java.lang.Object,hashCode
EmulatorDetection,PlayStore1,FlowDroid,android.support.v4.view.MenuItemCompat,setShowAsAction,android.support.v4.internal.view.SupportMenuItem,setShowAsAction
EmulatorDetection,PlayStore1,FlowDroid,android.support.v7.app.ActionBarActivity,getMenuInflater,android.support.v7.app.ActionBarActivityDelegate,getMenuInflater
EmulatorDetection,PlayStore1,FlowDroid,android.support.v7.app.ActionBarActivity,onBackPressed,android.support.v4.app.FragmentActivity,onBackPressed
EmulatorDetection,PlayStore1,FlowDroid,android.support.v7.app.ActionBarActivity,onContentChanged,android.support.v7.app.ActionBarActivityDelegate,onContentChanged
EmulatorDetection,PlayStore1,FlowDroid,android.support.v7.app.ActionBarActivity,onCreate,android.support.v7.app.ActionBarActivityDelegate,createDelegate
EmulatorDetection,PlayStore1,FlowDroid,android.support.v7.app.ActionBarActivity,onCreatePanelView,android.support.v7.app.ActionBarActivityDelegate,onCreatePanelView
EmulatorDetection,PlayStore1,FlowDroid,android.support.v7.app.ActionBarActivity,onPrepareOptionsPanel,android.support.v7.app.ActionBarActivityDelegate,onPrepareOptionsPanel
EmulatorDetection,PlayStore1,FlowDroid,android.support.v7.app.ActionBarActivity,onPreparePanel,android.support.v7.app.ActionBarActivityDelegate,onPreparePanel
EmulatorDetection,PlayStore1,FlowDroid,android.support.v7.app.ActionBarActivity,onTitleChanged,android.app.Activity,onTitleChanged
EmulatorDetection,PlayStore1,FlowDroid,android.support.v7.app.ActionBarActivity,setContentView,android.support.v7.app.ActionBarActivityDelegate,setContentView
EmulatorDetection,PlayStore1,FlowDroid,android.support.v7.app.ActionBarActivity,superOnCreatePanelMenu,android.support.v4.app.FragmentActivity,onCreatePanelMenu
EmulatorDetection,PlayStore1,FlowDroid,android.support.v7.app.ActionBarActivity,superOnPrepareOptionsPanel,android.support.v4.app.FragmentActivity,onPrepareOptionsPanel
EmulatorDetection,PlayStore1,FlowDroid,android.support.v7.app.ActionBarActivity,superOnPreparePanel,android.support.v4.app.FragmentActivity,onPreparePanel
EmulatorDetection,PlayStore1,FlowDroid,android.support.v7.app.ActionBarActivity,superSetContentView,android.app.Activity,setContentView
EmulatorDetection,PlayStore1,FlowDroid,android.support.v7.app.ActionBarActivityDelegate,createDelegate,android.support.v7.app.ActionBarActivityDelegateJBMR2,<init>
EmulatorDetection,PlayStore1,FlowDroid,android.support.v7.app.ActionBarActivityDelegate,getActionBarThemedContext,android.support.v7.app.ActionBar,getThemedContext
EmulatorDetection,PlayStore1,FlowDroid,android.support.v7.app.ActionBarActivityDelegate,getActionBarThemedContext,android.support.v7.app.ActionBarActivityDelegate,getSupportActionBar
EmulatorDetection,PlayStore1,FlowDroid,android.support.v7.app.ActionBarActivityDelegate,getMenuInflater,android.support.v7.app.ActionBarActivityDelegate,getActionBarThemedContext
EmulatorDetection,PlayStore1,FlowDroid,android.support.v7.app.ActionBarActivityDelegate,getMenuInflater,android.support.v7.internal.view.SupportMenuInflater,<init>
EmulatorDetection,PlayStore1,FlowDroid,android.support.v7.app.ActionBarActivityDelegate,getSupportActionBar,android.support.v7.app.ActionBarActivityDelegate,createSupportActionBar
EmulatorDetection,PlayStore1,FlowDroid,android.support.v7.app.ActionBarActivityDelegate,getUiOptionsFromMetadata,android.app.Activity,getComponentName
EmulatorDetection,PlayStore1,FlowDroid,android.support.v7.app.ActionBarActivityDelegate,getUiOptionsFromMetadata,android.content.ContextWrapper,getPackageManager
EmulatorDetection,PlayStore1,FlowDroid,android.support.v7.app.ActionBarActivityDelegate,getUiOptionsFromMetadata,android.content.pm.PackageManager,getActivityInfo
EmulatorDetection,PlayStore1,FlowDroid,android.support.v7.app.ActionBarActivityDelegate,onCreate,android.content.Context,obtainStyledAttributes
EmulatorDetection,PlayStore1,FlowDroid,android.support.v7.app.ActionBarActivityDelegate,onCreate,android.content.res.TypedArray,getBoolean
EmulatorDetection,PlayStore1,FlowDroid,android.support.v7.app.ActionBarActivityDelegate,onCreate,android.content.res.TypedArray,hasValue
EmulatorDetection,PlayStore1,FlowDroid,android.support.v7.app.ActionBarActivityDelegate,onCreate,android.content.res.TypedArray,recycle
EmulatorDetection,PlayStore1,FlowDroid,android.support.v7.app.ActionBarActivityDelegate,onCreate,android.support.v4.app.NavUtils,getParentActivityName
EmulatorDetection,PlayStore1,FlowDroid,android.support.v7.app.ActionBarActivityDelegate,onPrepareOptionsPanel,android.support.v7.app.ActionBarActivity,superOnPrepareOptionsPanel
EmulatorDetection,PlayStore1,FlowDroid,android.support.v7.app.ActionBarActivityDelegateICS,createWindowCallbackWrapper,android.support.v7.app.ActionBarActivityDelegateICS$WindowCallbackWrapper,<init>
EmulatorDetection,PlayStore1,FlowDroid,android.support.v7.app.ActionBarActivityDelegateICS,onContentChanged,android.support.v7.app.ActionBarActivity,onSupportContentChanged
EmulatorDetection,PlayStore1,FlowDroid,android.support.v7.app.ActionBarActivityDelegateICS,onCreate,android.app.Activity,getWindow
EmulatorDetection,PlayStore1,FlowDroid,android.support.v7.app.ActionBarActivityDelegateICS,onCreate,android.app.Activity,requestWindowFeature
EmulatorDetection,PlayStore1,FlowDroid,android.support.v7.app.ActionBarActivityDelegateICS,onCreate,android.support.v7.app.ActionBarActivityDelegate,getUiOptionsFromMetadata
EmulatorDetection,PlayStore1,FlowDroid,android.support.v7.app.ActionBarActivityDelegateICS,onCreate,android.support.v7.app.ActionBarActivityDelegateICS,createWindowCallbackWrapper
EmulatorDetection,PlayStore1,FlowDroid,android.support.v7.app.ActionBarActivityDelegateICS,onCreate,android.view.Window,getCallback
EmulatorDetection,PlayStore1,FlowDroid,android.support.v7.app.ActionBarActivityDelegateICS,onCreate,android.view.Window,setCallback
EmulatorDetection,PlayStore1,FlowDroid,android.support.v7.app.ActionBarActivityDelegateICS,onCreate,java.lang.String,equals
EmulatorDetection,PlayStore1,FlowDroid,android.support.v7.app.ActionBarActivityDelegateICS,onCreatePanelMenu,android.support.v7.app.ActionBarActivity,superOnCreatePanelMenu
EmulatorDetection,PlayStore1,FlowDroid,android.support.v7.app.ActionBarActivityDelegateICS,onCreatePanelMenu,android.support.v7.internal.view.menu.MenuWrapperFactory,createMenuWrapper
EmulatorDetection,PlayStore1,FlowDroid,android.support.v7.app.ActionBarActivityDelegateICS,onPreparePanel,android.support.v7.app.ActionBarActivity,superOnPreparePanel
EmulatorDetection,PlayStore1,FlowDroid,android.support.v7.app.ActionBarActivityDelegateICS,setContentView,android.support.v7.app.ActionBarActivity,superSetContentView
EmulatorDetection,PlayStore1,FlowDroid,android.support.v7.app.ActionBarActivityDelegateICS$WindowCallbackWrapper,dispatchKeyEvent,android.view.Window$Callback,dispatchKeyEvent
EmulatorDetection,PlayStore1,FlowDroid,android.support.v7.app.ActionBarActivityDelegateICS$WindowCallbackWrapper,dispatchTouchEvent,android.view.Window$Callback,dispatchTouchEvent
EmulatorDetection,PlayStore1,FlowDroid,android.support.v7.app.ActionBarActivityDelegateICS$WindowCallbackWrapper,dispatchTrackballEvent,android.view.Window$Callback,dispatchTrackballEvent
EmulatorDetection,PlayStore1,FlowDroid,android.support.v7.app.ActionBarActivityDelegateICS$WindowCallbackWrapper,onAttachedToWindow,android.view.Window$Callback,onAttachedToWindow
EmulatorDetection,PlayStore1,FlowDroid,android.support.v7.app.ActionBarActivityDelegateICS$WindowCallbackWrapper,onDetachedFromWindow,android.view.Window$Callback,onDetachedFromWindow
EmulatorDetection,PlayStore1,FlowDroid,android.support.v7.app.ActionBarActivityDelegateICS$WindowCallbackWrapper,onMenuOpened,android.view.Window$Callback,onMenuOpened
EmulatorDetection,PlayStore1,FlowDroid,android.support.v7.app.ActionBarActivityDelegateICS$WindowCallbackWrapper,onWindowAttributesChanged,android.view.Window$Callback,onWindowAttributesChanged
EmulatorDetection,PlayStore1,FlowDroid,android.support.v7.app.ActionBarActivityDelegateICS$WindowCallbackWrapper,onWindowFocusChanged,android.view.Window$Callback,onWindowFocusChanged
EmulatorDetection,PlayStore1,FlowDroid,android.support.v7.app.ActionBarActivityDelegateJBMR2,createSupportActionBar,android.support.v7.app.ActionBarImplJBMR2,<init>
EmulatorDetection,PlayStore1,FlowDroid,android.support.v7.app.ActionBarImplICS,<init>,android.app.Activity,getActionBar
EmulatorDetection,PlayStore1,FlowDroid,android.support.v7.app.ActionBarImplICS,getThemedContext,android.app.ActionBar,getThemedContext
EmulatorDetection,PlayStore1,FlowDroid,android.support.v7.internal.view.SupportMenuInflater,inflate,android.content.Context,getResources
EmulatorDetection,PlayStore1,FlowDroid,android.support.v7.internal.view.SupportMenuInflater,inflate,android.content.res.Resources,getLayout
EmulatorDetection,PlayStore1,FlowDroid,android.support.v7.internal.view.SupportMenuInflater,inflate,android.content.res.XmlResourceParser,close
EmulatorDetection,PlayStore1,FlowDroid,android.support.v7.internal.view.SupportMenuInflater,inflate,android.support.v7.internal.view.SupportMenuInflater,parseMenu
EmulatorDetection,PlayStore1,FlowDroid,android.support.v7.internal.view.SupportMenuInflater,inflate,android.util.Xml,asAttributeSet
EmulatorDetection,PlayStore1,FlowDroid,android.support.v7.internal.view.SupportMenuInflater,parseMenu,android.support.v7.internal.view.SupportMenuInflater$MenuState,<init>
EmulatorDetection,PlayStore1,FlowDroid,android.support.v7.internal.view.SupportMenuInflater,parseMenu,android.support.v7.internal.view.SupportMenuInflater$MenuState,access$000
EmulatorDetection,PlayStore1,FlowDroid,android.support.v7.internal.view.SupportMenuInflater,parseMenu,android.support.v7.internal.view.SupportMenuInflater$MenuState,addItem
EmulatorDetection,PlayStore1,FlowDroid,android.support.v7.internal.view.SupportMenuInflater,parseMenu,android.support.v7.internal.view.SupportMenuInflater$MenuState,hasAddedItem
EmulatorDetection,PlayStore1,FlowDroid,android.support.v7.internal.view.SupportMenuInflater,parseMenu,android.support.v7.internal.view.SupportMenuInflater$MenuState,readItem
EmulatorDetection,PlayStore1,FlowDroid,android.support.v7.internal.view.SupportMenuInflater,parseMenu,java.lang.String,equals
EmulatorDetection,PlayStore1,FlowDroid,android.support.v7.internal.view.SupportMenuInflater,parseMenu,org.xmlpull.v1.XmlPullParser,getEventType
EmulatorDetection,PlayStore1,FlowDroid,android.support.v7.internal.view.SupportMenuInflater,parseMenu,org.xmlpull.v1.XmlPullParser,getName
EmulatorDetection,PlayStore1,FlowDroid,android.support.v7.internal.view.SupportMenuInflater,parseMenu,org.xmlpull.v1.XmlPullParser,next
EmulatorDetection,PlayStore1,FlowDroid,android.support.v7.internal.view.SupportMenuInflater$MenuState,<init>,android.support.v7.internal.view.SupportMenuInflater$MenuState,resetGroup
EmulatorDetection,PlayStore1,FlowDroid,android.support.v7.internal.view.SupportMenuInflater$MenuState,addItem,android.support.v7.internal.view.SupportMenuInflater$MenuState,setItem
EmulatorDetection,PlayStore1,FlowDroid,android.support.v7.internal.view.SupportMenuInflater$MenuState,addItem,android.view.Menu,add
EmulatorDetection,PlayStore1,FlowDroid,android.support.v7.internal.view.SupportMenuInflater$MenuState,readItem,android.content.Context,obtainStyledAttributes
EmulatorDetection,PlayStore1,FlowDroid,android.support.v7.internal.view.SupportMenuInflater$MenuState,readItem,android.content.res.TypedArray,getBoolean
EmulatorDetection,PlayStore1,FlowDroid,android.support.v7.internal.view.SupportMenuInflater$MenuState,readItem,android.content.res.TypedArray,getInt
EmulatorDetection,PlayStore1,FlowDroid,android.support.v7.internal.view.SupportMenuInflater$MenuState,readItem,android.content.res.TypedArray,getResourceId
EmulatorDetection,PlayStore1,FlowDroid,android.support.v7.internal.view.SupportMenuInflater$MenuState,readItem,android.content.res.TypedArray,getString
EmulatorDetection,PlayStore1,FlowDroid,android.support.v7.internal.view.SupportMenuInflater$MenuState,readItem,android.content.res.TypedArray,getText
EmulatorDetection,PlayStore1,FlowDroid,android.support.v7.internal.view.SupportMenuInflater$MenuState,readItem,android.content.res.TypedArray,hasValue
EmulatorDetection,PlayStore1,FlowDroid,android.support.v7.internal.view.SupportMenuInflater$MenuState,readItem,android.content.res.TypedArray,recycle
EmulatorDetection,PlayStore1,FlowDroid,android.support.v7.internal.view.SupportMenuInflater$MenuState,readItem,android.support.v7.internal.view.SupportMenuInflater,access$100
EmulatorDetection,PlayStore1,FlowDroid,android.support.v7.internal.view.SupportMenuInflater$MenuState,readItem,android.support.v7.internal.view.SupportMenuInflater$MenuState,getShortcut
EmulatorDetection,PlayStore1,FlowDroid,android.support.v7.internal.view.SupportMenuInflater$MenuState,setItem,android.support.v4.view.MenuItemCompat,setShowAsAction
EmulatorDetection,PlayStore1,FlowDroid,android.support.v7.internal.view.SupportMenuInflater$MenuState,setItem,android.view.MenuItem,setAlphabeticShortcut
EmulatorDetection,PlayStore1,FlowDroid,android.support.v7.internal.view.SupportMenuInflater$MenuState,setItem,android.view.MenuItem,setCheckable
EmulatorDetection,PlayStore1,FlowDroid,android.support.v7.internal.view.SupportMenuInflater$MenuState,setItem,android.view.MenuItem,setChecked
EmulatorDetection,PlayStore1,FlowDroid,android.support.v7.internal.view.SupportMenuInflater$MenuState,setItem,android.view.MenuItem,setEnabled
EmulatorDetection,PlayStore1,FlowDroid,android.support.v7.internal.view.SupportMenuInflater$MenuState,setItem,android.view.MenuItem,setIcon
EmulatorDetection,PlayStore1,FlowDroid,android.support.v7.internal.view.SupportMenuInflater$MenuState,setItem,android.view.MenuItem,setNumericShortcut
EmulatorDetection,PlayStore1,FlowDroid,android.support.v7.internal.view.SupportMenuInflater$MenuState,setItem,android.view.MenuItem,setTitleCondensed
EmulatorDetection,PlayStore1,FlowDroid,android.support.v7.internal.view.SupportMenuInflater$MenuState,setItem,android.view.MenuItem,setVisible
EmulatorDetection,PlayStore1,FlowDroid,android.support.v7.internal.view.menu.BaseMenuWrapper,getMenuItemWrapper,android.support.v7.internal.view.menu.MenuWrapperFactory,createSupportMenuItemWrapper
EmulatorDetection,PlayStore1,FlowDroid,android.support.v7.internal.view.menu.BaseMenuWrapper,getMenuItemWrapper,java.util.HashMap,<init>
EmulatorDetection,PlayStore1,FlowDroid,android.support.v7.internal.view.menu.BaseMenuWrapper,getMenuItemWrapper,java.util.HashMap,get
EmulatorDetection,PlayStore1,FlowDroid,android.support.v7.internal.view.menu.BaseMenuWrapper,getMenuItemWrapper,java.util.HashMap,put
EmulatorDetection,PlayStore1,FlowDroid,android.support.v7.internal.view.menu.MenuItemWrapperICS,<init>,android.view.MenuItem,isVisible
EmulatorDetection,PlayStore1,FlowDroid,android.support.v7.internal.view.menu.MenuItemWrapperICS,setChecked,android.view.MenuItem,setChecked
EmulatorDetection,PlayStore1,FlowDroid,android.support.v7.internal.view.menu.MenuItemWrapperICS,setVisible,android.support.v7.internal.view.menu.MenuItemWrapperICS,wrappedSetVisible
EmulatorDetection,PlayStore1,FlowDroid,android.support.v7.internal.view.menu.MenuItemWrapperICS,wrappedSetVisible,android.view.MenuItem,setVisible
EmulatorDetection,PlayStore1,FlowDroid,android.support.v7.internal.view.menu.MenuWrapperFactory,createMenuWrapper,android.support.v7.internal.view.menu.MenuWrapperICS,<init>
EmulatorDetection,PlayStore1,FlowDroid,android.support.v7.internal.view.menu.MenuWrapperFactory,createSupportMenuItemWrapper,android.support.v7.internal.view.menu.MenuItemWrapperJB,<init>
EmulatorDetection,PlayStore1,FlowDroid,android.support.v7.internal.view.menu.MenuWrapperICS,add,android.support.v7.internal.view.menu.BaseMenuWrapper,getMenuItemWrapper
EmulatorDetection,PlayStore1,FlowDroid,android.support.v7.internal.view.menu.MenuWrapperICS,add,android.view.Menu,add
EmulatorDetection,PlayStore1,FlowDroid,de.ecspride.MainActivity,onCreate,android.content.Context,getPackageManager
EmulatorDetection,PlayStore1,FlowDroid,de.ecspride.MainActivity,onCreate,android.content.pm.PackageManager,queryIntentActivities
EmulatorDetection,PlayStore1,FlowDroid,de.ecspride.MainActivity,onCreate,android.support.v4.app.FragmentManager,beginTransaction
EmulatorDetection,PlayStore1,FlowDroid,de.ecspride.MainActivity,onCreate,android.support.v4.app.FragmentTransaction,add
EmulatorDetection,PlayStore1,FlowDroid,de.ecspride.MainActivity,onCreate,android.support.v4.app.FragmentTransaction,commit
EmulatorDetection,PlayStore1,FlowDroid,de.ecspride.MainActivity,onCreate,java.lang.String,startsWith
EmulatorDetection,PlayStore1,FlowDroid,de.ecspride.MainActivity,onCreate,java.util.Iterator,hasNext
EmulatorDetection,PlayStore1,FlowDroid,de.ecspride.MainActivity,onCreate,java.util.Iterator,next
EmulatorDetection,PlayStore1,FlowDroid,de.ecspride.MainActivity,onCreate,java.util.List,iterator
EmulatorDetection,PlayStore1,FlowDroid,de.ecspride.MainActivity,onCreateOptionsMenu,android.view.MenuInflater,inflate
EmulatorDetection,PlayStore1,FlowDroid,de.ecspride.MainActivity$PlaceholderFragment,onCreateView,android.view.LayoutInflater,inflate
EmulatorDetection,PlayStore1,GATOR,android.support.v4.app.FragmentActivity,onCreate,android.view.LayoutInflater,getFactory
EmulatorDetection,PlayStore1,GATOR,android.support.v4.app.FragmentActivity,onCreate,android.view.LayoutInflater,setFactory
EmulatorDetection,PlayStore1,GATOR,android.support.v4.app.NavUtils,getParentActivityName,android.content.pm.PackageManager,getActivityInfo
EmulatorDetection,PlayStore1,GATOR,android.support.v7.app.ActionBarActivityDelegate,getUiOptionsFromMetadata,android.content.pm.PackageManager,getActivityInfo
EmulatorDetection,PlayStore1,GATOR,android.support.v7.app.ActionBarActivityDelegateICS,onCreate,android.view.Window,getCallback
EmulatorDetection,PlayStore1,GATOR,android.support.v7.app.ActionBarActivityDelegateICS,onCreate,android.view.Window,setCallback
EmulatorDetection,PlayStore1,GATOR,android.support.v7.internal.view.SupportMenuInflater,inflate,android.content.res.XmlResourceParser,close
EmulatorDetection,PlayStore1,GATOR,android.support.v7.internal.view.SupportMenuInflater,parseMenu,org.xmlpull.v1.XmlPullParser,getEventType
EmulatorDetection,PlayStore1,GATOR,android.support.v7.internal.view.SupportMenuInflater,parseMenu,org.xmlpull.v1.XmlPullParser,getName
EmulatorDetection,PlayStore1,GATOR,android.support.v7.internal.view.SupportMenuInflater,parseMenu,org.xmlpull.v1.XmlPullParser,next
EmulatorDetection,PlayStore1,GATOR,de.ecspride.MainActivity,onCreate,android.content.pm.PackageManager,queryIntentActivities
EmulatorDetection,PlayStore1,GATOR,de.ecspride.MainActivity$PlaceholderFragment,onCreateView,android.view.LayoutInflater,inflate
EmulatorDetection,PlayStore1,MAMADROID,android.support.v4.app.BackStackRecord,add,android.support.v4.app.BackStackRecord,doAddOp
EmulatorDetection,PlayStore1,MAMADROID,android.support.v4.app.BackStackRecord,commit,android.support.v4.app.BackStackRecord,commitInternal
EmulatorDetection,PlayStore1,MAMADROID,android.support.v4.app.BackStackRecord,commitInternal,android.support.v4.app.FragmentManagerImpl,enqueueAction
EmulatorDetection,PlayStore1,MAMADROID,android.support.v4.app.BackStackRecord,doAddOp,android.support.v4.app.BackStackRecord,addOp
EmulatorDetection,PlayStore1,MAMADROID,android.support.v4.app.BackStackRecord,doAddOp,android.support.v4.app.BackStackRecord$Op,<init>
EmulatorDetection,PlayStore1,MAMADROID,android.support.v4.app.BackStackRecord,run,android.support.v4.app.BackStackRecord,bumpBackStackNesting
EmulatorDetection,PlayStore1,MAMADROID,android.support.v4.app.BackStackRecord,run,android.support.v4.app.FragmentManagerImpl,addFragment
EmulatorDetection,PlayStore1,MAMADROID,android.support.v4.app.BackStackRecord,run,android.support.v4.app.FragmentManagerImpl,moveToState
EmulatorDetection,PlayStore1,MAMADROID,android.support.v4.app.Fragment,<clinit>,android.support.v4.util.SimpleArrayMap,<init>
EmulatorDetection,PlayStore1,MAMADROID,android.support.v4.app.Fragment,getLayoutInflater,android.app.Activity,getLayoutInflater
EmulatorDetection,PlayStore1,MAMADROID,android.support.v4.app.Fragment,onStart,android.support.v4.app.FragmentActivity,getLoaderManager
EmulatorDetection,PlayStore1,MAMADROID,android.support.v4.app.Fragment,performActivityCreated,android.support.v4.app.Fragment,onActivityCreated
EmulatorDetection,PlayStore1,MAMADROID,android.support.v4.app.Fragment,performCreate,android.support.v4.app.Fragment,onCreate
EmulatorDetection,PlayStore1,MAMADROID,android.support.v4.app.Fragment,performCreateView,android.support.v4.app.Fragment,onCreateView
EmulatorDetection,PlayStore1,MAMADROID,android.support.v4.app.Fragment,performDestroy,android.support.v4.app.Fragment,onDestroy
EmulatorDetection,PlayStore1,MAMADROID,android.support.v4.app.Fragment,performDestroyView,android.support.v4.app.Fragment,onDestroyView
EmulatorDetection,PlayStore1,MAMADROID,android.support.v4.app.Fragment,performPause,android.support.v4.app.Fragment,onPause
EmulatorDetection,PlayStore1,MAMADROID,android.support.v4.app.Fragment,performResume,android.support.v4.app.Fragment,onResume
EmulatorDetection,PlayStore1,MAMADROID,android.support.v4.app.Fragment,performSaveInstanceState,android.support.v4.app.Fragment,onSaveInstanceState
EmulatorDetection,PlayStore1,MAMADROID,android.support.v4.app.Fragment,performStart,android.support.v4.app.Fragment,onStart
EmulatorDetection,PlayStore1,MAMADROID,android.support.v4.app.Fragment,performStop,android.support.v4.app.Fragment,onStop
EmulatorDetection,PlayStore1,MAMADROID,android.support.v4.app.Fragment,restoreViewState,android.support.v4.app.Fragment,onViewStateRestored
EmulatorDetection,PlayStore1,MAMADROID,android.support.v4.app.Fragment,setIndex,java.lang.StringBuilder,<init>
EmulatorDetection,PlayStore1,MAMADROID,android.support.v4.app.Fragment,setIndex,java.lang.StringBuilder,append
EmulatorDetection,PlayStore1,MAMADROID,android.support.v4.app.Fragment,setIndex,java.lang.StringBuilder,toString
EmulatorDetection,PlayStore1,MAMADROID,android.support.v4.app.FragmentActivity,doReallyStop,android.os.Handler,removeMessages
EmulatorDetection,PlayStore1,MAMADROID,android.support.v4.app.FragmentActivity,doReallyStop,android.support.v4.app.FragmentActivity,onReallyStop
EmulatorDetection,PlayStore1,MAMADROID,android.support.v4.app.FragmentActivity,getLoaderManager,android.support.v4.util.SimpleArrayMap,<init>
EmulatorDetection,PlayStore1,MAMADROID,android.support.v4.app.FragmentActivity,getLoaderManager,android.support.v4.util.SimpleArrayMap,get
EmulatorDetection,PlayStore1,MAMADROID,android.support.v4.app.FragmentActivity,invalidateSupportFragment,android.support.v4.util.SimpleArrayMap,get
EmulatorDetection,PlayStore1,MAMADROID,android.support.v4.app.FragmentActivity,onBackPressed,android.app.Activity,finish
EmulatorDetection,PlayStore1,MAMADROID,android.support.v4.app.FragmentActivity,onBackPressed,android.support.v4.app.FragmentManagerImpl,popBackStackImmediate
EmulatorDetection,PlayStore1,MAMADROID,android.support.v4.app.FragmentActivity,onCreate,android.app.Activity,getLastNonConfigurationInstance
EmulatorDetection,PlayStore1,MAMADROID,android.support.v4.app.FragmentActivity,onCreate,android.app.Activity,getLayoutInflater
EmulatorDetection,PlayStore1,MAMADROID,android.support.v4.app.FragmentActivity,onCreate,android.support.v4.app.FragmentManagerImpl,attachActivity
EmulatorDetection,PlayStore1,MAMADROID,android.support.v4.app.FragmentActivity,onCreate,android.support.v4.app.FragmentManagerImpl,dispatchCreate
EmulatorDetection,PlayStore1,MAMADROID,android.support.v4.app.FragmentActivity,onCreate,android.view.LayoutInflater,getFactory
EmulatorDetection,PlayStore1,MAMADROID,android.support.v4.app.FragmentActivity,onCreate,android.view.LayoutInflater,setFactory
EmulatorDetection,PlayStore1,MAMADROID,android.support.v4.app.FragmentActivity,onCreatePanelMenu,android.app.Activity,getMenuInflater
EmulatorDetection,PlayStore1,MAMADROID,android.support.v4.app.FragmentActivity,onCreatePanelMenu,android.app.Activity,onCreatePanelMenu
EmulatorDetection,PlayStore1,MAMADROID,android.support.v4.app.FragmentActivity,onCreatePanelMenu,android.support.v4.app.FragmentManagerImpl,dispatchCreateOptionsMenu
EmulatorDetection,PlayStore1,MAMADROID,android.support.v4.app.FragmentActivity,onCreateView,android.app.Activity,onCreateView
EmulatorDetection,PlayStore1,MAMADROID,android.support.v4.app.FragmentActivity,onCreateView,java.lang.String,equals
EmulatorDetection,PlayStore1,MAMADROID,android.support.v4.app.FragmentActivity,onDestroy,android.app.Activity,onDestroy
EmulatorDetection,PlayStore1,MAMADROID,android.support.v4.app.FragmentActivity,onDestroy,android.support.v4.app.FragmentActivity,doReallyStop
EmulatorDetection,PlayStore1,MAMADROID,android.support.v4.app.FragmentActivity,onDestroy,android.support.v4.app.FragmentManagerImpl,dispatchDestroy
EmulatorDetection,PlayStore1,MAMADROID,android.support.v4.app.FragmentActivity,onKeyDown,android.app.Activity,onKeyDown
EmulatorDetection,PlayStore1,MAMADROID,android.support.v4.app.FragmentActivity,onPanelClosed,android.app.Activity,onPanelClosed
EmulatorDetection,PlayStore1,MAMADROID,android.support.v4.app.FragmentActivity,onPause,android.app.Activity,onPause
EmulatorDetection,PlayStore1,MAMADROID,android.support.v4.app.FragmentActivity,onPause,android.os.Handler,hasMessages
EmulatorDetection,PlayStore1,MAMADROID,android.support.v4.app.FragmentActivity,onPause,android.support.v4.app.FragmentManagerImpl,dispatchPause
EmulatorDetection,PlayStore1,MAMADROID,android.support.v4.app.FragmentActivity,onPostResume,android.app.Activity,onPostResume
EmulatorDetection,PlayStore1,MAMADROID,android.support.v4.app.FragmentActivity,onPostResume,android.os.Handler,removeMessages
EmulatorDetection,PlayStore1,MAMADROID,android.support.v4.app.FragmentActivity,onPostResume,android.support.v4.app.FragmentActivity,onResumeFragments
EmulatorDetection,PlayStore1,MAMADROID,android.support.v4.app.FragmentActivity,onPostResume,android.support.v4.app.FragmentManagerImpl,execPendingActions
EmulatorDetection,PlayStore1,MAMADROID,android.support.v4.app.FragmentActivity,onPrepareOptionsPanel,android.app.Activity,onPreparePanel
EmulatorDetection,PlayStore1,MAMADROID,android.support.v4.app.FragmentActivity,onPreparePanel,android.support.v4.app.FragmentActivity,onPrepareOptionsPanel
EmulatorDetection,PlayStore1,MAMADROID,android.support.v4.app.FragmentActivity,onPreparePanel,android.support.v4.app.FragmentManagerImpl,dispatchPrepareOptionsMenu
EmulatorDetection,PlayStore1,MAMADROID,android.support.v4.app.FragmentActivity,onReallyStop,android.support.v4.app.FragmentManagerImpl,dispatchReallyStop
EmulatorDetection,PlayStore1,MAMADROID,android.support.v4.app.FragmentActivity,onResume,android.app.Activity,onResume
EmulatorDetection,PlayStore1,MAMADROID,android.support.v4.app.FragmentActivity,onResume,android.os.Handler,sendEmptyMessage
EmulatorDetection,PlayStore1,MAMADROID,android.support.v4.app.FragmentActivity,onResume,android.support.v4.app.FragmentManagerImpl,execPendingActions
EmulatorDetection,PlayStore1,MAMADROID,android.support.v4.app.FragmentActivity,onResumeFragments,android.support.v4.app.FragmentManagerImpl,dispatchResume
EmulatorDetection,PlayStore1,MAMADROID,android.support.v4.app.FragmentActivity,onSaveInstanceState,android.app.Activity,onSaveInstanceState
EmulatorDetection,PlayStore1,MAMADROID,android.support.v4.app.FragmentActivity,onSaveInstanceState,android.os.Bundle,putParcelable
EmulatorDetection,PlayStore1,MAMADROID,android.support.v4.app.FragmentActivity,onSaveInstanceState,android.support.v4.app.FragmentManagerImpl,saveAllState
EmulatorDetection,PlayStore1,MAMADROID,android.support.v4.app.FragmentActivity,onStart,android.app.Activity,onStart
EmulatorDetection,PlayStore1,MAMADROID,android.support.v4.app.FragmentActivity,onStart,android.os.Handler,removeMessages
EmulatorDetection,PlayStore1,MAMADROID,android.support.v4.app.FragmentActivity,onStart,android.support.v4.app.FragmentManagerImpl,dispatchActivityCreated
EmulatorDetection,PlayStore1,MAMADROID,android.support.v4.app.FragmentActivity,onStart,android.support.v4.app.FragmentManagerImpl,dispatchStart
EmulatorDetection,PlayStore1,MAMADROID,android.support.v4.app.FragmentActivity,onStart,android.support.v4.app.FragmentManagerImpl,execPendingActions
EmulatorDetection,PlayStore1,MAMADROID,android.support.v4.app.FragmentActivity,onStart,android.support.v4.app.FragmentManagerImpl,noteStateNotSaved
EmulatorDetection,PlayStore1,MAMADROID,android.support.v4.app.FragmentActivity,onStart,android.support.v4.util.SimpleArrayMap,size
EmulatorDetection,PlayStore1,MAMADROID,android.support.v4.app.FragmentActivity,onStop,android.app.Activity,onStop
EmulatorDetection,PlayStore1,MAMADROID,android.support.v4.app.FragmentActivity,onStop,android.os.Handler,sendEmptyMessage
EmulatorDetection,PlayStore1,MAMADROID,android.support.v4.app.FragmentActivity,onStop,android.support.v4.app.FragmentManagerImpl,dispatchStop
EmulatorDetection,PlayStore1,MAMADROID,android.support.v4.app.FragmentActivity$1,handleMessage,android.support.v4.app.FragmentActivity,doReallyStop
EmulatorDetection,PlayStore1,MAMADROID,android.support.v4.app.FragmentActivity$2,findViewById,android.app.Activity,findViewById
EmulatorDetection,PlayStore1,MAMADROID,android.support.v4.app.FragmentManagerImpl,addFragment,android.support.v4.app.FragmentManagerImpl,makeActive
EmulatorDetection,PlayStore1,MAMADROID,android.support.v4.app.FragmentManagerImpl,addFragment,java.util.ArrayList,<init>
EmulatorDetection,PlayStore1,MAMADROID,android.support.v4.app.FragmentManagerImpl,addFragment,java.util.ArrayList,add
EmulatorDetection,PlayStore1,MAMADROID,android.support.v4.app.FragmentManagerImpl,addFragment,java.util.ArrayList,contains
EmulatorDetection,PlayStore1,MAMADROID,android.support.v4.app.FragmentManagerImpl,beginTransaction,android.support.v4.app.BackStackRecord,<init>
EmulatorDetection,PlayStore1,MAMADROID,android.support.v4.app.FragmentManagerImpl,dispatchActivityCreated,android.support.v4.app.FragmentManagerImpl,moveToState
EmulatorDetection,PlayStore1,MAMADROID,android.support.v4.app.FragmentManagerImpl,dispatchCreate,android.support.v4.app.FragmentManagerImpl,moveToState
EmulatorDetection,PlayStore1,MAMADROID,android.support.v4.app.FragmentManagerImpl,dispatchCreateOptionsMenu,android.support.v4.app.Fragment,performCreateOptionsMenu
EmulatorDetection,PlayStore1,MAMADROID,android.support.v4.app.FragmentManagerImpl,dispatchCreateOptionsMenu,java.util.ArrayList,get
EmulatorDetection,PlayStore1,MAMADROID,android.support.v4.app.FragmentManagerImpl,dispatchCreateOptionsMenu,java.util.ArrayList,size
EmulatorDetection,PlayStore1,MAMADROID,android.support.v4.app.FragmentManagerImpl,dispatchDestroy,android.support.v4.app.FragmentManagerImpl,execPendingActions
EmulatorDetection,PlayStore1,MAMADROID,android.support.v4.app.FragmentManagerImpl,dispatchDestroy,android.support.v4.app.FragmentManagerImpl,moveToState
EmulatorDetection,PlayStore1,MAMADROID,android.support.v4.app.FragmentManagerImpl,dispatchPause,android.support.v4.app.FragmentManagerImpl,moveToState
EmulatorDetection,PlayStore1,MAMADROID,android.support.v4.app.FragmentManagerImpl,dispatchPrepareOptionsMenu,android.support.v4.app.Fragment,performPrepareOptionsMenu
EmulatorDetection,PlayStore1,MAMADROID,android.support.v4.app.FragmentManagerImpl,dispatchPrepareOptionsMenu,java.util.ArrayList,get
EmulatorDetection,PlayStore1,MAMADROID,android.support.v4.app.FragmentManagerImpl,dispatchPrepareOptionsMenu,java.util.ArrayList,size
EmulatorDetection,PlayStore1,MAMADROID,android.support.v4.app.FragmentManagerImpl,dispatchReallyStop,android.support.v4.app.FragmentManagerImpl,moveToState
EmulatorDetection,PlayStore1,MAMADROID,android.support.v4.app.FragmentManagerImpl,dispatchResume,android.support.v4.app.FragmentManagerImpl,moveToState
EmulatorDetection,PlayStore1,MAMADROID,android.support.v4.app.FragmentManagerImpl,dispatchStart,android.support.v4.app.FragmentManagerImpl,moveToState
EmulatorDetection,PlayStore1,MAMADROID,android.support.v4.app.FragmentManagerImpl,dispatchStop,android.support.v4.app.FragmentManagerImpl,moveToState
EmulatorDetection,PlayStore1,MAMADROID,android.support.v4.app.FragmentManagerImpl,enqueueAction,android.os.Handler,post
EmulatorDetection,PlayStore1,MAMADROID,android.support.v4.app.FragmentManagerImpl,enqueueAction,android.os.Handler,removeCallbacks
EmulatorDetection,PlayStore1,MAMADROID,android.support.v4.app.FragmentManagerImpl,enqueueAction,android.support.v4.app.FragmentManagerImpl,checkStateLoss
EmulatorDetection,PlayStore1,MAMADROID,android.support.v4.app.FragmentManagerImpl,enqueueAction,java.util.ArrayList,<init>
EmulatorDetection,PlayStore1,MAMADROID,android.support.v4.app.FragmentManagerImpl,enqueueAction,java.util.ArrayList,add
EmulatorDetection,PlayStore1,MAMADROID,android.support.v4.app.FragmentManagerImpl,enqueueAction,java.util.ArrayList,size
EmulatorDetection,PlayStore1,MAMADROID,android.support.v4.app.FragmentManagerImpl,execPendingActions,android.os.Handler,getLooper
EmulatorDetection,PlayStore1,MAMADROID,android.support.v4.app.FragmentManagerImpl,execPendingActions,android.os.Handler,removeCallbacks
EmulatorDetection,PlayStore1,MAMADROID,android.support.v4.app.FragmentManagerImpl,execPendingActions,android.os.Looper,myLooper
EmulatorDetection,PlayStore1,MAMADROID,android.support.v4.app.FragmentManagerImpl,execPendingActions,java.lang.Runnable,run
EmulatorDetection,PlayStore1,MAMADROID,android.support.v4.app.FragmentManagerImpl,execPendingActions,java.util.ArrayList,clear
EmulatorDetection,PlayStore1,MAMADROID,android.support.v4.app.FragmentManagerImpl,execPendingActions,java.util.ArrayList,size
EmulatorDetection,PlayStore1,MAMADROID,android.support.v4.app.FragmentManagerImpl,execPendingActions,java.util.ArrayList,toArray
EmulatorDetection,PlayStore1,MAMADROID,android.support.v4.app.FragmentManagerImpl,executePendingTransactions,android.support.v4.app.FragmentManagerImpl,execPendingActions
EmulatorDetection,PlayStore1,MAMADROID,android.support.v4.app.FragmentManagerImpl,loadAnimation,android.support.v4.app.Fragment,onCreateAnimation
EmulatorDetection,PlayStore1,MAMADROID,android.support.v4.app.FragmentManagerImpl,makeActive,android.support.v4.app.Fragment,setIndex
EmulatorDetection,PlayStore1,MAMADROID,android.support.v4.app.FragmentManagerImpl,makeActive,java.util.ArrayList,<init>
EmulatorDetection,PlayStore1,MAMADROID,android.support.v4.app.FragmentManagerImpl,makeActive,java.util.ArrayList,add
EmulatorDetection,PlayStore1,MAMADROID,android.support.v4.app.FragmentManagerImpl,makeActive,java.util.ArrayList,size
EmulatorDetection,PlayStore1,MAMADROID,android.support.v4.app.FragmentManagerImpl,makeInactive,android.support.v4.app.Fragment,initState
EmulatorDetection,PlayStore1,MAMADROID,android.support.v4.app.FragmentManagerImpl,makeInactive,android.support.v4.app.FragmentActivity,invalidateSupportFragment
EmulatorDetection,PlayStore1,MAMADROID,android.support.v4.app.FragmentManagerImpl,makeInactive,java.lang.Integer,valueOf
EmulatorDetection,PlayStore1,MAMADROID,android.support.v4.app.FragmentManagerImpl,makeInactive,java.util.ArrayList,<init>
EmulatorDetection,PlayStore1,MAMADROID,android.support.v4.app.FragmentManagerImpl,makeInactive,java.util.ArrayList,add
EmulatorDetection,PlayStore1,MAMADROID,android.support.v4.app.FragmentManagerImpl,makeInactive,java.util.ArrayList,set
EmulatorDetection,PlayStore1,MAMADROID,android.support.v4.app.FragmentManagerImpl,moveToState,android.app.Activity,isFinishing
EmulatorDetection,PlayStore1,MAMADROID,android.support.v4.app.FragmentManagerImpl,moveToState,android.support.v4.app.Fragment,getLayoutInflater
EmulatorDetection,PlayStore1,MAMADROID,android.support.v4.app.FragmentManagerImpl,moveToState,android.support.v4.app.Fragment,onAttach
EmulatorDetection,PlayStore1,MAMADROID,android.support.v4.app.FragmentManagerImpl,moveToState,android.support.v4.app.Fragment,onDetach
EmulatorDetection,PlayStore1,MAMADROID,android.support.v4.app.FragmentManagerImpl,moveToState,android.support.v4.app.Fragment,onViewCreated
EmulatorDetection,PlayStore1,MAMADROID,android.support.v4.app.FragmentManagerImpl,moveToState,android.support.v4.app.Fragment,performActivityCreated
EmulatorDetection,PlayStore1,MAMADROID,android.support.v4.app.FragmentManagerImpl,moveToState,android.support.v4.app.Fragment,performCreate
EmulatorDetection,PlayStore1,MAMADROID,android.support.v4.app.FragmentManagerImpl,moveToState,android.support.v4.app.Fragment,performCreateView
EmulatorDetection,PlayStore1,MAMADROID,android.support.v4.app.FragmentManagerImpl,moveToState,android.support.v4.app.Fragment,performDestroy
EmulatorDetection,PlayStore1,MAMADROID,android.support.v4.app.FragmentManagerImpl,moveToState,android.support.v4.app.Fragment,performDestroyView
EmulatorDetection,PlayStore1,MAMADROID,android.support.v4.app.FragmentManagerImpl,moveToState,android.support.v4.app.Fragment,performPause
EmulatorDetection,PlayStore1,MAMADROID,android.support.v4.app.FragmentManagerImpl,moveToState,android.support.v4.app.Fragment,performReallyStop
EmulatorDetection,PlayStore1,MAMADROID,android.support.v4.app.FragmentManagerImpl,moveToState,android.support.v4.app.Fragment,performResume
EmulatorDetection,PlayStore1,MAMADROID,android.support.v4.app.FragmentManagerImpl,moveToState,android.support.v4.app.Fragment,performStart
EmulatorDetection,PlayStore1,MAMADROID,android.support.v4.app.FragmentManagerImpl,moveToState,android.support.v4.app.Fragment,performStop
EmulatorDetection,PlayStore1,MAMADROID,android.support.v4.app.FragmentManagerImpl,moveToState,android.support.v4.app.Fragment,restoreViewState
EmulatorDetection,PlayStore1,MAMADROID,android.support.v4.app.FragmentManagerImpl,moveToState,android.support.v4.app.FragmentActivity,onAttachFragment
EmulatorDetection,PlayStore1,MAMADROID,android.support.v4.app.FragmentManagerImpl,moveToState,android.support.v4.app.FragmentContainer,findViewById
EmulatorDetection,PlayStore1,MAMADROID,android.support.v4.app.FragmentManagerImpl,moveToState,android.support.v4.app.FragmentManagerImpl,loadAnimation
EmulatorDetection,PlayStore1,MAMADROID,android.support.v4.app.FragmentManagerImpl,moveToState,android.support.v4.app.FragmentManagerImpl,makeInactive
EmulatorDetection,PlayStore1,MAMADROID,android.support.v4.app.FragmentManagerImpl,moveToState,android.support.v4.app.FragmentManagerImpl,moveToState
EmulatorDetection,PlayStore1,MAMADROID,android.support.v4.app.FragmentManagerImpl,moveToState,android.support.v4.app.FragmentManagerImpl,startPendingDeferredFragments
EmulatorDetection,PlayStore1,MAMADROID,android.support.v4.app.FragmentManagerImpl,moveToState,android.support.v4.app.NoSaveStateFrameLayout,wrap
EmulatorDetection,PlayStore1,MAMADROID,android.support.v4.app.FragmentManagerImpl,moveToState,android.view.ViewGroup,addView
EmulatorDetection,PlayStore1,MAMADROID,android.support.v4.app.FragmentManagerImpl,moveToState,android.view.ViewGroup,removeView
EmulatorDetection,PlayStore1,MAMADROID,android.support.v4.app.FragmentManagerImpl,moveToState,java.util.ArrayList,get
EmulatorDetection,PlayStore1,MAMADROID,android.support.v4.app.FragmentManagerImpl,moveToState,java.util.ArrayList,size
EmulatorDetection,PlayStore1,MAMADROID,android.support.v4.app.FragmentManagerImpl,popBackStackImmediate,android.support.v4.app.FragmentManagerImpl,checkStateLoss
EmulatorDetection,PlayStore1,MAMADROID,android.support.v4.app.FragmentManagerImpl,popBackStackImmediate,android.support.v4.app.FragmentManagerImpl,executePendingTransactions
EmulatorDetection,PlayStore1,MAMADROID,android.support.v4.app.FragmentManagerImpl,popBackStackImmediate,android.support.v4.app.FragmentManagerImpl,popBackStackState
EmulatorDetection,PlayStore1,MAMADROID,android.support.v4.app.FragmentManagerImpl,saveAllState,android.support.v4.app.FragmentManagerImpl,execPendingActions
EmulatorDetection,PlayStore1,MAMADROID,android.support.v4.app.FragmentManagerImpl,saveAllState,android.support.v4.app.FragmentManagerImpl,saveFragmentBasicState
EmulatorDetection,PlayStore1,MAMADROID,android.support.v4.app.FragmentManagerImpl,saveAllState,android.support.v4.app.FragmentManagerState,<init>
EmulatorDetection,PlayStore1,MAMADROID,android.support.v4.app.FragmentManagerImpl,saveAllState,java.util.ArrayList,get
EmulatorDetection,PlayStore1,MAMADROID,android.support.v4.app.FragmentManagerImpl,saveAllState,java.util.ArrayList,size
EmulatorDetection,PlayStore1,MAMADROID,android.support.v4.app.FragmentManagerImpl,saveFragmentBasicState,android.os.BaseBundle,isEmpty
EmulatorDetection,PlayStore1,MAMADROID,android.support.v4.app.FragmentManagerImpl,saveFragmentBasicState,android.os.Bundle,<init>
EmulatorDetection,PlayStore1,MAMADROID,android.support.v4.app.FragmentManagerImpl,saveFragmentBasicState,android.support.v4.app.Fragment,performSaveInstanceState
EmulatorDetection,PlayStore1,MAMADROID,android.support.v4.app.FragmentManagerImpl,saveFragmentBasicState,android.support.v4.app.FragmentManagerImpl,saveFragmentViewState
EmulatorDetection,PlayStore1,MAMADROID,android.support.v4.app.FragmentManagerImpl,saveFragmentViewState,android.util.SparseArray,<init>
EmulatorDetection,PlayStore1,MAMADROID,android.support.v4.app.FragmentManagerImpl,saveFragmentViewState,android.util.SparseArray,clear
EmulatorDetection,PlayStore1,MAMADROID,android.support.v4.app.FragmentManagerImpl,saveFragmentViewState,android.util.SparseArray,size
EmulatorDetection,PlayStore1,MAMADROID,android.support.v4.app.FragmentManagerImpl,saveFragmentViewState,android.view.View,saveHierarchyState
EmulatorDetection,PlayStore1,MAMADROID,android.support.v4.app.FragmentManagerImpl,startPendingDeferredFragments,android.support.v4.app.FragmentManagerImpl,performPendingDeferredStart
EmulatorDetection,PlayStore1,MAMADROID,android.support.v4.app.FragmentManagerImpl,startPendingDeferredFragments,java.util.ArrayList,get
EmulatorDetection,PlayStore1,MAMADROID,android.support.v4.app.FragmentManagerImpl,startPendingDeferredFragments,java.util.ArrayList,size
EmulatorDetection,PlayStore1,MAMADROID,android.support.v4.app.FragmentManagerState,writeToParcel,android.os.Parcel,writeIntArray
EmulatorDetection,PlayStore1,MAMADROID,android.support.v4.app.FragmentManagerState,writeToParcel,android.os.Parcel,writeTypedArray
EmulatorDetection,PlayStore1,MAMADROID,android.support.v4.app.FragmentState,<init>,java.lang.Class,getName
EmulatorDetection,PlayStore1,MAMADROID,android.support.v4.app.FragmentState,<init>,java.lang.Object,getClass
EmulatorDetection,PlayStore1,MAMADROID,android.support.v4.app.FragmentState,writeToParcel,android.os.Parcel,writeBundle
EmulatorDetection,PlayStore1,MAMADROID,android.support.v4.app.FragmentState,writeToParcel,android.os.Parcel,writeInt
EmulatorDetection,PlayStore1,MAMADROID,android.support.v4.app.FragmentState,writeToParcel,android.os.Parcel,writeString
EmulatorDetection,PlayStore1,MAMADROID,android.support.v4.app.NavUtils,getParentActivityName,android.app.Activity,getComponentName
EmulatorDetection,PlayStore1,MAMADROID,android.support.v4.app.NavUtils,getParentActivityName,android.content.Context,getPackageManager
EmulatorDetection,PlayStore1,MAMADROID,android.support.v4.app.NavUtils,getParentActivityName,android.content.pm.PackageManager,getActivityInfo
EmulatorDetection,PlayStore1,MAMADROID,android.support.v4.app.NavUtils$NavUtilsImplJB,getParentActivityName,android.support.v4.app.NavUtils$NavUtilsImplBase,getParentActivityName
EmulatorDetection,PlayStore1,MAMADROID,android.support.v4.app.NoSaveStateFrameLayout,dispatchSaveInstanceState,android.view.ViewGroup,dispatchFreezeSelfOnly
EmulatorDetection,PlayStore1,MAMADROID,android.support.v4.app.NoSaveStateFrameLayout,wrap,android.support.v4.app.NoSaveStateFrameLayout,<init>
EmulatorDetection,PlayStore1,MAMADROID,android.support.v4.app.NoSaveStateFrameLayout,wrap,android.view.View,getContext
EmulatorDetection,PlayStore1,MAMADROID,android.support.v4.app.NoSaveStateFrameLayout,wrap,android.view.View,getLayoutParams
EmulatorDetection,PlayStore1,MAMADROID,android.support.v4.app.NoSaveStateFrameLayout,wrap,android.view.View,setLayoutParams
EmulatorDetection,PlayStore1,MAMADROID,android.support.v4.app.NoSaveStateFrameLayout,wrap,android.view.ViewGroup,addView
EmulatorDetection,PlayStore1,MAMADROID,android.support.v4.util.SimpleArrayMap,get,android.support.v4.util.SimpleArrayMap,indexOf
EmulatorDetection,PlayStore1,MAMADROID,android.support.v4.util.SimpleArrayMap,get,java.lang.Object,hashCode
EmulatorDetection,PlayStore1,MAMADROID,android.support.v4.view.MenuItemCompat,setShowAsAction,android.support.v4.internal.view.SupportMenuItem,setShowAsAction
EmulatorDetection,PlayStore1,MAMADROID,android.support.v7.app.ActionBarActivity,getMenuInflater,android.support.v7.app.ActionBarActivityDelegate,getMenuInflater
EmulatorDetection,PlayStore1,MAMADROID,android.support.v7.app.ActionBarActivity,onBackPressed,android.support.v4.app.FragmentActivity,onBackPressed
EmulatorDetection,PlayStore1,MAMADROID,android.support.v7.app.ActionBarActivity,onContentChanged,android.support.v7.app.ActionBarActivityDelegate,onContentChanged
EmulatorDetection,PlayStore1,MAMADROID,android.support.v7.app.ActionBarActivity,onCreate,android.support.v7.app.ActionBarActivityDelegate,createDelegate
EmulatorDetection,PlayStore1,MAMADROID,android.support.v7.app.ActionBarActivity,onCreatePanelView,android.support.v7.app.ActionBarActivityDelegate,onCreatePanelView
EmulatorDetection,PlayStore1,MAMADROID,android.support.v7.app.ActionBarActivity,onPrepareOptionsPanel,android.support.v7.app.ActionBarActivityDelegate,onPrepareOptionsPanel
EmulatorDetection,PlayStore1,MAMADROID,android.support.v7.app.ActionBarActivity,onPreparePanel,android.support.v7.app.ActionBarActivityDelegate,onPreparePanel
EmulatorDetection,PlayStore1,MAMADROID,android.support.v7.app.ActionBarActivity,onTitleChanged,android.app.Activity,onTitleChanged
EmulatorDetection,PlayStore1,MAMADROID,android.support.v7.app.ActionBarActivity,setContentView,android.support.v7.app.ActionBarActivityDelegate,setContentView
EmulatorDetection,PlayStore1,MAMADROID,android.support.v7.app.ActionBarActivity,superOnCreatePanelMenu,android.support.v4.app.FragmentActivity,onCreatePanelMenu
EmulatorDetection,PlayStore1,MAMADROID,android.support.v7.app.ActionBarActivity,superOnPrepareOptionsPanel,android.support.v4.app.FragmentActivity,onPrepareOptionsPanel
EmulatorDetection,PlayStore1,MAMADROID,android.support.v7.app.ActionBarActivity,superOnPreparePanel,android.support.v4.app.FragmentActivity,onPreparePanel
EmulatorDetection,PlayStore1,MAMADROID,android.support.v7.app.ActionBarActivity,superSetContentView,android.app.Activity,setContentView
EmulatorDetection,PlayStore1,MAMADROID,android.support.v7.app.ActionBarActivityDelegate,createDelegate,android.support.v7.app.ActionBarActivityDelegateJBMR2,<init>
EmulatorDetection,PlayStore1,MAMADROID,android.support.v7.app.ActionBarActivityDelegate,getActionBarThemedContext,android.support.v7.app.ActionBar,getThemedContext
EmulatorDetection,PlayStore1,MAMADROID,android.support.v7.app.ActionBarActivityDelegate,getActionBarThemedContext,android.support.v7.app.ActionBarActivityDelegate,getSupportActionBar
EmulatorDetection,PlayStore1,MAMADROID,android.support.v7.app.ActionBarActivityDelegate,getMenuInflater,android.support.v7.app.ActionBarActivityDelegate,getActionBarThemedContext
EmulatorDetection,PlayStore1,MAMADROID,android.support.v7.app.ActionBarActivityDelegate,getMenuInflater,android.support.v7.internal.view.SupportMenuInflater,<init>
EmulatorDetection,PlayStore1,MAMADROID,android.support.v7.app.ActionBarActivityDelegate,getSupportActionBar,android.support.v7.app.ActionBarActivityDelegate,createSupportActionBar
EmulatorDetection,PlayStore1,MAMADROID,android.support.v7.app.ActionBarActivityDelegate,getUiOptionsFromMetadata,android.app.Activity,getComponentName
EmulatorDetection,PlayStore1,MAMADROID,android.support.v7.app.ActionBarActivityDelegate,getUiOptionsFromMetadata,android.content.ContextWrapper,getPackageManager
EmulatorDetection,PlayStore1,MAMADROID,android.support.v7.app.ActionBarActivityDelegate,getUiOptionsFromMetadata,android.content.pm.PackageManager,getActivityInfo
EmulatorDetection,PlayStore1,MAMADROID,android.support.v7.app.ActionBarActivityDelegate,onCreate,android.content.Context,obtainStyledAttributes
EmulatorDetection,PlayStore1,MAMADROID,android.support.v7.app.ActionBarActivityDelegate,onCreate,android.content.res.TypedArray,getBoolean
EmulatorDetection,PlayStore1,MAMADROID,android.support.v7.app.ActionBarActivityDelegate,onCreate,android.content.res.TypedArray,hasValue
EmulatorDetection,PlayStore1,MAMADROID,android.support.v7.app.ActionBarActivityDelegate,onCreate,android.content.res.TypedArray,recycle
EmulatorDetection,PlayStore1,MAMADROID,android.support.v7.app.ActionBarActivityDelegate,onCreate,android.support.v4.app.NavUtils,getParentActivityName
EmulatorDetection,PlayStore1,MAMADROID,android.support.v7.app.ActionBarActivityDelegate,onPrepareOptionsPanel,android.support.v7.app.ActionBarActivity,superOnPrepareOptionsPanel
EmulatorDetection,PlayStore1,MAMADROID,android.support.v7.app.ActionBarActivityDelegateICS,createWindowCallbackWrapper,android.support.v7.app.ActionBarActivityDelegateICS$WindowCallbackWrapper,<init>
EmulatorDetection,PlayStore1,MAMADROID,android.support.v7.app.ActionBarActivityDelegateICS,onContentChanged,android.support.v7.app.ActionBarActivity,onSupportContentChanged
EmulatorDetection,PlayStore1,MAMADROID,android.support.v7.app.ActionBarActivityDelegateICS,onCreate,android.app.Activity,getWindow
EmulatorDetection,PlayStore1,MAMADROID,android.support.v7.app.ActionBarActivityDelegateICS,onCreate,android.app.Activity,requestWindowFeature
EmulatorDetection,PlayStore1,MAMADROID,android.support.v7.app.ActionBarActivityDelegateICS,onCreate,android.support.v7.app.ActionBarActivityDelegate,getUiOptionsFromMetadata
EmulatorDetection,PlayStore1,MAMADROID,android.support.v7.app.ActionBarActivityDelegateICS,onCreate,android.support.v7.app.ActionBarActivityDelegateICS,createWindowCallbackWrapper
EmulatorDetection,PlayStore1,MAMADROID,android.support.v7.app.ActionBarActivityDelegateICS,onCreate,android.view.Window,getCallback
EmulatorDetection,PlayStore1,MAMADROID,android.support.v7.app.ActionBarActivityDelegateICS,onCreate,android.view.Window,setCallback
EmulatorDetection,PlayStore1,MAMADROID,android.support.v7.app.ActionBarActivityDelegateICS,onCreate,java.lang.String,equals
EmulatorDetection,PlayStore1,MAMADROID,android.support.v7.app.ActionBarActivityDelegateICS,onCreatePanelMenu,android.support.v7.app.ActionBarActivity,superOnCreatePanelMenu
EmulatorDetection,PlayStore1,MAMADROID,android.support.v7.app.ActionBarActivityDelegateICS,onCreatePanelMenu,android.support.v7.internal.view.menu.MenuWrapperFactory,createMenuWrapper
EmulatorDetection,PlayStore1,MAMADROID,android.support.v7.app.ActionBarActivityDelegateICS,onPreparePanel,android.support.v7.app.ActionBarActivity,superOnPreparePanel
EmulatorDetection,PlayStore1,MAMADROID,android.support.v7.app.ActionBarActivityDelegateICS,setContentView,android.support.v7.app.ActionBarActivity,superSetContentView
EmulatorDetection,PlayStore1,MAMADROID,android.support.v7.app.ActionBarActivityDelegateICS$WindowCallbackWrapper,dispatchKeyEvent,android.view.Window$Callback,dispatchKeyEvent
EmulatorDetection,PlayStore1,MAMADROID,android.support.v7.app.ActionBarActivityDelegateICS$WindowCallbackWrapper,dispatchTouchEvent,android.view.Window$Callback,dispatchTouchEvent
EmulatorDetection,PlayStore1,MAMADROID,android.support.v7.app.ActionBarActivityDelegateICS$WindowCallbackWrapper,dispatchTrackballEvent,android.view.Window$Callback,dispatchTrackballEvent
EmulatorDetection,PlayStore1,MAMADROID,android.support.v7.app.ActionBarActivityDelegateICS$WindowCallbackWrapper,onAttachedToWindow,android.view.Window$Callback,onAttachedToWindow
EmulatorDetection,PlayStore1,MAMADROID,android.support.v7.app.ActionBarActivityDelegateICS$WindowCallbackWrapper,onDetachedFromWindow,android.view.Window$Callback,onDetachedFromWindow
EmulatorDetection,PlayStore1,MAMADROID,android.support.v7.app.ActionBarActivityDelegateICS$WindowCallbackWrapper,onMenuOpened,android.view.Window$Callback,onMenuOpened
EmulatorDetection,PlayStore1,MAMADROID,android.support.v7.app.ActionBarActivityDelegateICS$WindowCallbackWrapper,onWindowAttributesChanged,android.view.Window$Callback,onWindowAttributesChanged
EmulatorDetection,PlayStore1,MAMADROID,android.support.v7.app.ActionBarActivityDelegateICS$WindowCallbackWrapper,onWindowFocusChanged,android.view.Window$Callback,onWindowFocusChanged
EmulatorDetection,PlayStore1,MAMADROID,android.support.v7.app.ActionBarActivityDelegateJBMR2,createSupportActionBar,android.support.v7.app.ActionBarImplJBMR2,<init>
EmulatorDetection,PlayStore1,MAMADROID,android.support.v7.app.ActionBarImplICS,<init>,android.app.Activity,getActionBar
EmulatorDetection,PlayStore1,MAMADROID,android.support.v7.app.ActionBarImplICS,getThemedContext,android.app.ActionBar,getThemedContext
EmulatorDetection,PlayStore1,MAMADROID,android.support.v7.internal.view.SupportMenuInflater,inflate,android.content.Context,getResources
EmulatorDetection,PlayStore1,MAMADROID,android.support.v7.internal.view.SupportMenuInflater,inflate,android.content.res.Resources,getLayout
EmulatorDetection,PlayStore1,MAMADROID,android.support.v7.internal.view.SupportMenuInflater,inflate,android.content.res.XmlResourceParser,close
EmulatorDetection,PlayStore1,MAMADROID,android.support.v7.internal.view.SupportMenuInflater,inflate,android.support.v7.internal.view.SupportMenuInflater,parseMenu
EmulatorDetection,PlayStore1,MAMADROID,android.support.v7.internal.view.SupportMenuInflater,inflate,android.util.Xml,asAttributeSet
EmulatorDetection,PlayStore1,MAMADROID,android.support.v7.internal.view.SupportMenuInflater,parseMenu,android.support.v7.internal.view.SupportMenuInflater$MenuState,<init>
EmulatorDetection,PlayStore1,MAMADROID,android.support.v7.internal.view.SupportMenuInflater,parseMenu,android.support.v7.internal.view.SupportMenuInflater$MenuState,access$000
EmulatorDetection,PlayStore1,MAMADROID,android.support.v7.internal.view.SupportMenuInflater,parseMenu,android.support.v7.internal.view.SupportMenuInflater$MenuState,addItem
EmulatorDetection,PlayStore1,MAMADROID,android.support.v7.internal.view.SupportMenuInflater,parseMenu,android.support.v7.internal.view.SupportMenuInflater$MenuState,hasAddedItem
EmulatorDetection,PlayStore1,MAMADROID,android.support.v7.internal.view.SupportMenuInflater,parseMenu,android.support.v7.internal.view.SupportMenuInflater$MenuState,readItem
EmulatorDetection,PlayStore1,MAMADROID,android.support.v7.internal.view.SupportMenuInflater,parseMenu,java.lang.String,equals
EmulatorDetection,PlayStore1,MAMADROID,android.support.v7.internal.view.SupportMenuInflater,parseMenu,org.xmlpull.v1.XmlPullParser,getEventType
EmulatorDetection,PlayStore1,MAMADROID,android.support.v7.internal.view.SupportMenuInflater,parseMenu,org.xmlpull.v1.XmlPullParser,getName
EmulatorDetection,PlayStore1,MAMADROID,android.support.v7.internal.view.SupportMenuInflater,parseMenu,org.xmlpull.v1.XmlPullParser,next
EmulatorDetection,PlayStore1,MAMADROID,android.support.v7.internal.view.SupportMenuInflater$MenuState,<init>,android.support.v7.internal.view.SupportMenuInflater$MenuState,resetGroup
EmulatorDetection,PlayStore1,MAMADROID,android.support.v7.internal.view.SupportMenuInflater$MenuState,addItem,android.support.v7.internal.view.SupportMenuInflater$MenuState,setItem
EmulatorDetection,PlayStore1,MAMADROID,android.support.v7.internal.view.SupportMenuInflater$MenuState,addItem,android.view.Menu,add
EmulatorDetection,PlayStore1,MAMADROID,android.support.v7.internal.view.SupportMenuInflater$MenuState,readItem,android.content.Context,obtainStyledAttributes
EmulatorDetection,PlayStore1,MAMADROID,android.support.v7.internal.view.SupportMenuInflater$MenuState,readItem,android.content.res.TypedArray,getBoolean
EmulatorDetection,PlayStore1,MAMADROID,android.support.v7.internal.view.SupportMenuInflater$MenuState,readItem,android.content.res.TypedArray,getInt
EmulatorDetection,PlayStore1,MAMADROID,android.support.v7.internal.view.SupportMenuInflater$MenuState,readItem,android.content.res.TypedArray,getResourceId
EmulatorDetection,PlayStore1,MAMADROID,android.support.v7.internal.view.SupportMenuInflater$MenuState,readItem,android.content.res.TypedArray,getString
EmulatorDetection,PlayStore1,MAMADROID,android.support.v7.internal.view.SupportMenuInflater$MenuState,readItem,android.content.res.TypedArray,getText
EmulatorDetection,PlayStore1,MAMADROID,android.support.v7.internal.view.SupportMenuInflater$MenuState,readItem,android.content.res.TypedArray,hasValue
EmulatorDetection,PlayStore1,MAMADROID,android.support.v7.internal.view.SupportMenuInflater$MenuState,readItem,android.content.res.TypedArray,recycle
EmulatorDetection,PlayStore1,MAMADROID,android.support.v7.internal.view.SupportMenuInflater$MenuState,readItem,android.support.v7.internal.view.SupportMenuInflater,access$100
EmulatorDetection,PlayStore1,MAMADROID,android.support.v7.internal.view.SupportMenuInflater$MenuState,readItem,android.support.v7.internal.view.SupportMenuInflater$MenuState,getShortcut
EmulatorDetection,PlayStore1,MAMADROID,android.support.v7.internal.view.SupportMenuInflater$MenuState,setItem,android.support.v4.view.MenuItemCompat,setShowAsAction
EmulatorDetection,PlayStore1,MAMADROID,android.support.v7.internal.view.SupportMenuInflater$MenuState,setItem,android.view.MenuItem,setAlphabeticShortcut
EmulatorDetection,PlayStore1,MAMADROID,android.support.v7.internal.view.SupportMenuInflater$MenuState,setItem,android.view.MenuItem,setCheckable
EmulatorDetection,PlayStore1,MAMADROID,android.support.v7.internal.view.SupportMenuInflater$MenuState,setItem,android.view.MenuItem,setChecked
EmulatorDetection,PlayStore1,MAMADROID,android.support.v7.internal.view.SupportMenuInflater$MenuState,setItem,android.view.MenuItem,setEnabled
EmulatorDetection,PlayStore1,MAMADROID,android.support.v7.internal.view.SupportMenuInflater$MenuState,setItem,android.view.MenuItem,setIcon
EmulatorDetection,PlayStore1,MAMADROID,android.support.v7.internal.view.SupportMenuInflater$MenuState,setItem,android.view.MenuItem,setNumericShortcut
EmulatorDetection,PlayStore1,MAMADROID,android.support.v7.internal.view.SupportMenuInflater$MenuState,setItem,android.view.MenuItem,setTitleCondensed
EmulatorDetection,PlayStore1,MAMADROID,android.support.v7.internal.view.SupportMenuInflater$MenuState,setItem,android.view.MenuItem,setVisible
EmulatorDetection,PlayStore1,MAMADROID,android.support.v7.internal.view.menu.BaseMenuWrapper,getMenuItemWrapper,android.support.v7.internal.view.menu.MenuWrapperFactory,createSupportMenuItemWrapper
EmulatorDetection,PlayStore1,MAMADROID,android.support.v7.internal.view.menu.BaseMenuWrapper,getMenuItemWrapper,java.util.HashMap,<init>
EmulatorDetection,PlayStore1,MAMADROID,android.support.v7.internal.view.menu.BaseMenuWrapper,getMenuItemWrapper,java.util.HashMap,get
EmulatorDetection,PlayStore1,MAMADROID,android.support.v7.internal.view.menu.BaseMenuWrapper,getMenuItemWrapper,java.util.HashMap,put
EmulatorDetection,PlayStore1,MAMADROID,android.support.v7.internal.view.menu.MenuItemWrapperICS,<init>,android.view.MenuItem,isVisible
EmulatorDetection,PlayStore1,MAMADROID,android.support.v7.internal.view.menu.MenuItemWrapperICS,setChecked,android.view.MenuItem,setChecked
EmulatorDetection,PlayStore1,MAMADROID,android.support.v7.internal.view.menu.MenuItemWrapperICS,setVisible,android.support.v7.internal.view.menu.MenuItemWrapperICS,wrappedSetVisible
EmulatorDetection,PlayStore1,MAMADROID,android.support.v7.internal.view.menu.MenuItemWrapperICS,wrappedSetVisible,android.view.MenuItem,setVisible
EmulatorDetection,PlayStore1,MAMADROID,android.support.v7.internal.view.menu.MenuWrapperFactory,createMenuWrapper,android.support.v7.internal.view.menu.MenuWrapperICS,<init>
EmulatorDetection,PlayStore1,MAMADROID,android.support.v7.internal.view.menu.MenuWrapperFactory,createSupportMenuItemWrapper,android.support.v7.internal.view.menu.MenuItemWrapperJB,<init>
EmulatorDetection,PlayStore1,MAMADROID,android.support.v7.internal.view.menu.MenuWrapperICS,add,android.support.v7.internal.view.menu.BaseMenuWrapper,getMenuItemWrapper
EmulatorDetection,PlayStore1,MAMADROID,android.support.v7.internal.view.menu.MenuWrapperICS,add,android.view.Menu,add
EmulatorDetection,PlayStore1,MAMADROID,de.ecspride.MainActivity,onCreate,android.content.Context,getPackageManager
EmulatorDetection,PlayStore1,MAMADROID,de.ecspride.MainActivity,onCreate,android.content.pm.PackageManager,queryIntentActivities
EmulatorDetection,PlayStore1,MAMADROID,de.ecspride.MainActivity,onCreate,android.support.v4.app.FragmentManager,beginTransaction
EmulatorDetection,PlayStore1,MAMADROID,de.ecspride.MainActivity,onCreate,android.support.v4.app.FragmentTransaction,add
EmulatorDetection,PlayStore1,MAMADROID,de.ecspride.MainActivity,onCreate,android.support.v4.app.FragmentTransaction,commit
EmulatorDetection,PlayStore1,MAMADROID,de.ecspride.MainActivity,onCreate,java.lang.String,startsWith
EmulatorDetection,PlayStore1,MAMADROID,de.ecspride.MainActivity,onCreate,java.util.Iterator,hasNext
EmulatorDetection,PlayStore1,MAMADROID,de.ecspride.MainActivity,onCreate,java.util.Iterator,next
EmulatorDetection,PlayStore1,MAMADROID,de.ecspride.MainActivity,onCreate,java.util.List,iterator
EmulatorDetection,PlayStore1,MAMADROID,de.ecspride.MainActivity,onCreateOptionsMenu,android.view.MenuInflater,inflate
EmulatorDetection,PlayStore1,MAMADROID,de.ecspride.MainActivity$PlaceholderFragment,onCreateView,android.view.LayoutInflater,inflate
EmulatorDetection,PlayStore1,NATIDROID,android.support.v4.app.FragmentActivity,onCreate,android.view.LayoutInflater,getFactory
EmulatorDetection,PlayStore1,NATIDROID,android.support.v4.app.FragmentActivity,onCreate,android.view.LayoutInflater,setFactory
EmulatorDetection,PlayStore1,NATIDROID,android.support.v4.app.NavUtils,getParentActivityName,android.content.pm.PackageManager,getActivityInfo
EmulatorDetection,PlayStore1,NATIDROID,android.support.v7.app.ActionBarActivityDelegate,getUiOptionsFromMetadata,android.content.pm.PackageManager,getActivityInfo
EmulatorDetection,PlayStore1,NATIDROID,android.support.v7.app.ActionBarActivityDelegateICS,onCreate,android.view.Window,getCallback
EmulatorDetection,PlayStore1,NATIDROID,android.support.v7.app.ActionBarActivityDelegateICS,onCreate,android.view.Window,setCallback
EmulatorDetection,PlayStore1,NATIDROID,android.support.v7.internal.view.SupportMenuInflater,inflate,android.content.res.XmlResourceParser,close
EmulatorDetection,PlayStore1,NATIDROID,android.support.v7.internal.view.SupportMenuInflater,parseMenu,org.xmlpull.v1.XmlPullParser,getEventType
EmulatorDetection,PlayStore1,NATIDROID,android.support.v7.internal.view.SupportMenuInflater,parseMenu,org.xmlpull.v1.XmlPullParser,getName
EmulatorDetection,PlayStore1,NATIDROID,android.support.v7.internal.view.SupportMenuInflater,parseMenu,org.xmlpull.v1.XmlPullParser,next
EmulatorDetection,PlayStore1,NATIDROID,de.ecspride.MainActivity,onCreate,android.content.pm.PackageManager,queryIntentActivities
EmulatorDetection,PlayStore1,NATIDROID,de.ecspride.MainActivity$PlaceholderFragment,onCreateView,android.view.LayoutInflater,inflate
FieldAndObjectSensitivity,FieldSensitivity1,FlowDroid,de.ecspride.FieldSensitivity1,sendTaint,android.telephony.SmsManager,sendTextMessage
FieldAndObjectSensitivity,FieldSensitivity1,FlowDroid,de.ecspride.FieldSensitivity1,setTaint,android.telephony.TelephonyManager,getSimSerialNumber
FieldAndObjectSensitivity,FieldSensitivity1,MAMADROID,de.ecspride.FieldSensitivity1,sendTaint,android.telephony.SmsManager,sendTextMessage
FieldAndObjectSensitivity,FieldSensitivity1,MAMADROID,de.ecspride.FieldSensitivity1,setTaint,android.telephony.TelephonyManager,getSimSerialNumber
FieldAndObjectSensitivity,FieldSensitivity2,FlowDroid,de.ecspride.FieldSensitivity2,onCreate,android.telephony.SmsManager,sendTextMessage
FieldAndObjectSensitivity,FieldSensitivity2,FlowDroid,de.ecspride.FieldSensitivity2,onCreate,android.telephony.TelephonyManager,getSimSerialNumber
FieldAndObjectSensitivity,FieldSensitivity2,MAMADROID,de.ecspride.FieldSensitivity2,onCreate,android.telephony.SmsManager,sendTextMessage
FieldAndObjectSensitivity,FieldSensitivity2,MAMADROID,de.ecspride.FieldSensitivity2,onCreate,android.telephony.TelephonyManager,getSimSerialNumber
FieldAndObjectSensitivity,FieldSensitivity3,FlowDroid,de.ecspride.FieldSensitivity3,onCreate,android.telephony.SmsManager,sendTextMessage
FieldAndObjectSensitivity,FieldSensitivity3,FlowDroid,de.ecspride.FieldSensitivity3,onCreate,android.telephony.TelephonyManager,getSimSerialNumber
FieldAndObjectSensitivity,FieldSensitivity3,MAMADROID,de.ecspride.FieldSensitivity3,onCreate,android.telephony.SmsManager,sendTextMessage
FieldAndObjectSensitivity,FieldSensitivity3,MAMADROID,de.ecspride.FieldSensitivity3,onCreate,android.telephony.TelephonyManager,getSimSerialNumber
FieldAndObjectSensitivity,FieldSensitivity4,FlowDroid,de.ecspride.FieldSensitivity4,onCreate,android.telephony.SmsManager,sendTextMessage
FieldAndObjectSensitivity,FieldSensitivity4,FlowDroid,de.ecspride.FieldSensitivity4,onCreate,android.telephony.TelephonyManager,getDeviceId
FieldAndObjectSensitivity,FieldSensitivity4,MAMADROID,de.ecspride.FieldSensitivity4,onCreate,android.telephony.SmsManager,sendTextMessage
FieldAndObjectSensitivity,FieldSensitivity4,MAMADROID,de.ecspride.FieldSensitivity4,onCreate,android.telephony.TelephonyManager,getDeviceId
FieldAndObjectSensitivity,InheritedObjects1,FlowDroid,de.ecspride.InheritedObjects1,onCreate,android.telephony.SmsManager,sendTextMessage
FieldAndObjectSensitivity,InheritedObjects1,FlowDroid,de.ecspride.VarA,getInfo,android.telephony.TelephonyManager,getDeviceId
FieldAndObjectSensitivity,InheritedObjects1,MAMADROID,de.ecspride.InheritedObjects1,onCreate,android.telephony.SmsManager,sendTextMessage
FieldAndObjectSensitivity,InheritedObjects1,MAMADROID,de.ecspride.VarA,getInfo,android.telephony.TelephonyManager,getDeviceId
FieldAndObjectSensitivity,ObjectSensitivity1,FlowDroid,de.ecspride.ObjectSensitivity1,onCreate,android.telephony.SmsManager,sendTextMessage
FieldAndObjectSensitivity,ObjectSensitivity1,FlowDroid,de.ecspride.ObjectSensitivity1,onCreate,android.telephony.TelephonyManager,getSimSerialNumber
FieldAndObjectSensitivity,ObjectSensitivity1,MAMADROID,de.ecspride.ObjectSensitivity1,onCreate,android.telephony.SmsManager,sendTextMessage
FieldAndObjectSensitivity,ObjectSensitivity1,MAMADROID,de.ecspride.ObjectSensitivity1,onCreate,android.telephony.TelephonyManager,getSimSerialNumber
FieldAndObjectSensitivity,ObjectSensitivity2,FlowDroid,de.ecspride.OverwiteValue,onCreate,android.telephony.SmsManager,sendTextMessage
FieldAndObjectSensitivity,ObjectSensitivity2,FlowDroid,de.ecspride.OverwiteValue,onCreate,android.telephony.TelephonyManager,getDeviceId
FieldAndObjectSensitivity,ObjectSensitivity2,MAMADROID,de.ecspride.OverwiteValue,onCreate,android.telephony.SmsManager,sendTextMessage
FieldAndObjectSensitivity,ObjectSensitivity2,MAMADROID,de.ecspride.OverwiteValue,onCreate,android.telephony.TelephonyManager,getDeviceId
GeneralJava,Clone1,FlowDroid,edu.mit.clone.MainActivity,onCreate,android.telephony.TelephonyManager,getDeviceId
GeneralJava,Clone1,MAMADROID,edu.mit.clone.MainActivity,onCreate,android.telephony.TelephonyManager,getDeviceId
GeneralJava,Exceptions1,FlowDroid,de.ecspride.Exceptions1,onCreate,android.telephony.SmsManager,sendTextMessage
GeneralJava,Exceptions1,FlowDroid,de.ecspride.Exceptions1,onCreate,android.telephony.TelephonyManager,getDeviceId
GeneralJava,Exceptions1,MAMADROID,de.ecspride.Exceptions1,onCreate,android.telephony.SmsManager,sendTextMessage
GeneralJava,Exceptions1,MAMADROID,de.ecspride.Exceptions1,onCreate,android.telephony.TelephonyManager,getDeviceId
GeneralJava,Exceptions2,FlowDroid,de.ecspride.Exceptions2,onCreate,android.telephony.SmsManager,sendTextMessage
GeneralJava,Exceptions2,FlowDroid,de.ecspride.Exceptions2,onCreate,android.telephony.TelephonyManager,getDeviceId
GeneralJava,Exceptions2,MAMADROID,de.ecspride.Exceptions2,onCreate,android.telephony.SmsManager,sendTextMessage
GeneralJava,Exceptions2,MAMADROID,de.ecspride.Exceptions2,onCreate,android.telephony.TelephonyManager,getDeviceId
GeneralJava,Exceptions3,FlowDroid,de.ecspride.Exceptions3,onCreate,android.telephony.SmsManager,sendTextMessage
GeneralJava,Exceptions3,FlowDroid,de.ecspride.Exceptions3,onCreate,android.telephony.TelephonyManager,getDeviceId
GeneralJava,Exceptions3,MAMADROID,de.ecspride.Exceptions3,onCreate,android.telephony.SmsManager,sendTextMessage
GeneralJava,Exceptions3,MAMADROID,de.ecspride.Exceptions3,onCreate,android.telephony.TelephonyManager,getDeviceId
GeneralJava,Exceptions4,FlowDroid,de.ecspride.Exceptions4,onCreate,android.telephony.SmsManager,sendTextMessage
GeneralJava,Exceptions4,FlowDroid,de.ecspride.Exceptions4,onCreate,android.telephony.TelephonyManager,getDeviceId
GeneralJava,Exceptions4,MAMADROID,de.ecspride.Exceptions4,onCreate,android.telephony.SmsManager,sendTextMessage
GeneralJava,Exceptions4,MAMADROID,de.ecspride.Exceptions4,onCreate,android.telephony.TelephonyManager,getDeviceId
GeneralJava,FactoryMethods1,FlowDroid,de.ecspride.FactoryMethods1,onCreate,android.location.Location,getLatitude
GeneralJava,FactoryMethods1,FlowDroid,de.ecspride.FactoryMethods1,onCreate,android.location.Location,getLongitude
GeneralJava,FactoryMethods1,FlowDroid,de.ecspride.FactoryMethods1,onCreate,android.location.LocationManager,getBestProvider
GeneralJava,FactoryMethods1,FlowDroid,de.ecspride.FactoryMethods1,onCreate,android.location.LocationManager,getLastKnownLocation
GeneralJava,FactoryMethods1,MAMADROID,de.ecspride.FactoryMethods1,onCreate,android.location.Location,getLatitude
GeneralJava,FactoryMethods1,MAMADROID,de.ecspride.FactoryMethods1,onCreate,android.location.Location,getLongitude
GeneralJava,FactoryMethods1,MAMADROID,de.ecspride.FactoryMethods1,onCreate,android.location.LocationManager,getBestProvider
GeneralJava,FactoryMethods1,MAMADROID,de.ecspride.FactoryMethods1,onCreate,android.location.LocationManager,getLastKnownLocation
GeneralJava,Loop1,FlowDroid,de.ecspride.LoopExample1,onCreate,android.telephony.TelephonyManager,getDeviceId
GeneralJava,Loop1,FlowDroid,de.ecspride.LoopExample1,onCreate,java.lang.String,toCharArray
GeneralJava,Loop1,MAMADROID,de.ecspride.LoopExample1,onCreate,android.telephony.TelephonyManager,getDeviceId
GeneralJava,Loop1,MAMADROID,de.ecspride.LoopExample1,onCreate,java.lang.String,toCharArray
GeneralJava,Loop2,FlowDroid,de.ecspride.LoopExample2,onCreate,android.telephony.TelephonyManager,getDeviceId
GeneralJava,Loop2,FlowDroid,de.ecspride.LoopExample2,onCreate,java.lang.String,toCharArray
GeneralJava,Loop2,MAMADROID,de.ecspride.LoopExample2,onCreate,android.telephony.TelephonyManager,getDeviceId
GeneralJava,Loop2,MAMADROID,de.ecspride.LoopExample2,onCreate,java.lang.String,toCharArray
GeneralJava,Serialization1,FlowDroid,edu.mit.serialization.MainActivity,onCreate,android.telephony.TelephonyManager,getDeviceId
GeneralJava,Serialization1,MAMADROID,edu.mit.serialization.MainActivity,onCreate,android.telephony.TelephonyManager,getDeviceId
GeneralJava,SourceCodeSpecific1,FlowDroid,de.ecspride.MainActivity,onCreate,android.telephony.TelephonyManager,getDeviceId
GeneralJava,SourceCodeSpecific1,FlowDroid,de.ecspride.MainActivity,sendSMS,android.telephony.SmsManager,sendTextMessage
GeneralJava,SourceCodeSpecific1,FlowDroid,de.ecspride.MainActivity,sendSMS,java.util.Iterator,hasNext
GeneralJava,SourceCodeSpecific1,FlowDroid,de.ecspride.MainActivity,sendSMS,java.util.Iterator,next
GeneralJava,SourceCodeSpecific1,MAMADROID,de.ecspride.MainActivity,onCreate,android.telephony.TelephonyManager,getDeviceId
GeneralJava,SourceCodeSpecific1,MAMADROID,de.ecspride.MainActivity,sendSMS,android.telephony.SmsManager,sendTextMessage
GeneralJava,SourceCodeSpecific1,MAMADROID,de.ecspride.MainActivity,sendSMS,java.util.Iterator,hasNext
GeneralJava,SourceCodeSpecific1,MAMADROID,de.ecspride.MainActivity,sendSMS,java.util.Iterator,next
GeneralJava,StartProcessWithSecret1,FlowDroid,edu.mit.non_sink_argument_flow.MainActivity,onCreate,android.telephony.TelephonyManager,getDeviceId
GeneralJava,StartProcessWithSecret1,MAMADROID,edu.mit.non_sink_argument_flow.MainActivity,onCreate,android.telephony.TelephonyManager,getDeviceId
GeneralJava,StaticInitialization1,FlowDroid,de.ecspride.MainActivity,onCreate,android.telephony.TelephonyManager,getDeviceId
GeneralJava,StaticInitialization1,FlowDroid,de.ecspride.MainActivity$StaticInitClass1,<clinit>,android.telephony.SmsManager,sendTextMessage
GeneralJava,StaticInitialization1,MAMADROID,de.ecspride.MainActivity,onCreate,android.telephony.TelephonyManager,getDeviceId
GeneralJava,StaticInitialization1,MAMADROID,de.ecspride.MainActivity$StaticInitClass1,<clinit>,android.telephony.SmsManager,sendTextMessage
GeneralJava,StaticInitialization2,FlowDroid,de.ecspride.MainActivity,onCreate,android.telephony.SmsManager,sendTextMessage
GeneralJava,StaticInitialization2,FlowDroid,de.ecspride.MainActivity$StaticInitClass1,<clinit>,android.telephony.TelephonyManager,getDeviceId
GeneralJava,StaticInitialization2,MAMADROID,de.ecspride.MainActivity,onCreate,android.telephony.SmsManager,sendTextMessage
GeneralJava,StaticInitialization2,MAMADROID,de.ecspride.MainActivity$StaticInitClass1,<clinit>,android.telephony.TelephonyManager,getDeviceId
GeneralJava,StaticInitialization3,FlowDroid,edu.mit.clinit.Test,<clinit>,android.telephony.TelephonyManager,getDeviceId
GeneralJava,StaticInitialization3,MAMADROID,edu.mit.clinit.Test,<clinit>,android.telephony.TelephonyManager,getDeviceId
GeneralJava,StringFormatter1,FlowDroid,edu.mit.string_formatter.MainActivity,onCreate,android.telephony.TelephonyManager,getDeviceId
GeneralJava,StringFormatter1,MAMADROID,edu.mit.string_formatter.MainActivity,onCreate,android.telephony.TelephonyManager,getDeviceId
GeneralJava,StringPatternMatching1,FlowDroid,edu.mit.pattern_matcher.MainActivity,onCreate,android.telephony.TelephonyManager,getDeviceId
GeneralJava,StringPatternMatching1,FlowDroid,edu.mit.pattern_matcher.MainActivity,onCreate,java.util.regex.Pattern,matcher
GeneralJava,StringPatternMatching1,MAMADROID,edu.mit.pattern_matcher.MainActivity,onCreate,android.telephony.TelephonyManager,getDeviceId
GeneralJava,StringPatternMatching1,MAMADROID,edu.mit.pattern_matcher.MainActivity,onCreate,java.util.regex.Pattern,matcher
GeneralJava,StringToCharArray1,FlowDroid,edu.mit.string_to_char.MainActivity,onCreate,android.telephony.TelephonyManager,getDeviceId
GeneralJava,StringToCharArray1,MAMADROID,edu.mit.string_to_char.MainActivity,onCreate,android.telephony.TelephonyManager,getDeviceId
GeneralJava,StringToOutputStream1,FlowDroid,edu.mit.outputstream.MainActivity,onCreate,android.telephony.TelephonyManager,getDeviceId
GeneralJava,StringToOutputStream1,FlowDroid,edu.mit.outputstream.MainActivity,onCreate,java.lang.String,getBytes
GeneralJava,StringToOutputStream1,MAMADROID,edu.mit.outputstream.MainActivity,onCreate,android.telephony.TelephonyManager,getDeviceId
GeneralJava,StringToOutputStream1,MAMADROID,edu.mit.outputstream.MainActivity,onCreate,java.lang.String,getBytes
GeneralJava,VirtualDispatch1,FlowDroid,de.ecspride.VirtualDispatch1,onCreate,android.telephony.TelephonyManager,getDeviceId
GeneralJava,VirtualDispatch1,MAMADROID,de.ecspride.VirtualDispatch1,onCreate,android.telephony.TelephonyManager,getDeviceId
GeneralJava,VirtualDispatch2,FlowDroid,edu.mit.dynamic_dispatch.B,f,android.telephony.TelephonyManager,getDeviceId
GeneralJava,VirtualDispatch2,FlowDroid,edu.mit.dynamic_dispatch.MainActivity,onCreate,android.telephony.SmsManager,sendTextMessage
GeneralJava,VirtualDispatch2,MAMADROID,edu.mit.dynamic_dispatch.B,f,android.telephony.TelephonyManager,getDeviceId
GeneralJava,VirtualDispatch2,MAMADROID,edu.mit.dynamic_dispatch.MainActivity,onCreate,android.telephony.SmsManager,sendTextMessage
GeneralJava,VirtualDispatch3,FlowDroid,android.support.v4.app.BackStackRecord,add,android.support.v4.app.BackStackRecord,doAddOp
GeneralJava,VirtualDispatch3,FlowDroid,android.support.v4.app.BackStackRecord,commit,android.support.v4.app.BackStackRecord,commitInternal
GeneralJava,VirtualDispatch3,FlowDroid,android.support.v4.app.BackStackRecord,commitInternal,android.support.v4.app.FragmentManagerImpl,enqueueAction
GeneralJava,VirtualDispatch3,FlowDroid,android.support.v4.app.BackStackRecord,doAddOp,android.support.v4.app.BackStackRecord,addOp
GeneralJava,VirtualDispatch3,FlowDroid,android.support.v4.app.BackStackRecord,doAddOp,android.support.v4.app.BackStackRecord$Op,<init>
GeneralJava,VirtualDispatch3,FlowDroid,android.support.v4.app.Fragment,<clinit>,android.support.v4.util.SimpleArrayMap,<init>
GeneralJava,VirtualDispatch3,FlowDroid,android.support.v4.app.FragmentActivity,onCreate,android.app.Activity,getLastNonConfigurationInstance
GeneralJava,VirtualDispatch3,FlowDroid,android.support.v4.app.FragmentActivity,onCreate,android.app.Activity,getLayoutInflater
GeneralJava,VirtualDispatch3,FlowDroid,android.support.v4.app.FragmentActivity,onCreate,android.support.v4.app.FragmentManagerImpl,attachActivity
GeneralJava,VirtualDispatch3,FlowDroid,android.support.v4.app.FragmentActivity,onCreate,android.support.v4.app.FragmentManagerImpl,dispatchCreate
GeneralJava,VirtualDispatch3,FlowDroid,android.support.v4.app.FragmentActivity,onCreate,android.view.LayoutInflater,getFactory
GeneralJava,VirtualDispatch3,FlowDroid,android.support.v4.app.FragmentActivity,onCreate,android.view.LayoutInflater,setFactory
GeneralJava,VirtualDispatch3,FlowDroid,android.support.v4.app.FragmentActivity,onCreateView,android.app.Activity,onCreateView
GeneralJava,VirtualDispatch3,FlowDroid,android.support.v4.app.FragmentActivity,onCreateView,java.lang.String,equals
GeneralJava,VirtualDispatch3,FlowDroid,android.support.v4.app.FragmentManagerImpl,beginTransaction,android.support.v4.app.BackStackRecord,<init>
GeneralJava,VirtualDispatch3,FlowDroid,android.support.v4.app.FragmentManagerImpl,dispatchCreate,android.support.v4.app.FragmentManagerImpl,moveToState
GeneralJava,VirtualDispatch3,FlowDroid,android.support.v4.app.FragmentManagerImpl,enqueueAction,android.os.Handler,post
GeneralJava,VirtualDispatch3,FlowDroid,android.support.v4.app.FragmentManagerImpl,enqueueAction,android.os.Handler,removeCallbacks
GeneralJava,VirtualDispatch3,FlowDroid,android.support.v4.app.FragmentManagerImpl,enqueueAction,android.support.v4.app.FragmentManagerImpl,checkStateLoss
GeneralJava,VirtualDispatch3,FlowDroid,android.support.v4.app.FragmentManagerImpl,enqueueAction,java.util.ArrayList,<init>
GeneralJava,VirtualDispatch3,FlowDroid,android.support.v4.app.FragmentManagerImpl,enqueueAction,java.util.ArrayList,add
GeneralJava,VirtualDispatch3,FlowDroid,android.support.v4.app.FragmentManagerImpl,enqueueAction,java.util.ArrayList,size
GeneralJava,VirtualDispatch3,FlowDroid,android.support.v4.app.FragmentManagerImpl,moveToState,android.support.v4.app.FragmentManagerImpl,moveToState
GeneralJava,VirtualDispatch3,FlowDroid,android.support.v4.app.NavUtils,getParentActivityName,android.app.Activity,getComponentName
GeneralJava,VirtualDispatch3,FlowDroid,android.support.v4.app.NavUtils,getParentActivityName,android.content.Context,getPackageManager
GeneralJava,VirtualDispatch3,FlowDroid,android.support.v4.app.NavUtils,getParentActivityName,android.content.pm.PackageManager,getActivityInfo
GeneralJava,VirtualDispatch3,FlowDroid,android.support.v4.app.NavUtils$NavUtilsImplJB,getParentActivityName,android.support.v4.app.NavUtils$NavUtilsImplBase,getParentActivityName
GeneralJava,VirtualDispatch3,FlowDroid,android.support.v7.app.ActionBarActivity,onContentChanged,android.support.v7.app.ActionBarActivityDelegate,onContentChanged
GeneralJava,VirtualDispatch3,FlowDroid,android.support.v7.app.ActionBarActivity,onCreate,android.support.v7.app.ActionBarActivityDelegate,createDelegate
GeneralJava,VirtualDispatch3,FlowDroid,android.support.v7.app.ActionBarActivity,setContentView,android.support.v7.app.ActionBarActivityDelegate,setContentView
GeneralJava,VirtualDispatch3,FlowDroid,android.support.v7.app.ActionBarActivity,superSetContentView,android.app.Activity,setContentView
GeneralJava,VirtualDispatch3,FlowDroid,android.support.v7.app.ActionBarActivityDelegate,createDelegate,android.support.v7.app.ActionBarActivityDelegateJBMR2,<init>
GeneralJava,VirtualDispatch3,FlowDroid,android.support.v7.app.ActionBarActivityDelegate,getUiOptionsFromMetadata,android.app.Activity,getComponentName
GeneralJava,VirtualDispatch3,FlowDroid,android.support.v7.app.ActionBarActivityDelegate,getUiOptionsFromMetadata,android.content.ContextWrapper,getPackageManager
GeneralJava,VirtualDispatch3,FlowDroid,android.support.v7.app.ActionBarActivityDelegate,getUiOptionsFromMetadata,android.content.pm.PackageManager,getActivityInfo
GeneralJava,VirtualDispatch3,FlowDroid,android.support.v7.app.ActionBarActivityDelegate,onCreate,android.content.Context,obtainStyledAttributes
GeneralJava,VirtualDispatch3,FlowDroid,android.support.v7.app.ActionBarActivityDelegate,onCreate,android.content.res.TypedArray,getBoolean
GeneralJava,VirtualDispatch3,FlowDroid,android.support.v7.app.ActionBarActivityDelegate,onCreate,android.content.res.TypedArray,hasValue
GeneralJava,VirtualDispatch3,FlowDroid,android.support.v7.app.ActionBarActivityDelegate,onCreate,android.content.res.TypedArray,recycle
GeneralJava,VirtualDispatch3,FlowDroid,android.support.v7.app.ActionBarActivityDelegate,onCreate,android.support.v4.app.NavUtils,getParentActivityName
GeneralJava,VirtualDispatch3,FlowDroid,android.support.v7.app.ActionBarActivityDelegateICS,createWindowCallbackWrapper,android.support.v7.app.ActionBarActivityDelegateICS$WindowCallbackWrapper,<init>
GeneralJava,VirtualDispatch3,FlowDroid,android.support.v7.app.ActionBarActivityDelegateICS,onContentChanged,android.support.v7.app.ActionBarActivity,onSupportContentChanged
GeneralJava,VirtualDispatch3,FlowDroid,android.support.v7.app.ActionBarActivityDelegateICS,onCreate,android.app.Activity,getWindow
GeneralJava,VirtualDispatch3,FlowDroid,android.support.v7.app.ActionBarActivityDelegateICS,onCreate,android.app.Activity,requestWindowFeature
GeneralJava,VirtualDispatch3,FlowDroid,android.support.v7.app.ActionBarActivityDelegateICS,onCreate,android.support.v7.app.ActionBarActivityDelegate,getUiOptionsFromMetadata
GeneralJava,VirtualDispatch3,FlowDroid,android.support.v7.app.ActionBarActivityDelegateICS,onCreate,android.support.v7.app.ActionBarActivityDelegateICS,createWindowCallbackWrapper
GeneralJava,VirtualDispatch3,FlowDroid,android.support.v7.app.ActionBarActivityDelegateICS,onCreate,android.view.Window,getCallback
GeneralJava,VirtualDispatch3,FlowDroid,android.support.v7.app.ActionBarActivityDelegateICS,onCreate,android.view.Window,setCallback
GeneralJava,VirtualDispatch3,FlowDroid,android.support.v7.app.ActionBarActivityDelegateICS,onCreate,java.lang.String,equals
GeneralJava,VirtualDispatch3,FlowDroid,android.support.v7.app.ActionBarActivityDelegateICS,setContentView,android.support.v7.app.ActionBarActivity,superSetContentView
GeneralJava,VirtualDispatch3,FlowDroid,android.support.v7.app.ActionBarActivityDelegateICS$WindowCallbackWrapper,onWindowAttributesChanged,android.view.Window$Callback,onWindowAttributesChanged
GeneralJava,VirtualDispatch3,FlowDroid,de.ecspride.MainActivity,factoryTest,android.telephony.SmsManager,sendTextMessage
GeneralJava,VirtualDispatch3,FlowDroid,de.ecspride.MainActivity,onCreate,android.support.v4.app.FragmentManager,beginTransaction
GeneralJava,VirtualDispatch3,FlowDroid,de.ecspride.MainActivity,onCreate,android.support.v4.app.FragmentTransaction,add
GeneralJava,VirtualDispatch3,FlowDroid,de.ecspride.MainActivity,onCreate,android.support.v4.app.FragmentTransaction,commit
GeneralJava,VirtualDispatch3,GATOR,android.support.v4.app.FragmentActivity,onCreate,android.view.LayoutInflater,getFactory
GeneralJava,VirtualDispatch3,GATOR,android.support.v4.app.FragmentActivity,onCreate,android.view.LayoutInflater,setFactory
GeneralJava,VirtualDispatch3,GATOR,android.support.v4.app.NavUtils,getParentActivityName,android.content.pm.PackageManager,getActivityInfo
GeneralJava,VirtualDispatch3,GATOR,android.support.v7.app.ActionBarActivityDelegate,getUiOptionsFromMetadata,android.content.pm.PackageManager,getActivityInfo
GeneralJava,VirtualDispatch3,GATOR,android.support.v7.app.ActionBarActivityDelegateICS,onCreate,android.view.Window,getCallback
GeneralJava,VirtualDispatch3,GATOR,android.support.v7.app.ActionBarActivityDelegateICS,onCreate,android.view.Window,setCallback
GeneralJava,VirtualDispatch3,MAMADROID,android.support.v4.app.BackStackRecord,add,android.support.v4.app.BackStackRecord,doAddOp
GeneralJava,VirtualDispatch3,MAMADROID,android.support.v4.app.BackStackRecord,commit,android.support.v4.app.BackStackRecord,commitInternal
GeneralJava,VirtualDispatch3,MAMADROID,android.support.v4.app.BackStackRecord,commitInternal,android.support.v4.app.FragmentManagerImpl,enqueueAction
GeneralJava,VirtualDispatch3,MAMADROID,android.support.v4.app.BackStackRecord,doAddOp,android.support.v4.app.BackStackRecord,addOp
GeneralJava,VirtualDispatch3,MAMADROID,android.support.v4.app.BackStackRecord,doAddOp,android.support.v4.app.BackStackRecord$Op,<init>
GeneralJava,VirtualDispatch3,MAMADROID,android.support.v4.app.Fragment,<clinit>,android.support.v4.util.SimpleArrayMap,<init>
GeneralJava,VirtualDispatch3,MAMADROID,android.support.v4.app.FragmentActivity,onCreate,android.app.Activity,getLastNonConfigurationInstance
GeneralJava,VirtualDispatch3,MAMADROID,android.support.v4.app.FragmentActivity,onCreate,android.app.Activity,getLayoutInflater
GeneralJava,VirtualDispatch3,MAMADROID,android.support.v4.app.FragmentActivity,onCreate,android.support.v4.app.FragmentManagerImpl,attachActivity
GeneralJava,VirtualDispatch3,MAMADROID,android.support.v4.app.FragmentActivity,onCreate,android.support.v4.app.FragmentManagerImpl,dispatchCreate
GeneralJava,VirtualDispatch3,MAMADROID,android.support.v4.app.FragmentActivity,onCreate,android.view.LayoutInflater,getFactory
GeneralJava,VirtualDispatch3,MAMADROID,android.support.v4.app.FragmentActivity,onCreate,android.view.LayoutInflater,setFactory
GeneralJava,VirtualDispatch3,MAMADROID,android.support.v4.app.FragmentActivity,onCreateView,android.app.Activity,onCreateView
GeneralJava,VirtualDispatch3,MAMADROID,android.support.v4.app.FragmentActivity,onCreateView,java.lang.String,equals
GeneralJava,VirtualDispatch3,MAMADROID,android.support.v4.app.FragmentManagerImpl,beginTransaction,android.support.v4.app.BackStackRecord,<init>
GeneralJava,VirtualDispatch3,MAMADROID,android.support.v4.app.FragmentManagerImpl,dispatchCreate,android.support.v4.app.FragmentManagerImpl,moveToState
GeneralJava,VirtualDispatch3,MAMADROID,android.support.v4.app.FragmentManagerImpl,enqueueAction,android.os.Handler,post
GeneralJava,VirtualDispatch3,MAMADROID,android.support.v4.app.FragmentManagerImpl,enqueueAction,android.os.Handler,removeCallbacks
GeneralJava,VirtualDispatch3,MAMADROID,android.support.v4.app.FragmentManagerImpl,enqueueAction,android.support.v4.app.FragmentManagerImpl,checkStateLoss
GeneralJava,VirtualDispatch3,MAMADROID,android.support.v4.app.FragmentManagerImpl,enqueueAction,java.util.ArrayList,<init>
GeneralJava,VirtualDispatch3,MAMADROID,android.support.v4.app.FragmentManagerImpl,enqueueAction,java.util.ArrayList,add
GeneralJava,VirtualDispatch3,MAMADROID,android.support.v4.app.FragmentManagerImpl,enqueueAction,java.util.ArrayList,size
GeneralJava,VirtualDispatch3,MAMADROID,android.support.v4.app.FragmentManagerImpl,moveToState,android.support.v4.app.FragmentManagerImpl,moveToState
GeneralJava,VirtualDispatch3,MAMADROID,android.support.v4.app.NavUtils,getParentActivityName,android.app.Activity,getComponentName
GeneralJava,VirtualDispatch3,MAMADROID,android.support.v4.app.NavUtils,getParentActivityName,android.content.Context,getPackageManager
GeneralJava,VirtualDispatch3,MAMADROID,android.support.v4.app.NavUtils,getParentActivityName,android.content.pm.PackageManager,getActivityInfo
GeneralJava,VirtualDispatch3,MAMADROID,android.support.v4.app.NavUtils$NavUtilsImplJB,getParentActivityName,android.support.v4.app.NavUtils$NavUtilsImplBase,getParentActivityName
GeneralJava,VirtualDispatch3,MAMADROID,android.support.v7.app.ActionBarActivity,onContentChanged,android.support.v7.app.ActionBarActivityDelegate,onContentChanged
GeneralJava,VirtualDispatch3,MAMADROID,android.support.v7.app.ActionBarActivity,onCreate,android.support.v7.app.ActionBarActivityDelegate,createDelegate
GeneralJava,VirtualDispatch3,MAMADROID,android.support.v7.app.ActionBarActivity,setContentView,android.support.v7.app.ActionBarActivityDelegate,setContentView
GeneralJava,VirtualDispatch3,MAMADROID,android.support.v7.app.ActionBarActivity,superSetContentView,android.app.Activity,setContentView
GeneralJava,VirtualDispatch3,MAMADROID,android.support.v7.app.ActionBarActivityDelegate,createDelegate,android.support.v7.app.ActionBarActivityDelegateJBMR2,<init>
GeneralJava,VirtualDispatch3,MAMADROID,android.support.v7.app.ActionBarActivityDelegate,getUiOptionsFromMetadata,android.app.Activity,getComponentName
GeneralJava,VirtualDispatch3,MAMADROID,android.support.v7.app.ActionBarActivityDelegate,getUiOptionsFromMetadata,android.content.ContextWrapper,getPackageManager
GeneralJava,VirtualDispatch3,MAMADROID,android.support.v7.app.ActionBarActivityDelegate,getUiOptionsFromMetadata,android.content.pm.PackageManager,getActivityInfo
GeneralJava,VirtualDispatch3,MAMADROID,android.support.v7.app.ActionBarActivityDelegate,onCreate,android.content.Context,obtainStyledAttributes
GeneralJava,VirtualDispatch3,MAMADROID,android.support.v7.app.ActionBarActivityDelegate,onCreate,android.content.res.TypedArray,getBoolean
GeneralJava,VirtualDispatch3,MAMADROID,android.support.v7.app.ActionBarActivityDelegate,onCreate,android.content.res.TypedArray,hasValue
GeneralJava,VirtualDispatch3,MAMADROID,android.support.v7.app.ActionBarActivityDelegate,onCreate,android.content.res.TypedArray,recycle
GeneralJava,VirtualDispatch3,MAMADROID,android.support.v7.app.ActionBarActivityDelegate,onCreate,android.support.v4.app.NavUtils,getParentActivityName
GeneralJava,VirtualDispatch3,MAMADROID,android.support.v7.app.ActionBarActivityDelegateICS,createWindowCallbackWrapper,android.support.v7.app.ActionBarActivityDelegateICS$WindowCallbackWrapper,<init>
GeneralJava,VirtualDispatch3,MAMADROID,android.support.v7.app.ActionBarActivityDelegateICS,onContentChanged,android.support.v7.app.ActionBarActivity,onSupportContentChanged
GeneralJava,VirtualDispatch3,MAMADROID,android.support.v7.app.ActionBarActivityDelegateICS,onCreate,android.app.Activity,getWindow
GeneralJava,VirtualDispatch3,MAMADROID,android.support.v7.app.ActionBarActivityDelegateICS,onCreate,android.app.Activity,requestWindowFeature
GeneralJava,VirtualDispatch3,MAMADROID,android.support.v7.app.ActionBarActivityDelegateICS,onCreate,android.support.v7.app.ActionBarActivityDelegate,getUiOptionsFromMetadata
GeneralJava,VirtualDispatch3,MAMADROID,android.support.v7.app.ActionBarActivityDelegateICS,onCreate,android.support.v7.app.ActionBarActivityDelegateICS,createWindowCallbackWrapper
GeneralJava,VirtualDispatch3,MAMADROID,android.support.v7.app.ActionBarActivityDelegateICS,onCreate,android.view.Window,getCallback
GeneralJava,VirtualDispatch3,MAMADROID,android.support.v7.app.ActionBarActivityDelegateICS,onCreate,android.view.Window,setCallback
GeneralJava,VirtualDispatch3,MAMADROID,android.support.v7.app.ActionBarActivityDelegateICS,onCreate,java.lang.String,equals
GeneralJava,VirtualDispatch3,MAMADROID,android.support.v7.app.ActionBarActivityDelegateICS,setContentView,android.support.v7.app.ActionBarActivity,superSetContentView
GeneralJava,VirtualDispatch3,MAMADROID,android.support.v7.app.ActionBarActivityDelegateICS$WindowCallbackWrapper,onWindowAttributesChanged,android.view.Window$Callback,onWindowAttributesChanged
GeneralJava,VirtualDispatch3,MAMADROID,de.ecspride.MainActivity,factoryTest,android.telephony.SmsManager,sendTextMessage
GeneralJava,VirtualDispatch3,MAMADROID,de.ecspride.MainActivity,onCreate,android.support.v4.app.FragmentManager,beginTransaction
GeneralJava,VirtualDispatch3,MAMADROID,de.ecspride.MainActivity,onCreate,android.support.v4.app.FragmentTransaction,add
GeneralJava,VirtualDispatch3,MAMADROID,de.ecspride.MainActivity,onCreate,android.support.v4.app.FragmentTransaction,commit
GeneralJava,VirtualDispatch3,NATIDROID,android.support.v4.app.FragmentActivity,onCreate,android.view.LayoutInflater,getFactory
GeneralJava,VirtualDispatch3,NATIDROID,android.support.v4.app.FragmentActivity,onCreate,android.view.LayoutInflater,setFactory
GeneralJava,VirtualDispatch3,NATIDROID,android.support.v4.app.NavUtils,getParentActivityName,android.content.pm.PackageManager,getActivityInfo
GeneralJava,VirtualDispatch3,NATIDROID,android.support.v7.app.ActionBarActivityDelegate,getUiOptionsFromMetadata,android.content.pm.PackageManager,getActivityInfo
GeneralJava,VirtualDispatch3,NATIDROID,android.support.v7.app.ActionBarActivityDelegateICS,onCreate,android.view.Window,getCallback
GeneralJava,VirtualDispatch3,NATIDROID,android.support.v7.app.ActionBarActivityDelegateICS,onCreate,android.view.Window,setCallback
GeneralJava,VirtualDispatch4,FlowDroid,android.support.v4.app.BackStackRecord,add,android.support.v4.app.BackStackRecord,doAddOp
GeneralJava,VirtualDispatch4,FlowDroid,android.support.v4.app.BackStackRecord,commit,android.support.v4.app.BackStackRecord,commitInternal
GeneralJava,VirtualDispatch4,FlowDroid,android.support.v4.app.BackStackRecord,commitInternal,android.support.v4.app.FragmentManagerImpl,enqueueAction
GeneralJava,VirtualDispatch4,FlowDroid,android.support.v4.app.BackStackRecord,doAddOp,android.support.v4.app.BackStackRecord,addOp
GeneralJava,VirtualDispatch4,FlowDroid,android.support.v4.app.BackStackRecord,doAddOp,android.support.v4.app.BackStackRecord$Op,<init>
GeneralJava,VirtualDispatch4,FlowDroid,android.support.v4.app.BackStackRecord,run,android.support.v4.app.BackStackRecord,bumpBackStackNesting
GeneralJava,VirtualDispatch4,FlowDroid,android.support.v4.app.BackStackRecord,run,android.support.v4.app.FragmentManagerImpl,addFragment
GeneralJava,VirtualDispatch4,FlowDroid,android.support.v4.app.BackStackRecord,run,android.support.v4.app.FragmentManagerImpl,moveToState
GeneralJava,VirtualDispatch4,FlowDroid,android.support.v4.app.Fragment,<clinit>,android.support.v4.util.SimpleArrayMap,<init>
GeneralJava,VirtualDispatch4,FlowDroid,android.support.v4.app.Fragment,getLayoutInflater,android.app.Activity,getLayoutInflater
GeneralJava,VirtualDispatch4,FlowDroid,android.support.v4.app.Fragment,onStart,android.support.v4.app.FragmentActivity,getLoaderManager
GeneralJava,VirtualDispatch4,FlowDroid,android.support.v4.app.Fragment,performActivityCreated,android.support.v4.app.Fragment,onActivityCreated
GeneralJava,VirtualDispatch4,FlowDroid,android.support.v4.app.Fragment,performCreate,android.support.v4.app.Fragment,onCreate
GeneralJava,VirtualDispatch4,FlowDroid,android.support.v4.app.Fragment,performCreateView,android.support.v4.app.Fragment,onCreateView
GeneralJava,VirtualDispatch4,FlowDroid,android.support.v4.app.Fragment,performDestroy,android.support.v4.app.Fragment,onDestroy
GeneralJava,VirtualDispatch4,FlowDroid,android.support.v4.app.Fragment,performDestroyView,android.support.v4.app.Fragment,onDestroyView
GeneralJava,VirtualDispatch4,FlowDroid,android.support.v4.app.Fragment,performPause,android.support.v4.app.Fragment,onPause
GeneralJava,VirtualDispatch4,FlowDroid,android.support.v4.app.Fragment,performResume,android.support.v4.app.Fragment,onResume
GeneralJava,VirtualDispatch4,FlowDroid,android.support.v4.app.Fragment,performSaveInstanceState,android.support.v4.app.Fragment,onSaveInstanceState
GeneralJava,VirtualDispatch4,FlowDroid,android.support.v4.app.Fragment,performStart,android.support.v4.app.Fragment,onStart
GeneralJava,VirtualDispatch4,FlowDroid,android.support.v4.app.Fragment,performStop,android.support.v4.app.Fragment,onStop
GeneralJava,VirtualDispatch4,FlowDroid,android.support.v4.app.Fragment,restoreViewState,android.support.v4.app.Fragment,onViewStateRestored
GeneralJava,VirtualDispatch4,FlowDroid,android.support.v4.app.Fragment,setIndex,java.lang.StringBuilder,<init>
GeneralJava,VirtualDispatch4,FlowDroid,android.support.v4.app.Fragment,setIndex,java.lang.StringBuilder,append
GeneralJava,VirtualDispatch4,FlowDroid,android.support.v4.app.Fragment,setIndex,java.lang.StringBuilder,toString
GeneralJava,VirtualDispatch4,FlowDroid,android.support.v4.app.FragmentActivity,doReallyStop,android.os.Handler,removeMessages
GeneralJava,VirtualDispatch4,FlowDroid,android.support.v4.app.FragmentActivity,doReallyStop,android.support.v4.app.FragmentActivity,onReallyStop
GeneralJava,VirtualDispatch4,FlowDroid,android.support.v4.app.FragmentActivity,getLoaderManager,android.support.v4.util.SimpleArrayMap,<init>
GeneralJava,VirtualDispatch4,FlowDroid,android.support.v4.app.FragmentActivity,getLoaderManager,android.support.v4.util.SimpleArrayMap,get
GeneralJava,VirtualDispatch4,FlowDroid,android.support.v4.app.FragmentActivity,invalidateSupportFragment,android.support.v4.util.SimpleArrayMap,get
GeneralJava,VirtualDispatch4,FlowDroid,android.support.v4.app.FragmentActivity,onBackPressed,android.app.Activity,finish
GeneralJava,VirtualDispatch4,FlowDroid,android.support.v4.app.FragmentActivity,onBackPressed,android.support.v4.app.FragmentManagerImpl,popBackStackImmediate
GeneralJava,VirtualDispatch4,FlowDroid,android.support.v4.app.FragmentActivity,onCreate,android.app.Activity,getLastNonConfigurationInstance
GeneralJava,VirtualDispatch4,FlowDroid,android.support.v4.app.FragmentActivity,onCreate,android.app.Activity,getLayoutInflater
GeneralJava,VirtualDispatch4,FlowDroid,android.support.v4.app.FragmentActivity,onCreate,android.support.v4.app.FragmentManagerImpl,attachActivity
GeneralJava,VirtualDispatch4,FlowDroid,android.support.v4.app.FragmentActivity,onCreate,android.support.v4.app.FragmentManagerImpl,dispatchCreate
GeneralJava,VirtualDispatch4,FlowDroid,android.support.v4.app.FragmentActivity,onCreate,android.view.LayoutInflater,getFactory
GeneralJava,VirtualDispatch4,FlowDroid,android.support.v4.app.FragmentActivity,onCreate,android.view.LayoutInflater,setFactory
GeneralJava,VirtualDispatch4,FlowDroid,android.support.v4.app.FragmentActivity,onCreatePanelMenu,android.app.Activity,getMenuInflater
GeneralJava,VirtualDispatch4,FlowDroid,android.support.v4.app.FragmentActivity,onCreatePanelMenu,android.app.Activity,onCreatePanelMenu
GeneralJava,VirtualDispatch4,FlowDroid,android.support.v4.app.FragmentActivity,onCreatePanelMenu,android.support.v4.app.FragmentManagerImpl,dispatchCreateOptionsMenu
GeneralJava,VirtualDispatch4,FlowDroid,android.support.v4.app.FragmentActivity,onCreateView,android.app.Activity,onCreateView
GeneralJava,VirtualDispatch4,FlowDroid,android.support.v4.app.FragmentActivity,onCreateView,java.lang.String,equals
GeneralJava,VirtualDispatch4,FlowDroid,android.support.v4.app.FragmentActivity,onDestroy,android.app.Activity,onDestroy
GeneralJava,VirtualDispatch4,FlowDroid,android.support.v4.app.FragmentActivity,onDestroy,android.support.v4.app.FragmentActivity,doReallyStop
GeneralJava,VirtualDispatch4,FlowDroid,android.support.v4.app.FragmentActivity,onDestroy,android.support.v4.app.FragmentManagerImpl,dispatchDestroy
GeneralJava,VirtualDispatch4,FlowDroid,android.support.v4.app.FragmentActivity,onKeyDown,android.app.Activity,onKeyDown
GeneralJava,VirtualDispatch4,FlowDroid,android.support.v4.app.FragmentActivity,onMenuItemSelected,android.app.Activity,onMenuItemSelected
GeneralJava,VirtualDispatch4,FlowDroid,android.support.v4.app.FragmentActivity,onPanelClosed,android.app.Activity,onPanelClosed
GeneralJava,VirtualDispatch4,FlowDroid,android.support.v4.app.FragmentActivity,onPause,android.app.Activity,onPause
GeneralJava,VirtualDispatch4,FlowDroid,android.support.v4.app.FragmentActivity,onPause,android.os.Handler,hasMessages
GeneralJava,VirtualDispatch4,FlowDroid,android.support.v4.app.FragmentActivity,onPause,android.support.v4.app.FragmentManagerImpl,dispatchPause
GeneralJava,VirtualDispatch4,FlowDroid,android.support.v4.app.FragmentActivity,onPostResume,android.app.Activity,onPostResume
GeneralJava,VirtualDispatch4,FlowDroid,android.support.v4.app.FragmentActivity,onPostResume,android.os.Handler,removeMessages
GeneralJava,VirtualDispatch4,FlowDroid,android.support.v4.app.FragmentActivity,onPostResume,android.support.v4.app.FragmentActivity,onResumeFragments
GeneralJava,VirtualDispatch4,FlowDroid,android.support.v4.app.FragmentActivity,onPostResume,android.support.v4.app.FragmentManagerImpl,execPendingActions
GeneralJava,VirtualDispatch4,FlowDroid,android.support.v4.app.FragmentActivity,onPrepareOptionsPanel,android.app.Activity,onPreparePanel
GeneralJava,VirtualDispatch4,FlowDroid,android.support.v4.app.FragmentActivity,onPreparePanel,android.support.v4.app.FragmentActivity,onPrepareOptionsPanel
GeneralJava,VirtualDispatch4,FlowDroid,android.support.v4.app.FragmentActivity,onPreparePanel,android.support.v4.app.FragmentManagerImpl,dispatchPrepareOptionsMenu
GeneralJava,VirtualDispatch4,FlowDroid,android.support.v4.app.FragmentActivity,onReallyStop,android.support.v4.app.FragmentManagerImpl,dispatchReallyStop
GeneralJava,VirtualDispatch4,FlowDroid,android.support.v4.app.FragmentActivity,onResume,android.app.Activity,onResume
GeneralJava,VirtualDispatch4,FlowDroid,android.support.v4.app.FragmentActivity,onResume,android.os.Handler,sendEmptyMessage
GeneralJava,VirtualDispatch4,FlowDroid,android.support.v4.app.FragmentActivity,onResume,android.support.v4.app.FragmentManagerImpl,execPendingActions
GeneralJava,VirtualDispatch4,FlowDroid,android.support.v4.app.FragmentActivity,onResumeFragments,android.support.v4.app.FragmentManagerImpl,dispatchResume
GeneralJava,VirtualDispatch4,FlowDroid,android.support.v4.app.FragmentActivity,onSaveInstanceState,android.app.Activity,onSaveInstanceState
GeneralJava,VirtualDispatch4,FlowDroid,android.support.v4.app.FragmentActivity,onSaveInstanceState,android.os.Bundle,putParcelable
GeneralJava,VirtualDispatch4,FlowDroid,android.support.v4.app.FragmentActivity,onSaveInstanceState,android.support.v4.app.FragmentManagerImpl,saveAllState
GeneralJava,VirtualDispatch4,FlowDroid,android.support.v4.app.FragmentActivity,onStart,android.app.Activity,onStart
GeneralJava,VirtualDispatch4,FlowDroid,android.support.v4.app.FragmentActivity,onStart,android.os.Handler,removeMessages
GeneralJava,VirtualDispatch4,FlowDroid,android.support.v4.app.FragmentActivity,onStart,android.support.v4.app.FragmentManagerImpl,dispatchActivityCreated
GeneralJava,VirtualDispatch4,FlowDroid,android.support.v4.app.FragmentActivity,onStart,android.support.v4.app.FragmentManagerImpl,dispatchStart
GeneralJava,VirtualDispatch4,FlowDroid,android.support.v4.app.FragmentActivity,onStart,android.support.v4.app.FragmentManagerImpl,execPendingActions
GeneralJava,VirtualDispatch4,FlowDroid,android.support.v4.app.FragmentActivity,onStart,android.support.v4.app.FragmentManagerImpl,noteStateNotSaved
GeneralJava,VirtualDispatch4,FlowDroid,android.support.v4.app.FragmentActivity,onStart,android.support.v4.util.SimpleArrayMap,size
GeneralJava,VirtualDispatch4,FlowDroid,android.support.v4.app.FragmentActivity,onStop,android.app.Activity,onStop
GeneralJava,VirtualDispatch4,FlowDroid,android.support.v4.app.FragmentActivity,onStop,android.os.Handler,sendEmptyMessage
GeneralJava,VirtualDispatch4,FlowDroid,android.support.v4.app.FragmentActivity,onStop,android.support.v4.app.FragmentManagerImpl,dispatchStop
GeneralJava,VirtualDispatch4,FlowDroid,android.support.v4.app.FragmentActivity$1,handleMessage,android.support.v4.app.FragmentActivity,doReallyStop
GeneralJava,VirtualDispatch4,FlowDroid,android.support.v4.app.FragmentActivity$2,findViewById,android.app.Activity,findViewById
GeneralJava,VirtualDispatch4,FlowDroid,android.support.v4.app.FragmentManagerImpl,addFragment,android.support.v4.app.FragmentManagerImpl,makeActive
GeneralJava,VirtualDispatch4,FlowDroid,android.support.v4.app.FragmentManagerImpl,addFragment,java.util.ArrayList,<init>
GeneralJava,VirtualDispatch4,FlowDroid,android.support.v4.app.FragmentManagerImpl,addFragment,java.util.ArrayList,add
GeneralJava,VirtualDispatch4,FlowDroid,android.support.v4.app.FragmentManagerImpl,addFragment,java.util.ArrayList,contains
GeneralJava,VirtualDispatch4,FlowDroid,android.support.v4.app.FragmentManagerImpl,beginTransaction,android.support.v4.app.BackStackRecord,<init>
GeneralJava,VirtualDispatch4,FlowDroid,android.support.v4.app.FragmentManagerImpl,dispatchActivityCreated,android.support.v4.app.FragmentManagerImpl,moveToState
GeneralJava,VirtualDispatch4,FlowDroid,android.support.v4.app.FragmentManagerImpl,dispatchCreate,android.support.v4.app.FragmentManagerImpl,moveToState
GeneralJava,VirtualDispatch4,FlowDroid,android.support.v4.app.FragmentManagerImpl,dispatchCreateOptionsMenu,android.support.v4.app.Fragment,performCreateOptionsMenu
GeneralJava,VirtualDispatch4,FlowDroid,android.support.v4.app.FragmentManagerImpl,dispatchCreateOptionsMenu,java.util.ArrayList,get
GeneralJava,VirtualDispatch4,FlowDroid,android.support.v4.app.FragmentManagerImpl,dispatchCreateOptionsMenu,java.util.ArrayList,size
GeneralJava,VirtualDispatch4,FlowDroid,android.support.v4.app.FragmentManagerImpl,dispatchDestroy,android.support.v4.app.FragmentManagerImpl,execPendingActions
GeneralJava,VirtualDispatch4,FlowDroid,android.support.v4.app.FragmentManagerImpl,dispatchDestroy,android.support.v4.app.FragmentManagerImpl,moveToState
GeneralJava,VirtualDispatch4,FlowDroid,android.support.v4.app.FragmentManagerImpl,dispatchPause,android.support.v4.app.FragmentManagerImpl,moveToState
GeneralJava,VirtualDispatch4,FlowDroid,android.support.v4.app.FragmentManagerImpl,dispatchPrepareOptionsMenu,android.support.v4.app.Fragment,performPrepareOptionsMenu
GeneralJava,VirtualDispatch4,FlowDroid,android.support.v4.app.FragmentManagerImpl,dispatchPrepareOptionsMenu,java.util.ArrayList,get
GeneralJava,VirtualDispatch4,FlowDroid,android.support.v4.app.FragmentManagerImpl,dispatchPrepareOptionsMenu,java.util.ArrayList,size
GeneralJava,VirtualDispatch4,FlowDroid,android.support.v4.app.FragmentManagerImpl,dispatchReallyStop,android.support.v4.app.FragmentManagerImpl,moveToState
GeneralJava,VirtualDispatch4,FlowDroid,android.support.v4.app.FragmentManagerImpl,dispatchResume,android.support.v4.app.FragmentManagerImpl,moveToState
GeneralJava,VirtualDispatch4,FlowDroid,android.support.v4.app.FragmentManagerImpl,dispatchStart,android.support.v4.app.FragmentManagerImpl,moveToState
GeneralJava,VirtualDispatch4,FlowDroid,android.support.v4.app.FragmentManagerImpl,dispatchStop,android.support.v4.app.FragmentManagerImpl,moveToState
GeneralJava,VirtualDispatch4,FlowDroid,android.support.v4.app.FragmentManagerImpl,enqueueAction,android.os.Handler,post
GeneralJava,VirtualDispatch4,FlowDroid,android.support.v4.app.FragmentManagerImpl,enqueueAction,android.os.Handler,removeCallbacks
GeneralJava,VirtualDispatch4,FlowDroid,android.support.v4.app.FragmentManagerImpl,enqueueAction,android.support.v4.app.FragmentManagerImpl,checkStateLoss
GeneralJava,VirtualDispatch4,FlowDroid,android.support.v4.app.FragmentManagerImpl,enqueueAction,java.util.ArrayList,<init>
GeneralJava,VirtualDispatch4,FlowDroid,android.support.v4.app.FragmentManagerImpl,enqueueAction,java.util.ArrayList,add
GeneralJava,VirtualDispatch4,FlowDroid,android.support.v4.app.FragmentManagerImpl,enqueueAction,java.util.ArrayList,size
GeneralJava,VirtualDispatch4,FlowDroid,android.support.v4.app.FragmentManagerImpl,execPendingActions,android.os.Handler,getLooper
GeneralJava,VirtualDispatch4,FlowDroid,android.support.v4.app.FragmentManagerImpl,execPendingActions,android.os.Handler,removeCallbacks
GeneralJava,VirtualDispatch4,FlowDroid,android.support.v4.app.FragmentManagerImpl,execPendingActions,android.os.Looper,myLooper
GeneralJava,VirtualDispatch4,FlowDroid,android.support.v4.app.FragmentManagerImpl,execPendingActions,java.lang.Runnable,run
GeneralJava,VirtualDispatch4,FlowDroid,android.support.v4.app.FragmentManagerImpl,execPendingActions,java.util.ArrayList,clear
GeneralJava,VirtualDispatch4,FlowDroid,android.support.v4.app.FragmentManagerImpl,execPendingActions,java.util.ArrayList,size
GeneralJava,VirtualDispatch4,FlowDroid,android.support.v4.app.FragmentManagerImpl,execPendingActions,java.util.ArrayList,toArray
GeneralJava,VirtualDispatch4,FlowDroid,android.support.v4.app.FragmentManagerImpl,executePendingTransactions,android.support.v4.app.FragmentManagerImpl,execPendingActions
GeneralJava,VirtualDispatch4,FlowDroid,android.support.v4.app.FragmentManagerImpl,loadAnimation,android.support.v4.app.Fragment,onCreateAnimation
GeneralJava,VirtualDispatch4,FlowDroid,android.support.v4.app.FragmentManagerImpl,makeActive,android.support.v4.app.Fragment,setIndex
GeneralJava,VirtualDispatch4,FlowDroid,android.support.v4.app.FragmentManagerImpl,makeActive,java.util.ArrayList,<init>
GeneralJava,VirtualDispatch4,FlowDroid,android.support.v4.app.FragmentManagerImpl,makeActive,java.util.ArrayList,add
GeneralJava,VirtualDispatch4,FlowDroid,android.support.v4.app.FragmentManagerImpl,makeActive,java.util.ArrayList,size
GeneralJava,VirtualDispatch4,FlowDroid,android.support.v4.app.FragmentManagerImpl,makeInactive,android.support.v4.app.Fragment,initState
GeneralJava,VirtualDispatch4,FlowDroid,android.support.v4.app.FragmentManagerImpl,makeInactive,android.support.v4.app.FragmentActivity,invalidateSupportFragment
GeneralJava,VirtualDispatch4,FlowDroid,android.support.v4.app.FragmentManagerImpl,makeInactive,java.lang.Integer,valueOf
GeneralJava,VirtualDispatch4,FlowDroid,android.support.v4.app.FragmentManagerImpl,makeInactive,java.util.ArrayList,<init>
GeneralJava,VirtualDispatch4,FlowDroid,android.support.v4.app.FragmentManagerImpl,makeInactive,java.util.ArrayList,add
GeneralJava,VirtualDispatch4,FlowDroid,android.support.v4.app.FragmentManagerImpl,makeInactive,java.util.ArrayList,set
GeneralJava,VirtualDispatch4,FlowDroid,android.support.v4.app.FragmentManagerImpl,moveToState,android.app.Activity,isFinishing
GeneralJava,VirtualDispatch4,FlowDroid,android.support.v4.app.FragmentManagerImpl,moveToState,android.support.v4.app.Fragment,getLayoutInflater
GeneralJava,VirtualDispatch4,FlowDroid,android.support.v4.app.FragmentManagerImpl,moveToState,android.support.v4.app.Fragment,onAttach
GeneralJava,VirtualDispatch4,FlowDroid,android.support.v4.app.FragmentManagerImpl,moveToState,android.support.v4.app.Fragment,onDetach
GeneralJava,VirtualDispatch4,FlowDroid,android.support.v4.app.FragmentManagerImpl,moveToState,android.support.v4.app.Fragment,onViewCreated
GeneralJava,VirtualDispatch4,FlowDroid,android.support.v4.app.FragmentManagerImpl,moveToState,android.support.v4.app.Fragment,performActivityCreated
GeneralJava,VirtualDispatch4,FlowDroid,android.support.v4.app.FragmentManagerImpl,moveToState,android.support.v4.app.Fragment,performCreate
GeneralJava,VirtualDispatch4,FlowDroid,android.support.v4.app.FragmentManagerImpl,moveToState,android.support.v4.app.Fragment,performCreateView
GeneralJava,VirtualDispatch4,FlowDroid,android.support.v4.app.FragmentManagerImpl,moveToState,android.support.v4.app.Fragment,performDestroy
GeneralJava,VirtualDispatch4,FlowDroid,android.support.v4.app.FragmentManagerImpl,moveToState,android.support.v4.app.Fragment,performDestroyView
GeneralJava,VirtualDispatch4,FlowDroid,android.support.v4.app.FragmentManagerImpl,moveToState,android.support.v4.app.Fragment,performPause
GeneralJava,VirtualDispatch4,FlowDroid,android.support.v4.app.FragmentManagerImpl,moveToState,android.support.v4.app.Fragment,performReallyStop
GeneralJava,VirtualDispatch4,FlowDroid,android.support.v4.app.FragmentManagerImpl,moveToState,android.support.v4.app.Fragment,performResume
GeneralJava,VirtualDispatch4,FlowDroid,android.support.v4.app.FragmentManagerImpl,moveToState,android.support.v4.app.Fragment,performStart
GeneralJava,VirtualDispatch4,FlowDroid,android.support.v4.app.FragmentManagerImpl,moveToState,android.support.v4.app.Fragment,performStop
GeneralJava,VirtualDispatch4,FlowDroid,android.support.v4.app.FragmentManagerImpl,moveToState,android.support.v4.app.Fragment,restoreViewState
GeneralJava,VirtualDispatch4,FlowDroid,android.support.v4.app.FragmentManagerImpl,moveToState,android.support.v4.app.FragmentActivity,onAttachFragment
GeneralJava,VirtualDispatch4,FlowDroid,android.support.v4.app.FragmentManagerImpl,moveToState,android.support.v4.app.FragmentContainer,findViewById
GeneralJava,VirtualDispatch4,FlowDroid,android.support.v4.app.FragmentManagerImpl,moveToState,android.support.v4.app.FragmentManagerImpl,loadAnimation
GeneralJava,VirtualDispatch4,FlowDroid,android.support.v4.app.FragmentManagerImpl,moveToState,android.support.v4.app.FragmentManagerImpl,makeInactive
GeneralJava,VirtualDispatch4,FlowDroid,android.support.v4.app.FragmentManagerImpl,moveToState,android.support.v4.app.FragmentManagerImpl,moveToState
GeneralJava,VirtualDispatch4,FlowDroid,android.support.v4.app.FragmentManagerImpl,moveToState,android.support.v4.app.FragmentManagerImpl,startPendingDeferredFragments
GeneralJava,VirtualDispatch4,FlowDroid,android.support.v4.app.FragmentManagerImpl,moveToState,android.support.v4.app.NoSaveStateFrameLayout,wrap
GeneralJava,VirtualDispatch4,FlowDroid,android.support.v4.app.FragmentManagerImpl,moveToState,android.view.ViewGroup,addView
GeneralJava,VirtualDispatch4,FlowDroid,android.support.v4.app.FragmentManagerImpl,moveToState,android.view.ViewGroup,removeView
GeneralJava,VirtualDispatch4,FlowDroid,android.support.v4.app.FragmentManagerImpl,moveToState,java.util.ArrayList,get
GeneralJava,VirtualDispatch4,FlowDroid,android.support.v4.app.FragmentManagerImpl,moveToState,java.util.ArrayList,size
GeneralJava,VirtualDispatch4,FlowDroid,android.support.v4.app.FragmentManagerImpl,popBackStackImmediate,android.support.v4.app.FragmentManagerImpl,checkStateLoss
GeneralJava,VirtualDispatch4,FlowDroid,android.support.v4.app.FragmentManagerImpl,popBackStackImmediate,android.support.v4.app.FragmentManagerImpl,executePendingTransactions
GeneralJava,VirtualDispatch4,FlowDroid,android.support.v4.app.FragmentManagerImpl,popBackStackImmediate,android.support.v4.app.FragmentManagerImpl,popBackStackState
GeneralJava,VirtualDispatch4,FlowDroid,android.support.v4.app.FragmentManagerImpl,saveAllState,android.support.v4.app.FragmentManagerImpl,execPendingActions
GeneralJava,VirtualDispatch4,FlowDroid,android.support.v4.app.FragmentManagerImpl,saveAllState,android.support.v4.app.FragmentManagerImpl,saveFragmentBasicState
GeneralJava,VirtualDispatch4,FlowDroid,android.support.v4.app.FragmentManagerImpl,saveAllState,android.support.v4.app.FragmentManagerState,<init>
GeneralJava,VirtualDispatch4,FlowDroid,android.support.v4.app.FragmentManagerImpl,saveAllState,java.util.ArrayList,get
GeneralJava,VirtualDispatch4,FlowDroid,android.support.v4.app.FragmentManagerImpl,saveAllState,java.util.ArrayList,size
GeneralJava,VirtualDispatch4,FlowDroid,android.support.v4.app.FragmentManagerImpl,saveFragmentBasicState,android.os.BaseBundle,isEmpty
GeneralJava,VirtualDispatch4,FlowDroid,android.support.v4.app.FragmentManagerImpl,saveFragmentBasicState,android.os.Bundle,<init>
GeneralJava,VirtualDispatch4,FlowDroid,android.support.v4.app.FragmentManagerImpl,saveFragmentBasicState,android.support.v4.app.Fragment,performSaveInstanceState
GeneralJava,VirtualDispatch4,FlowDroid,android.support.v4.app.FragmentManagerImpl,saveFragmentBasicState,android.support.v4.app.FragmentManagerImpl,saveFragmentViewState
GeneralJava,VirtualDispatch4,FlowDroid,android.support.v4.app.FragmentManagerImpl,saveFragmentViewState,android.util.SparseArray,<init>
GeneralJava,VirtualDispatch4,FlowDroid,android.support.v4.app.FragmentManagerImpl,saveFragmentViewState,android.util.SparseArray,clear
GeneralJava,VirtualDispatch4,FlowDroid,android.support.v4.app.FragmentManagerImpl,saveFragmentViewState,android.util.SparseArray,size
GeneralJava,VirtualDispatch4,FlowDroid,android.support.v4.app.FragmentManagerImpl,saveFragmentViewState,android.view.View,saveHierarchyState
GeneralJava,VirtualDispatch4,FlowDroid,android.support.v4.app.FragmentManagerImpl,startPendingDeferredFragments,android.support.v4.app.FragmentManagerImpl,performPendingDeferredStart
GeneralJava,VirtualDispatch4,FlowDroid,android.support.v4.app.FragmentManagerImpl,startPendingDeferredFragments,java.util.ArrayList,get
GeneralJava,VirtualDispatch4,FlowDroid,android.support.v4.app.FragmentManagerImpl,startPendingDeferredFragments,java.util.ArrayList,size
GeneralJava,VirtualDispatch4,FlowDroid,android.support.v4.app.FragmentManagerState,writeToParcel,android.os.Parcel,writeIntArray
GeneralJava,VirtualDispatch4,FlowDroid,android.support.v4.app.FragmentManagerState,writeToParcel,android.os.Parcel,writeTypedArray
GeneralJava,VirtualDispatch4,FlowDroid,android.support.v4.app.FragmentState,<init>,java.lang.Class,getName
GeneralJava,VirtualDispatch4,FlowDroid,android.support.v4.app.FragmentState,<init>,java.lang.Object,getClass
GeneralJava,VirtualDispatch4,FlowDroid,android.support.v4.app.FragmentState,writeToParcel,android.os.Parcel,writeBundle
GeneralJava,VirtualDispatch4,FlowDroid,android.support.v4.app.FragmentState,writeToParcel,android.os.Parcel,writeInt
GeneralJava,VirtualDispatch4,FlowDroid,android.support.v4.app.FragmentState,writeToParcel,android.os.Parcel,writeString
GeneralJava,VirtualDispatch4,FlowDroid,android.support.v4.app.NavUtils,getParentActivityName,android.app.Activity,getComponentName
GeneralJava,VirtualDispatch4,FlowDroid,android.support.v4.app.NavUtils,getParentActivityName,android.content.Context,getPackageManager
GeneralJava,VirtualDispatch4,FlowDroid,android.support.v4.app.NavUtils,getParentActivityName,android.content.pm.PackageManager,getActivityInfo
GeneralJava,VirtualDispatch4,FlowDroid,android.support.v4.app.NavUtils$NavUtilsImplJB,getParentActivityName,android.support.v4.app.NavUtils$NavUtilsImplBase,getParentActivityName
GeneralJava,VirtualDispatch4,FlowDroid,android.support.v4.app.NoSaveStateFrameLayout,dispatchSaveInstanceState,android.view.ViewGroup,dispatchFreezeSelfOnly
GeneralJava,VirtualDispatch4,FlowDroid,android.support.v4.app.NoSaveStateFrameLayout,wrap,android.support.v4.app.NoSaveStateFrameLayout,<init>
GeneralJava,VirtualDispatch4,FlowDroid,android.support.v4.app.NoSaveStateFrameLayout,wrap,android.view.View,getContext
GeneralJava,VirtualDispatch4,FlowDroid,android.support.v4.app.NoSaveStateFrameLayout,wrap,android.view.View,getLayoutParams
GeneralJava,VirtualDispatch4,FlowDroid,android.support.v4.app.NoSaveStateFrameLayout,wrap,android.view.View,setLayoutParams
GeneralJava,VirtualDispatch4,FlowDroid,android.support.v4.app.NoSaveStateFrameLayout,wrap,android.view.ViewGroup,addView
GeneralJava,VirtualDispatch4,FlowDroid,android.support.v4.util.SimpleArrayMap,get,android.support.v4.util.SimpleArrayMap,indexOf
GeneralJava,VirtualDispatch4,FlowDroid,android.support.v4.util.SimpleArrayMap,get,java.lang.Object,hashCode
GeneralJava,VirtualDispatch4,FlowDroid,android.support.v4.view.MenuItemCompat,setShowAsAction,android.support.v4.internal.view.SupportMenuItem,setShowAsAction
GeneralJava,VirtualDispatch4,FlowDroid,android.support.v7.app.ActionBarActivity,getMenuInflater,android.support.v7.app.ActionBarActivityDelegate,getMenuInflater
GeneralJava,VirtualDispatch4,FlowDroid,android.support.v7.app.ActionBarActivity,onBackPressed,android.support.v4.app.FragmentActivity,onBackPressed
GeneralJava,VirtualDispatch4,FlowDroid,android.support.v7.app.ActionBarActivity,onContentChanged,android.support.v7.app.ActionBarActivityDelegate,onContentChanged
GeneralJava,VirtualDispatch4,FlowDroid,android.support.v7.app.ActionBarActivity,onCreate,android.support.v7.app.ActionBarActivityDelegate,createDelegate
GeneralJava,VirtualDispatch4,FlowDroid,android.support.v7.app.ActionBarActivity,onCreatePanelView,android.support.v7.app.ActionBarActivityDelegate,onCreatePanelView
GeneralJava,VirtualDispatch4,FlowDroid,android.support.v7.app.ActionBarActivity,onPrepareOptionsPanel,android.support.v7.app.ActionBarActivityDelegate,onPrepareOptionsPanel
GeneralJava,VirtualDispatch4,FlowDroid,android.support.v7.app.ActionBarActivity,onPreparePanel,android.support.v7.app.ActionBarActivityDelegate,onPreparePanel
GeneralJava,VirtualDispatch4,FlowDroid,android.support.v7.app.ActionBarActivity,onTitleChanged,android.app.Activity,onTitleChanged
GeneralJava,VirtualDispatch4,FlowDroid,android.support.v7.app.ActionBarActivity,setContentView,android.support.v7.app.ActionBarActivityDelegate,setContentView
GeneralJava,VirtualDispatch4,FlowDroid,android.support.v7.app.ActionBarActivity,superOnCreatePanelMenu,android.support.v4.app.FragmentActivity,onCreatePanelMenu
GeneralJava,VirtualDispatch4,FlowDroid,android.support.v7.app.ActionBarActivity,superOnMenuItemSelected,android.support.v4.app.FragmentActivity,onMenuItemSelected
GeneralJava,VirtualDispatch4,FlowDroid,android.support.v7.app.ActionBarActivity,superOnPrepareOptionsPanel,android.support.v4.app.FragmentActivity,onPrepareOptionsPanel
GeneralJava,VirtualDispatch4,FlowDroid,android.support.v7.app.ActionBarActivity,superOnPreparePanel,android.support.v4.app.FragmentActivity,onPreparePanel
GeneralJava,VirtualDispatch4,FlowDroid,android.support.v7.app.ActionBarActivity,superSetContentView,android.app.Activity,setContentView
GeneralJava,VirtualDispatch4,FlowDroid,android.support.v7.app.ActionBarActivityDelegate,createDelegate,android.support.v7.app.ActionBarActivityDelegateJBMR2,<init>
GeneralJava,VirtualDispatch4,FlowDroid,android.support.v7.app.ActionBarActivityDelegate,getActionBarThemedContext,android.support.v7.app.ActionBar,getThemedContext
GeneralJava,VirtualDispatch4,FlowDroid,android.support.v7.app.ActionBarActivityDelegate,getActionBarThemedContext,android.support.v7.app.ActionBarActivityDelegate,getSupportActionBar
GeneralJava,VirtualDispatch4,FlowDroid,android.support.v7.app.ActionBarActivityDelegate,getMenuInflater,android.support.v7.app.ActionBarActivityDelegate,getActionBarThemedContext
GeneralJava,VirtualDispatch4,FlowDroid,android.support.v7.app.ActionBarActivityDelegate,getMenuInflater,android.support.v7.internal.view.SupportMenuInflater,<init>
GeneralJava,VirtualDispatch4,FlowDroid,android.support.v7.app.ActionBarActivityDelegate,getSupportActionBar,android.support.v7.app.ActionBarActivityDelegate,createSupportActionBar
GeneralJava,VirtualDispatch4,FlowDroid,android.support.v7.app.ActionBarActivityDelegate,getUiOptionsFromMetadata,android.app.Activity,getComponentName
GeneralJava,VirtualDispatch4,FlowDroid,android.support.v7.app.ActionBarActivityDelegate,getUiOptionsFromMetadata,android.content.ContextWrapper,getPackageManager
GeneralJava,VirtualDispatch4,FlowDroid,android.support.v7.app.ActionBarActivityDelegate,getUiOptionsFromMetadata,android.content.pm.PackageManager,getActivityInfo
GeneralJava,VirtualDispatch4,FlowDroid,android.support.v7.app.ActionBarActivityDelegate,onCreate,android.content.Context,obtainStyledAttributes
GeneralJava,VirtualDispatch4,FlowDroid,android.support.v7.app.ActionBarActivityDelegate,onCreate,android.content.res.TypedArray,getBoolean
GeneralJava,VirtualDispatch4,FlowDroid,android.support.v7.app.ActionBarActivityDelegate,onCreate,android.content.res.TypedArray,hasValue
GeneralJava,VirtualDispatch4,FlowDroid,android.support.v7.app.ActionBarActivityDelegate,onCreate,android.content.res.TypedArray,recycle
GeneralJava,VirtualDispatch4,FlowDroid,android.support.v7.app.ActionBarActivityDelegate,onCreate,android.support.v4.app.NavUtils,getParentActivityName
GeneralJava,VirtualDispatch4,FlowDroid,android.support.v7.app.ActionBarActivityDelegate,onPrepareOptionsPanel,android.support.v7.app.ActionBarActivity,superOnPrepareOptionsPanel
GeneralJava,VirtualDispatch4,FlowDroid,android.support.v7.app.ActionBarActivityDelegateICS,createWindowCallbackWrapper,android.support.v7.app.ActionBarActivityDelegateICS$WindowCallbackWrapper,<init>
GeneralJava,VirtualDispatch4,FlowDroid,android.support.v7.app.ActionBarActivityDelegateICS,onContentChanged,android.support.v7.app.ActionBarActivity,onSupportContentChanged
GeneralJava,VirtualDispatch4,FlowDroid,android.support.v7.app.ActionBarActivityDelegateICS,onCreate,android.app.Activity,getWindow
GeneralJava,VirtualDispatch4,FlowDroid,android.support.v7.app.ActionBarActivityDelegateICS,onCreate,android.app.Activity,requestWindowFeature
GeneralJava,VirtualDispatch4,FlowDroid,android.support.v7.app.ActionBarActivityDelegateICS,onCreate,android.support.v7.app.ActionBarActivityDelegate,getUiOptionsFromMetadata
GeneralJava,VirtualDispatch4,FlowDroid,android.support.v7.app.ActionBarActivityDelegateICS,onCreate,android.support.v7.app.ActionBarActivityDelegateICS,createWindowCallbackWrapper
GeneralJava,VirtualDispatch4,FlowDroid,android.support.v7.app.ActionBarActivityDelegateICS,onCreate,android.view.Window,getCallback
GeneralJava,VirtualDispatch4,FlowDroid,android.support.v7.app.ActionBarActivityDelegateICS,onCreate,android.view.Window,setCallback
GeneralJava,VirtualDispatch4,FlowDroid,android.support.v7.app.ActionBarActivityDelegateICS,onCreate,java.lang.String,equals
GeneralJava,VirtualDispatch4,FlowDroid,android.support.v7.app.ActionBarActivityDelegateICS,onCreatePanelMenu,android.support.v7.app.ActionBarActivity,superOnCreatePanelMenu
GeneralJava,VirtualDispatch4,FlowDroid,android.support.v7.app.ActionBarActivityDelegateICS,onCreatePanelMenu,android.support.v7.internal.view.menu.MenuWrapperFactory,createMenuWrapper
GeneralJava,VirtualDispatch4,FlowDroid,android.support.v7.app.ActionBarActivityDelegateICS,onMenuItemSelected,android.support.v7.app.ActionBarActivity,superOnMenuItemSelected
GeneralJava,VirtualDispatch4,FlowDroid,android.support.v7.app.ActionBarActivityDelegateICS,onMenuItemSelected,android.support.v7.internal.view.menu.MenuWrapperFactory,createMenuItemWrapper
GeneralJava,VirtualDispatch4,FlowDroid,android.support.v7.app.ActionBarActivityDelegateICS,onPreparePanel,android.support.v7.app.ActionBarActivity,superOnPreparePanel
GeneralJava,VirtualDispatch4,FlowDroid,android.support.v7.app.ActionBarActivityDelegateICS,setContentView,android.support.v7.app.ActionBarActivity,superSetContentView
GeneralJava,VirtualDispatch4,FlowDroid,android.support.v7.app.ActionBarActivityDelegateICS$WindowCallbackWrapper,dispatchKeyEvent,android.view.Window$Callback,dispatchKeyEvent
GeneralJava,VirtualDispatch4,FlowDroid,android.support.v7.app.ActionBarActivityDelegateICS$WindowCallbackWrapper,dispatchTouchEvent,android.view.Window$Callback,dispatchTouchEvent
GeneralJava,VirtualDispatch4,FlowDroid,android.support.v7.app.ActionBarActivityDelegateICS$WindowCallbackWrapper,dispatchTrackballEvent,android.view.Window$Callback,dispatchTrackballEvent
GeneralJava,VirtualDispatch4,FlowDroid,android.support.v7.app.ActionBarActivityDelegateICS$WindowCallbackWrapper,onAttachedToWindow,android.view.Window$Callback,onAttachedToWindow
GeneralJava,VirtualDispatch4,FlowDroid,android.support.v7.app.ActionBarActivityDelegateICS$WindowCallbackWrapper,onDetachedFromWindow,android.view.Window$Callback,onDetachedFromWindow
GeneralJava,VirtualDispatch4,FlowDroid,android.support.v7.app.ActionBarActivityDelegateICS$WindowCallbackWrapper,onMenuOpened,android.view.Window$Callback,onMenuOpened
GeneralJava,VirtualDispatch4,FlowDroid,android.support.v7.app.ActionBarActivityDelegateICS$WindowCallbackWrapper,onWindowAttributesChanged,android.view.Window$Callback,onWindowAttributesChanged
GeneralJava,VirtualDispatch4,FlowDroid,android.support.v7.app.ActionBarActivityDelegateICS$WindowCallbackWrapper,onWindowFocusChanged,android.view.Window$Callback,onWindowFocusChanged
GeneralJava,VirtualDispatch4,FlowDroid,android.support.v7.app.ActionBarActivityDelegateJBMR2,createSupportActionBar,android.support.v7.app.ActionBarImplJBMR2,<init>
GeneralJava,VirtualDispatch4,FlowDroid,android.support.v7.app.ActionBarImplICS,<init>,android.app.Activity,getActionBar
GeneralJava,VirtualDispatch4,FlowDroid,android.support.v7.app.ActionBarImplICS,getThemedContext,android.app.ActionBar,getThemedContext
GeneralJava,VirtualDispatch4,FlowDroid,android.support.v7.internal.view.SupportMenuInflater,inflate,android.content.Context,getResources
GeneralJava,VirtualDispatch4,FlowDroid,android.support.v7.internal.view.SupportMenuInflater,inflate,android.content.res.Resources,getLayout
GeneralJava,VirtualDispatch4,FlowDroid,android.support.v7.internal.view.SupportMenuInflater,inflate,android.content.res.XmlResourceParser,close
GeneralJava,VirtualDispatch4,FlowDroid,android.support.v7.internal.view.SupportMenuInflater,inflate,android.support.v7.internal.view.SupportMenuInflater,parseMenu
GeneralJava,VirtualDispatch4,FlowDroid,android.support.v7.internal.view.SupportMenuInflater,inflate,android.util.Xml,asAttributeSet
GeneralJava,VirtualDispatch4,FlowDroid,android.support.v7.internal.view.SupportMenuInflater,parseMenu,android.support.v7.internal.view.SupportMenuInflater$MenuState,<init>
GeneralJava,VirtualDispatch4,FlowDroid,android.support.v7.internal.view.SupportMenuInflater,parseMenu,android.support.v7.internal.view.SupportMenuInflater$MenuState,access$000
GeneralJava,VirtualDispatch4,FlowDroid,android.support.v7.internal.view.SupportMenuInflater,parseMenu,android.support.v7.internal.view.SupportMenuInflater$MenuState,addItem
GeneralJava,VirtualDispatch4,FlowDroid,android.support.v7.internal.view.SupportMenuInflater,parseMenu,android.support.v7.internal.view.SupportMenuInflater$MenuState,hasAddedItem
GeneralJava,VirtualDispatch4,FlowDroid,android.support.v7.internal.view.SupportMenuInflater,parseMenu,android.support.v7.internal.view.SupportMenuInflater$MenuState,readItem
GeneralJava,VirtualDispatch4,FlowDroid,android.support.v7.internal.view.SupportMenuInflater,parseMenu,java.lang.String,equals
GeneralJava,VirtualDispatch4,FlowDroid,android.support.v7.internal.view.SupportMenuInflater,parseMenu,org.xmlpull.v1.XmlPullParser,getEventType
GeneralJava,VirtualDispatch4,FlowDroid,android.support.v7.internal.view.SupportMenuInflater,parseMenu,org.xmlpull.v1.XmlPullParser,getName
GeneralJava,VirtualDispatch4,FlowDroid,android.support.v7.internal.view.SupportMenuInflater,parseMenu,org.xmlpull.v1.XmlPullParser,next
GeneralJava,VirtualDispatch4,FlowDroid,android.support.v7.internal.view.SupportMenuInflater$MenuState,<init>,android.support.v7.internal.view.SupportMenuInflater$MenuState,resetGroup
GeneralJava,VirtualDispatch4,FlowDroid,android.support.v7.internal.view.SupportMenuInflater$MenuState,addItem,android.support.v7.internal.view.SupportMenuInflater$MenuState,setItem
GeneralJava,VirtualDispatch4,FlowDroid,android.support.v7.internal.view.SupportMenuInflater$MenuState,addItem,android.view.Menu,add
GeneralJava,VirtualDispatch4,FlowDroid,android.support.v7.internal.view.SupportMenuInflater$MenuState,readItem,android.content.Context,obtainStyledAttributes
GeneralJava,VirtualDispatch4,FlowDroid,android.support.v7.internal.view.SupportMenuInflater$MenuState,readItem,android.content.res.TypedArray,getBoolean
GeneralJava,VirtualDispatch4,FlowDroid,android.support.v7.internal.view.SupportMenuInflater$MenuState,readItem,android.content.res.TypedArray,getInt
GeneralJava,VirtualDispatch4,FlowDroid,android.support.v7.internal.view.SupportMenuInflater$MenuState,readItem,android.content.res.TypedArray,getResourceId
GeneralJava,VirtualDispatch4,FlowDroid,android.support.v7.internal.view.SupportMenuInflater$MenuState,readItem,android.content.res.TypedArray,getString
GeneralJava,VirtualDispatch4,FlowDroid,android.support.v7.internal.view.SupportMenuInflater$MenuState,readItem,android.content.res.TypedArray,getText
GeneralJava,VirtualDispatch4,FlowDroid,android.support.v7.internal.view.SupportMenuInflater$MenuState,readItem,android.content.res.TypedArray,hasValue
GeneralJava,VirtualDispatch4,FlowDroid,android.support.v7.internal.view.SupportMenuInflater$MenuState,readItem,android.content.res.TypedArray,recycle
GeneralJava,VirtualDispatch4,FlowDroid,android.support.v7.internal.view.SupportMenuInflater$MenuState,readItem,android.support.v7.internal.view.SupportMenuInflater,access$100
GeneralJava,VirtualDispatch4,FlowDroid,android.support.v7.internal.view.SupportMenuInflater$MenuState,readItem,android.support.v7.internal.view.SupportMenuInflater$MenuState,getShortcut
GeneralJava,VirtualDispatch4,FlowDroid,android.support.v7.internal.view.SupportMenuInflater$MenuState,setItem,android.support.v4.view.MenuItemCompat,setShowAsAction
GeneralJava,VirtualDispatch4,FlowDroid,android.support.v7.internal.view.SupportMenuInflater$MenuState,setItem,android.view.MenuItem,setAlphabeticShortcut
GeneralJava,VirtualDispatch4,FlowDroid,android.support.v7.internal.view.SupportMenuInflater$MenuState,setItem,android.view.MenuItem,setCheckable
GeneralJava,VirtualDispatch4,FlowDroid,android.support.v7.internal.view.SupportMenuInflater$MenuState,setItem,android.view.MenuItem,setChecked
GeneralJava,VirtualDispatch4,FlowDroid,android.support.v7.internal.view.SupportMenuInflater$MenuState,setItem,android.view.MenuItem,setEnabled
GeneralJava,VirtualDispatch4,FlowDroid,android.support.v7.internal.view.SupportMenuInflater$MenuState,setItem,android.view.MenuItem,setIcon
GeneralJava,VirtualDispatch4,FlowDroid,android.support.v7.internal.view.SupportMenuInflater$MenuState,setItem,android.view.MenuItem,setNumericShortcut
GeneralJava,VirtualDispatch4,FlowDroid,android.support.v7.internal.view.SupportMenuInflater$MenuState,setItem,android.view.MenuItem,setTitleCondensed
GeneralJava,VirtualDispatch4,FlowDroid,android.support.v7.internal.view.SupportMenuInflater$MenuState,setItem,android.view.MenuItem,setVisible
GeneralJava,VirtualDispatch4,FlowDroid,android.support.v7.internal.view.menu.BaseMenuWrapper,getMenuItemWrapper,android.support.v7.internal.view.menu.MenuWrapperFactory,createSupportMenuItemWrapper
GeneralJava,VirtualDispatch4,FlowDroid,android.support.v7.internal.view.menu.BaseMenuWrapper,getMenuItemWrapper,java.util.HashMap,<init>
GeneralJava,VirtualDispatch4,FlowDroid,android.support.v7.internal.view.menu.BaseMenuWrapper,getMenuItemWrapper,java.util.HashMap,get
GeneralJava,VirtualDispatch4,FlowDroid,android.support.v7.internal.view.menu.BaseMenuWrapper,getMenuItemWrapper,java.util.HashMap,put
GeneralJava,VirtualDispatch4,FlowDroid,android.support.v7.internal.view.menu.MenuItemWrapperICS,<init>,android.view.MenuItem,isVisible
GeneralJava,VirtualDispatch4,FlowDroid,android.support.v7.internal.view.menu.MenuItemWrapperICS,getItemId,android.view.MenuItem,getItemId
GeneralJava,VirtualDispatch4,FlowDroid,android.support.v7.internal.view.menu.MenuItemWrapperICS,getTitleCondensed,android.view.MenuItem,getTitleCondensed
GeneralJava,VirtualDispatch4,FlowDroid,android.support.v7.internal.view.menu.MenuItemWrapperICS,setChecked,android.view.MenuItem,setChecked
GeneralJava,VirtualDispatch4,FlowDroid,android.support.v7.internal.view.menu.MenuItemWrapperICS,setVisible,android.support.v7.internal.view.menu.MenuItemWrapperICS,wrappedSetVisible
GeneralJava,VirtualDispatch4,FlowDroid,android.support.v7.internal.view.menu.MenuItemWrapperICS,wrappedSetVisible,android.view.MenuItem,setVisible
GeneralJava,VirtualDispatch4,FlowDroid,android.support.v7.internal.view.menu.MenuWrapperFactory,createMenuItemWrapper,android.support.v7.internal.view.menu.MenuItemWrapperJB,<init>
GeneralJava,VirtualDispatch4,FlowDroid,android.support.v7.internal.view.menu.MenuWrapperFactory,createMenuWrapper,android.support.v7.internal.view.menu.MenuWrapperICS,<init>
GeneralJava,VirtualDispatch4,FlowDroid,android.support.v7.internal.view.menu.MenuWrapperFactory,createSupportMenuItemWrapper,android.support.v7.internal.view.menu.MenuItemWrapperJB,<init>
GeneralJava,VirtualDispatch4,FlowDroid,android.support.v7.internal.view.menu.MenuWrapperICS,add,android.support.v7.internal.view.menu.BaseMenuWrapper,getMenuItemWrapper
GeneralJava,VirtualDispatch4,FlowDroid,android.support.v7.internal.view.menu.MenuWrapperICS,add,android.view.Menu,add
GeneralJava,VirtualDispatch4,FlowDroid,de.ecspride.MainActivity,factoryTest,android.telephony.SmsManager,sendTextMessage
GeneralJava,VirtualDispatch4,FlowDroid,de.ecspride.MainActivity,factoryTest,de.ecspride.MainActivity$MyInterface,getString
GeneralJava,VirtualDispatch4,FlowDroid,de.ecspride.MainActivity,factoryTest,java.io.PrintStream,println
GeneralJava,VirtualDispatch4,FlowDroid,de.ecspride.MainActivity,onCreate,android.support.v4.app.FragmentManager,beginTransaction
GeneralJava,VirtualDispatch4,FlowDroid,de.ecspride.MainActivity,onCreate,android.support.v4.app.FragmentTransaction,add
GeneralJava,VirtualDispatch4,FlowDroid,de.ecspride.MainActivity,onCreate,android.support.v4.app.FragmentTransaction,commit
GeneralJava,VirtualDispatch4,FlowDroid,de.ecspride.MainActivity,onCreateOptionsMenu,android.view.MenuInflater,inflate
GeneralJava,VirtualDispatch4,FlowDroid,de.ecspride.MainActivity,onOptionsItemSelected,android.view.MenuItem,getItemId
GeneralJava,VirtualDispatch4,FlowDroid,de.ecspride.MainActivity$PlaceholderFragment,onCreateView,android.view.LayoutInflater,inflate
GeneralJava,VirtualDispatch4,GATOR,android.support.v4.app.FragmentActivity,onCreate,android.view.LayoutInflater,getFactory
GeneralJava,VirtualDispatch4,GATOR,android.support.v4.app.FragmentActivity,onCreate,android.view.LayoutInflater,setFactory
GeneralJava,VirtualDispatch4,GATOR,android.support.v4.app.NavUtils,getParentActivityName,android.content.pm.PackageManager,getActivityInfo
GeneralJava,VirtualDispatch4,GATOR,android.support.v7.app.ActionBarActivityDelegate,getUiOptionsFromMetadata,android.content.pm.PackageManager,getActivityInfo
GeneralJava,VirtualDispatch4,GATOR,android.support.v7.app.ActionBarActivityDelegateICS,onCreate,android.view.Window,getCallback
GeneralJava,VirtualDispatch4,GATOR,android.support.v7.app.ActionBarActivityDelegateICS,onCreate,android.view.Window,setCallback
GeneralJava,VirtualDispatch4,GATOR,android.support.v7.internal.view.SupportMenuInflater,inflate,android.content.res.XmlResourceParser,close
GeneralJava,VirtualDispatch4,GATOR,android.support.v7.internal.view.SupportMenuInflater,parseMenu,org.xmlpull.v1.XmlPullParser,getEventType
GeneralJava,VirtualDispatch4,GATOR,android.support.v7.internal.view.SupportMenuInflater,parseMenu,org.xmlpull.v1.XmlPullParser,getName
GeneralJava,VirtualDispatch4,GATOR,android.support.v7.internal.view.SupportMenuInflater,parseMenu,org.xmlpull.v1.XmlPullParser,next
GeneralJava,VirtualDispatch4,GATOR,de.ecspride.MainActivity$PlaceholderFragment,onCreateView,android.view.LayoutInflater,inflate
GeneralJava,VirtualDispatch4,MAMADROID,android.support.v4.app.BackStackRecord,add,android.support.v4.app.BackStackRecord,doAddOp
GeneralJava,VirtualDispatch4,MAMADROID,android.support.v4.app.BackStackRecord,commit,android.support.v4.app.BackStackRecord,commitInternal
GeneralJava,VirtualDispatch4,MAMADROID,android.support.v4.app.BackStackRecord,commitInternal,android.support.v4.app.FragmentManagerImpl,enqueueAction
GeneralJava,VirtualDispatch4,MAMADROID,android.support.v4.app.BackStackRecord,doAddOp,android.support.v4.app.BackStackRecord,addOp
GeneralJava,VirtualDispatch4,MAMADROID,android.support.v4.app.BackStackRecord,doAddOp,android.support.v4.app.BackStackRecord$Op,<init>
GeneralJava,VirtualDispatch4,MAMADROID,android.support.v4.app.BackStackRecord,run,android.support.v4.app.BackStackRecord,bumpBackStackNesting
GeneralJava,VirtualDispatch4,MAMADROID,android.support.v4.app.BackStackRecord,run,android.support.v4.app.FragmentManagerImpl,addFragment
GeneralJava,VirtualDispatch4,MAMADROID,android.support.v4.app.BackStackRecord,run,android.support.v4.app.FragmentManagerImpl,moveToState
GeneralJava,VirtualDispatch4,MAMADROID,android.support.v4.app.Fragment,<clinit>,android.support.v4.util.SimpleArrayMap,<init>
GeneralJava,VirtualDispatch4,MAMADROID,android.support.v4.app.Fragment,getLayoutInflater,android.app.Activity,getLayoutInflater
GeneralJava,VirtualDispatch4,MAMADROID,android.support.v4.app.Fragment,onStart,android.support.v4.app.FragmentActivity,getLoaderManager
GeneralJava,VirtualDispatch4,MAMADROID,android.support.v4.app.Fragment,performActivityCreated,android.support.v4.app.Fragment,onActivityCreated
GeneralJava,VirtualDispatch4,MAMADROID,android.support.v4.app.Fragment,performCreate,android.support.v4.app.Fragment,onCreate
GeneralJava,VirtualDispatch4,MAMADROID,android.support.v4.app.Fragment,performCreateView,android.support.v4.app.Fragment,onCreateView
GeneralJava,VirtualDispatch4,MAMADROID,android.support.v4.app.Fragment,performDestroy,android.support.v4.app.Fragment,onDestroy
GeneralJava,VirtualDispatch4,MAMADROID,android.support.v4.app.Fragment,performDestroyView,android.support.v4.app.Fragment,onDestroyView
GeneralJava,VirtualDispatch4,MAMADROID,android.support.v4.app.Fragment,performPause,android.support.v4.app.Fragment,onPause
GeneralJava,VirtualDispatch4,MAMADROID,android.support.v4.app.Fragment,performResume,android.support.v4.app.Fragment,onResume
GeneralJava,VirtualDispatch4,MAMADROID,android.support.v4.app.Fragment,performSaveInstanceState,android.support.v4.app.Fragment,onSaveInstanceState
GeneralJava,VirtualDispatch4,MAMADROID,android.support.v4.app.Fragment,performStart,android.support.v4.app.Fragment,onStart
GeneralJava,VirtualDispatch4,MAMADROID,android.support.v4.app.Fragment,performStop,android.support.v4.app.Fragment,onStop
GeneralJava,VirtualDispatch4,MAMADROID,android.support.v4.app.Fragment,restoreViewState,android.support.v4.app.Fragment,onViewStateRestored
GeneralJava,VirtualDispatch4,MAMADROID,android.support.v4.app.Fragment,setIndex,java.lang.StringBuilder,<init>
GeneralJava,VirtualDispatch4,MAMADROID,android.support.v4.app.Fragment,setIndex,java.lang.StringBuilder,append
GeneralJava,VirtualDispatch4,MAMADROID,android.support.v4.app.Fragment,setIndex,java.lang.StringBuilder,toString
GeneralJava,VirtualDispatch4,MAMADROID,android.support.v4.app.FragmentActivity,doReallyStop,android.os.Handler,removeMessages
GeneralJava,VirtualDispatch4,MAMADROID,android.support.v4.app.FragmentActivity,doReallyStop,android.support.v4.app.FragmentActivity,onReallyStop
GeneralJava,VirtualDispatch4,MAMADROID,android.support.v4.app.FragmentActivity,getLoaderManager,android.support.v4.util.SimpleArrayMap,<init>
GeneralJava,VirtualDispatch4,MAMADROID,android.support.v4.app.FragmentActivity,getLoaderManager,android.support.v4.util.SimpleArrayMap,get
GeneralJava,VirtualDispatch4,MAMADROID,android.support.v4.app.FragmentActivity,invalidateSupportFragment,android.support.v4.util.SimpleArrayMap,get
GeneralJava,VirtualDispatch4,MAMADROID,android.support.v4.app.FragmentActivity,onBackPressed,android.app.Activity,finish
GeneralJava,VirtualDispatch4,MAMADROID,android.support.v4.app.FragmentActivity,onBackPressed,android.support.v4.app.FragmentManagerImpl,popBackStackImmediate
GeneralJava,VirtualDispatch4,MAMADROID,android.support.v4.app.FragmentActivity,onCreate,android.app.Activity,getLastNonConfigurationInstance
GeneralJava,VirtualDispatch4,MAMADROID,android.support.v4.app.FragmentActivity,onCreate,android.app.Activity,getLayoutInflater
GeneralJava,VirtualDispatch4,MAMADROID,android.support.v4.app.FragmentActivity,onCreate,android.support.v4.app.FragmentManagerImpl,attachActivity
GeneralJava,VirtualDispatch4,MAMADROID,android.support.v4.app.FragmentActivity,onCreate,android.support.v4.app.FragmentManagerImpl,dispatchCreate
GeneralJava,VirtualDispatch4,MAMADROID,android.support.v4.app.FragmentActivity,onCreate,android.view.LayoutInflater,getFactory
GeneralJava,VirtualDispatch4,MAMADROID,android.support.v4.app.FragmentActivity,onCreate,android.view.LayoutInflater,setFactory
GeneralJava,VirtualDispatch4,MAMADROID,android.support.v4.app.FragmentActivity,onCreatePanelMenu,android.app.Activity,getMenuInflater
GeneralJava,VirtualDispatch4,MAMADROID,android.support.v4.app.FragmentActivity,onCreatePanelMenu,android.app.Activity,onCreatePanelMenu
GeneralJava,VirtualDispatch4,MAMADROID,android.support.v4.app.FragmentActivity,onCreatePanelMenu,android.support.v4.app.FragmentManagerImpl,dispatchCreateOptionsMenu
GeneralJava,VirtualDispatch4,MAMADROID,android.support.v4.app.FragmentActivity,onCreateView,android.app.Activity,onCreateView
GeneralJava,VirtualDispatch4,MAMADROID,android.support.v4.app.FragmentActivity,onCreateView,java.lang.String,equals
GeneralJava,VirtualDispatch4,MAMADROID,android.support.v4.app.FragmentActivity,onDestroy,android.app.Activity,onDestroy
GeneralJava,VirtualDispatch4,MAMADROID,android.support.v4.app.FragmentActivity,onDestroy,android.support.v4.app.FragmentActivity,doReallyStop
GeneralJava,VirtualDispatch4,MAMADROID,android.support.v4.app.FragmentActivity,onDestroy,android.support.v4.app.FragmentManagerImpl,dispatchDestroy
GeneralJava,VirtualDispatch4,MAMADROID,android.support.v4.app.FragmentActivity,onKeyDown,android.app.Activity,onKeyDown
GeneralJava,VirtualDispatch4,MAMADROID,android.support.v4.app.FragmentActivity,onMenuItemSelected,android.app.Activity,onMenuItemSelected
GeneralJava,VirtualDispatch4,MAMADROID,android.support.v4.app.FragmentActivity,onPanelClosed,android.app.Activity,onPanelClosed
GeneralJava,VirtualDispatch4,MAMADROID,android.support.v4.app.FragmentActivity,onPause,android.app.Activity,onPause
GeneralJava,VirtualDispatch4,MAMADROID,android.support.v4.app.FragmentActivity,onPause,android.os.Handler,hasMessages
GeneralJava,VirtualDispatch4,MAMADROID,android.support.v4.app.FragmentActivity,onPause,android.support.v4.app.FragmentManagerImpl,dispatchPause
GeneralJava,VirtualDispatch4,MAMADROID,android.support.v4.app.FragmentActivity,onPostResume,android.app.Activity,onPostResume
GeneralJava,VirtualDispatch4,MAMADROID,android.support.v4.app.FragmentActivity,onPostResume,android.os.Handler,removeMessages
GeneralJava,VirtualDispatch4,MAMADROID,android.support.v4.app.FragmentActivity,onPostResume,android.support.v4.app.FragmentActivity,onResumeFragments
GeneralJava,VirtualDispatch4,MAMADROID,android.support.v4.app.FragmentActivity,onPostResume,android.support.v4.app.FragmentManagerImpl,execPendingActions
GeneralJava,VirtualDispatch4,MAMADROID,android.support.v4.app.FragmentActivity,onPrepareOptionsPanel,android.app.Activity,onPreparePanel
GeneralJava,VirtualDispatch4,MAMADROID,android.support.v4.app.FragmentActivity,onPreparePanel,android.support.v4.app.FragmentActivity,onPrepareOptionsPanel
GeneralJava,VirtualDispatch4,MAMADROID,android.support.v4.app.FragmentActivity,onPreparePanel,android.support.v4.app.FragmentManagerImpl,dispatchPrepareOptionsMenu
GeneralJava,VirtualDispatch4,MAMADROID,android.support.v4.app.FragmentActivity,onReallyStop,android.support.v4.app.FragmentManagerImpl,dispatchReallyStop
GeneralJava,VirtualDispatch4,MAMADROID,android.support.v4.app.FragmentActivity,onResume,android.app.Activity,onResume
GeneralJava,VirtualDispatch4,MAMADROID,android.support.v4.app.FragmentActivity,onResume,android.os.Handler,sendEmptyMessage
GeneralJava,VirtualDispatch4,MAMADROID,android.support.v4.app.FragmentActivity,onResume,android.support.v4.app.FragmentManagerImpl,execPendingActions
GeneralJava,VirtualDispatch4,MAMADROID,android.support.v4.app.FragmentActivity,onResumeFragments,android.support.v4.app.FragmentManagerImpl,dispatchResume
GeneralJava,VirtualDispatch4,MAMADROID,android.support.v4.app.FragmentActivity,onSaveInstanceState,android.app.Activity,onSaveInstanceState
GeneralJava,VirtualDispatch4,MAMADROID,android.support.v4.app.FragmentActivity,onSaveInstanceState,android.os.Bundle,putParcelable
GeneralJava,VirtualDispatch4,MAMADROID,android.support.v4.app.FragmentActivity,onSaveInstanceState,android.support.v4.app.FragmentManagerImpl,saveAllState
GeneralJava,VirtualDispatch4,MAMADROID,android.support.v4.app.FragmentActivity,onStart,android.app.Activity,onStart
GeneralJava,VirtualDispatch4,MAMADROID,android.support.v4.app.FragmentActivity,onStart,android.os.Handler,removeMessages
GeneralJava,VirtualDispatch4,MAMADROID,android.support.v4.app.FragmentActivity,onStart,android.support.v4.app.FragmentManagerImpl,dispatchActivityCreated
GeneralJava,VirtualDispatch4,MAMADROID,android.support.v4.app.FragmentActivity,onStart,android.support.v4.app.FragmentManagerImpl,dispatchStart
GeneralJava,VirtualDispatch4,MAMADROID,android.support.v4.app.FragmentActivity,onStart,android.support.v4.app.FragmentManagerImpl,execPendingActions
GeneralJava,VirtualDispatch4,MAMADROID,android.support.v4.app.FragmentActivity,onStart,android.support.v4.app.FragmentManagerImpl,noteStateNotSaved
GeneralJava,VirtualDispatch4,MAMADROID,android.support.v4.app.FragmentActivity,onStart,android.support.v4.util.SimpleArrayMap,size
GeneralJava,VirtualDispatch4,MAMADROID,android.support.v4.app.FragmentActivity,onStop,android.app.Activity,onStop
GeneralJava,VirtualDispatch4,MAMADROID,android.support.v4.app.FragmentActivity,onStop,android.os.Handler,sendEmptyMessage
GeneralJava,VirtualDispatch4,MAMADROID,android.support.v4.app.FragmentActivity,onStop,android.support.v4.app.FragmentManagerImpl,dispatchStop
GeneralJava,VirtualDispatch4,MAMADROID,android.support.v4.app.FragmentActivity$1,handleMessage,android.support.v4.app.FragmentActivity,doReallyStop
GeneralJava,VirtualDispatch4,MAMADROID,android.support.v4.app.FragmentActivity$2,findViewById,android.app.Activity,findViewById
GeneralJava,VirtualDispatch4,MAMADROID,android.support.v4.app.FragmentManagerImpl,addFragment,android.support.v4.app.FragmentManagerImpl,makeActive
GeneralJava,VirtualDispatch4,MAMADROID,android.support.v4.app.FragmentManagerImpl,addFragment,java.util.ArrayList,<init>
GeneralJava,VirtualDispatch4,MAMADROID,android.support.v4.app.FragmentManagerImpl,addFragment,java.util.ArrayList,add
GeneralJava,VirtualDispatch4,MAMADROID,android.support.v4.app.FragmentManagerImpl,addFragment,java.util.ArrayList,contains
GeneralJava,VirtualDispatch4,MAMADROID,android.support.v4.app.FragmentManagerImpl,beginTransaction,android.support.v4.app.BackStackRecord,<init>
GeneralJava,VirtualDispatch4,MAMADROID,android.support.v4.app.FragmentManagerImpl,dispatchActivityCreated,android.support.v4.app.FragmentManagerImpl,moveToState
GeneralJava,VirtualDispatch4,MAMADROID,android.support.v4.app.FragmentManagerImpl,dispatchCreate,android.support.v4.app.FragmentManagerImpl,moveToState
GeneralJava,VirtualDispatch4,MAMADROID,android.support.v4.app.FragmentManagerImpl,dispatchCreateOptionsMenu,android.support.v4.app.Fragment,performCreateOptionsMenu
GeneralJava,VirtualDispatch4,MAMADROID,android.support.v4.app.FragmentManagerImpl,dispatchCreateOptionsMenu,java.util.ArrayList,get
GeneralJava,VirtualDispatch4,MAMADROID,android.support.v4.app.FragmentManagerImpl,dispatchCreateOptionsMenu,java.util.ArrayList,size
GeneralJava,VirtualDispatch4,MAMADROID,android.support.v4.app.FragmentManagerImpl,dispatchDestroy,android.support.v4.app.FragmentManagerImpl,execPendingActions
GeneralJava,VirtualDispatch4,MAMADROID,android.support.v4.app.FragmentManagerImpl,dispatchDestroy,android.support.v4.app.FragmentManagerImpl,moveToState
GeneralJava,VirtualDispatch4,MAMADROID,android.support.v4.app.FragmentManagerImpl,dispatchPause,android.support.v4.app.FragmentManagerImpl,moveToState
GeneralJava,VirtualDispatch4,MAMADROID,android.support.v4.app.FragmentManagerImpl,dispatchPrepareOptionsMenu,android.support.v4.app.Fragment,performPrepareOptionsMenu
GeneralJava,VirtualDispatch4,MAMADROID,android.support.v4.app.FragmentManagerImpl,dispatchPrepareOptionsMenu,java.util.ArrayList,get
GeneralJava,VirtualDispatch4,MAMADROID,android.support.v4.app.FragmentManagerImpl,dispatchPrepareOptionsMenu,java.util.ArrayList,size
GeneralJava,VirtualDispatch4,MAMADROID,android.support.v4.app.FragmentManagerImpl,dispatchReallyStop,android.support.v4.app.FragmentManagerImpl,moveToState
GeneralJava,VirtualDispatch4,MAMADROID,android.support.v4.app.FragmentManagerImpl,dispatchResume,android.support.v4.app.FragmentManagerImpl,moveToState
GeneralJava,VirtualDispatch4,MAMADROID,android.support.v4.app.FragmentManagerImpl,dispatchStart,android.support.v4.app.FragmentManagerImpl,moveToState
GeneralJava,VirtualDispatch4,MAMADROID,android.support.v4.app.FragmentManagerImpl,dispatchStop,android.support.v4.app.FragmentManagerImpl,moveToState
GeneralJava,VirtualDispatch4,MAMADROID,android.support.v4.app.FragmentManagerImpl,enqueueAction,android.os.Handler,post
GeneralJava,VirtualDispatch4,MAMADROID,android.support.v4.app.FragmentManagerImpl,enqueueAction,android.os.Handler,removeCallbacks
GeneralJava,VirtualDispatch4,MAMADROID,android.support.v4.app.FragmentManagerImpl,enqueueAction,android.support.v4.app.FragmentManagerImpl,checkStateLoss
GeneralJava,VirtualDispatch4,MAMADROID,android.support.v4.app.FragmentManagerImpl,enqueueAction,java.util.ArrayList,<init>
GeneralJava,VirtualDispatch4,MAMADROID,android.support.v4.app.FragmentManagerImpl,enqueueAction,java.util.ArrayList,add
GeneralJava,VirtualDispatch4,MAMADROID,android.support.v4.app.FragmentManagerImpl,enqueueAction,java.util.ArrayList,size
GeneralJava,VirtualDispatch4,MAMADROID,android.support.v4.app.FragmentManagerImpl,execPendingActions,android.os.Handler,getLooper
GeneralJava,VirtualDispatch4,MAMADROID,android.support.v4.app.FragmentManagerImpl,execPendingActions,android.os.Handler,removeCallbacks
GeneralJava,VirtualDispatch4,MAMADROID,android.support.v4.app.FragmentManagerImpl,execPendingActions,android.os.Looper,myLooper
GeneralJava,VirtualDispatch4,MAMADROID,android.support.v4.app.FragmentManagerImpl,execPendingActions,java.lang.Runnable,run
GeneralJava,VirtualDispatch4,MAMADROID,android.support.v4.app.FragmentManagerImpl,execPendingActions,java.util.ArrayList,clear
GeneralJava,VirtualDispatch4,MAMADROID,android.support.v4.app.FragmentManagerImpl,execPendingActions,java.util.ArrayList,size
GeneralJava,VirtualDispatch4,MAMADROID,android.support.v4.app.FragmentManagerImpl,execPendingActions,java.util.ArrayList,toArray
GeneralJava,VirtualDispatch4,MAMADROID,android.support.v4.app.FragmentManagerImpl,executePendingTransactions,android.support.v4.app.FragmentManagerImpl,execPendingActions
GeneralJava,VirtualDispatch4,MAMADROID,android.support.v4.app.FragmentManagerImpl,loadAnimation,android.support.v4.app.Fragment,onCreateAnimation
GeneralJava,VirtualDispatch4,MAMADROID,android.support.v4.app.FragmentManagerImpl,makeActive,android.support.v4.app.Fragment,setIndex
GeneralJava,VirtualDispatch4,MAMADROID,android.support.v4.app.FragmentManagerImpl,makeActive,java.util.ArrayList,<init>
GeneralJava,VirtualDispatch4,MAMADROID,android.support.v4.app.FragmentManagerImpl,makeActive,java.util.ArrayList,add
GeneralJava,VirtualDispatch4,MAMADROID,android.support.v4.app.FragmentManagerImpl,makeActive,java.util.ArrayList,size
GeneralJava,VirtualDispatch4,MAMADROID,android.support.v4.app.FragmentManagerImpl,makeInactive,android.support.v4.app.Fragment,initState
GeneralJava,VirtualDispatch4,MAMADROID,android.support.v4.app.FragmentManagerImpl,makeInactive,android.support.v4.app.FragmentActivity,invalidateSupportFragment
GeneralJava,VirtualDispatch4,MAMADROID,android.support.v4.app.FragmentManagerImpl,makeInactive,java.lang.Integer,valueOf
GeneralJava,VirtualDispatch4,MAMADROID,android.support.v4.app.FragmentManagerImpl,makeInactive,java.util.ArrayList,<init>
GeneralJava,VirtualDispatch4,MAMADROID,android.support.v4.app.FragmentManagerImpl,makeInactive,java.util.ArrayList,add
GeneralJava,VirtualDispatch4,MAMADROID,android.support.v4.app.FragmentManagerImpl,makeInactive,java.util.ArrayList,set
GeneralJava,VirtualDispatch4,MAMADROID,android.support.v4.app.FragmentManagerImpl,moveToState,android.app.Activity,isFinishing
GeneralJava,VirtualDispatch4,MAMADROID,android.support.v4.app.FragmentManagerImpl,moveToState,android.support.v4.app.Fragment,getLayoutInflater
GeneralJava,VirtualDispatch4,MAMADROID,android.support.v4.app.FragmentManagerImpl,moveToState,android.support.v4.app.Fragment,onAttach
GeneralJava,VirtualDispatch4,MAMADROID,android.support.v4.app.FragmentManagerImpl,moveToState,android.support.v4.app.Fragment,onDetach
GeneralJava,VirtualDispatch4,MAMADROID,android.support.v4.app.FragmentManagerImpl,moveToState,android.support.v4.app.Fragment,onViewCreated
GeneralJava,VirtualDispatch4,MAMADROID,android.support.v4.app.FragmentManagerImpl,moveToState,android.support.v4.app.Fragment,performActivityCreated
GeneralJava,VirtualDispatch4,MAMADROID,android.support.v4.app.FragmentManagerImpl,moveToState,android.support.v4.app.Fragment,performCreate
GeneralJava,VirtualDispatch4,MAMADROID,android.support.v4.app.FragmentManagerImpl,moveToState,android.support.v4.app.Fragment,performCreateView
GeneralJava,VirtualDispatch4,MAMADROID,android.support.v4.app.FragmentManagerImpl,moveToState,android.support.v4.app.Fragment,performDestroy
GeneralJava,VirtualDispatch4,MAMADROID,android.support.v4.app.FragmentManagerImpl,moveToState,android.support.v4.app.Fragment,performDestroyView
GeneralJava,VirtualDispatch4,MAMADROID,android.support.v4.app.FragmentManagerImpl,moveToState,android.support.v4.app.Fragment,performPause
GeneralJava,VirtualDispatch4,MAMADROID,android.support.v4.app.FragmentManagerImpl,moveToState,android.support.v4.app.Fragment,performReallyStop
GeneralJava,VirtualDispatch4,MAMADROID,android.support.v4.app.FragmentManagerImpl,moveToState,android.support.v4.app.Fragment,performResume
GeneralJava,VirtualDispatch4,MAMADROID,android.support.v4.app.FragmentManagerImpl,moveToState,android.support.v4.app.Fragment,performStart
GeneralJava,VirtualDispatch4,MAMADROID,android.support.v4.app.FragmentManagerImpl,moveToState,android.support.v4.app.Fragment,performStop
GeneralJava,VirtualDispatch4,MAMADROID,android.support.v4.app.FragmentManagerImpl,moveToState,android.support.v4.app.Fragment,restoreViewState
GeneralJava,VirtualDispatch4,MAMADROID,android.support.v4.app.FragmentManagerImpl,moveToState,android.support.v4.app.FragmentActivity,onAttachFragment
GeneralJava,VirtualDispatch4,MAMADROID,android.support.v4.app.FragmentManagerImpl,moveToState,android.support.v4.app.FragmentContainer,findViewById
GeneralJava,VirtualDispatch4,MAMADROID,android.support.v4.app.FragmentManagerImpl,moveToState,android.support.v4.app.FragmentManagerImpl,loadAnimation
GeneralJava,VirtualDispatch4,MAMADROID,android.support.v4.app.FragmentManagerImpl,moveToState,android.support.v4.app.FragmentManagerImpl,makeInactive
GeneralJava,VirtualDispatch4,MAMADROID,android.support.v4.app.FragmentManagerImpl,moveToState,android.support.v4.app.FragmentManagerImpl,moveToState
GeneralJava,VirtualDispatch4,MAMADROID,android.support.v4.app.FragmentManagerImpl,moveToState,android.support.v4.app.FragmentManagerImpl,startPendingDeferredFragments
GeneralJava,VirtualDispatch4,MAMADROID,android.support.v4.app.FragmentManagerImpl,moveToState,android.support.v4.app.NoSaveStateFrameLayout,wrap
GeneralJava,VirtualDispatch4,MAMADROID,android.support.v4.app.FragmentManagerImpl,moveToState,android.view.ViewGroup,addView
GeneralJava,VirtualDispatch4,MAMADROID,android.support.v4.app.FragmentManagerImpl,moveToState,android.view.ViewGroup,removeView
GeneralJava,VirtualDispatch4,MAMADROID,android.support.v4.app.FragmentManagerImpl,moveToState,java.util.ArrayList,get
GeneralJava,VirtualDispatch4,MAMADROID,android.support.v4.app.FragmentManagerImpl,moveToState,java.util.ArrayList,size
GeneralJava,VirtualDispatch4,MAMADROID,android.support.v4.app.FragmentManagerImpl,popBackStackImmediate,android.support.v4.app.FragmentManagerImpl,checkStateLoss
GeneralJava,VirtualDispatch4,MAMADROID,android.support.v4.app.FragmentManagerImpl,popBackStackImmediate,android.support.v4.app.FragmentManagerImpl,executePendingTransactions
GeneralJava,VirtualDispatch4,MAMADROID,android.support.v4.app.FragmentManagerImpl,popBackStackImmediate,android.support.v4.app.FragmentManagerImpl,popBackStackState
GeneralJava,VirtualDispatch4,MAMADROID,android.support.v4.app.FragmentManagerImpl,saveAllState,android.support.v4.app.FragmentManagerImpl,execPendingActions
GeneralJava,VirtualDispatch4,MAMADROID,android.support.v4.app.FragmentManagerImpl,saveAllState,android.support.v4.app.FragmentManagerImpl,saveFragmentBasicState
GeneralJava,VirtualDispatch4,MAMADROID,android.support.v4.app.FragmentManagerImpl,saveAllState,android.support.v4.app.FragmentManagerState,<init>
GeneralJava,VirtualDispatch4,MAMADROID,android.support.v4.app.FragmentManagerImpl,saveAllState,java.util.ArrayList,get
GeneralJava,VirtualDispatch4,MAMADROID,android.support.v4.app.FragmentManagerImpl,saveAllState,java.util.ArrayList,size
GeneralJava,VirtualDispatch4,MAMADROID,android.support.v4.app.FragmentManagerImpl,saveFragmentBasicState,android.os.BaseBundle,isEmpty
GeneralJava,VirtualDispatch4,MAMADROID,android.support.v4.app.FragmentManagerImpl,saveFragmentBasicState,android.os.Bundle,<init>
GeneralJava,VirtualDispatch4,MAMADROID,android.support.v4.app.FragmentManagerImpl,saveFragmentBasicState,android.support.v4.app.Fragment,performSaveInstanceState
GeneralJava,VirtualDispatch4,MAMADROID,android.support.v4.app.FragmentManagerImpl,saveFragmentBasicState,android.support.v4.app.FragmentManagerImpl,saveFragmentViewState
GeneralJava,VirtualDispatch4,MAMADROID,android.support.v4.app.FragmentManagerImpl,saveFragmentViewState,android.util.SparseArray,<init>
GeneralJava,VirtualDispatch4,MAMADROID,android.support.v4.app.FragmentManagerImpl,saveFragmentViewState,android.util.SparseArray,clear
GeneralJava,VirtualDispatch4,MAMADROID,android.support.v4.app.FragmentManagerImpl,saveFragmentViewState,android.util.SparseArray,size
GeneralJava,VirtualDispatch4,MAMADROID,android.support.v4.app.FragmentManagerImpl,saveFragmentViewState,android.view.View,saveHierarchyState
GeneralJava,VirtualDispatch4,MAMADROID,android.support.v4.app.FragmentManagerImpl,startPendingDeferredFragments,android.support.v4.app.FragmentManagerImpl,performPendingDeferredStart
GeneralJava,VirtualDispatch4,MAMADROID,android.support.v4.app.FragmentManagerImpl,startPendingDeferredFragments,java.util.ArrayList,get
GeneralJava,VirtualDispatch4,MAMADROID,android.support.v4.app.FragmentManagerImpl,startPendingDeferredFragments,java.util.ArrayList,size
GeneralJava,VirtualDispatch4,MAMADROID,android.support.v4.app.FragmentManagerState,writeToParcel,android.os.Parcel,writeIntArray
GeneralJava,VirtualDispatch4,MAMADROID,android.support.v4.app.FragmentManagerState,writeToParcel,android.os.Parcel,writeTypedArray
GeneralJava,VirtualDispatch4,MAMADROID,android.support.v4.app.FragmentState,<init>,java.lang.Class,getName
GeneralJava,VirtualDispatch4,MAMADROID,android.support.v4.app.FragmentState,<init>,java.lang.Object,getClass
GeneralJava,VirtualDispatch4,MAMADROID,android.support.v4.app.FragmentState,writeToParcel,android.os.Parcel,writeBundle
GeneralJava,VirtualDispatch4,MAMADROID,android.support.v4.app.FragmentState,writeToParcel,android.os.Parcel,writeInt
GeneralJava,VirtualDispatch4,MAMADROID,android.support.v4.app.FragmentState,writeToParcel,android.os.Parcel,writeString
GeneralJava,VirtualDispatch4,MAMADROID,android.support.v4.app.NavUtils,getParentActivityName,android.app.Activity,getComponentName
GeneralJava,VirtualDispatch4,MAMADROID,android.support.v4.app.NavUtils,getParentActivityName,android.content.Context,getPackageManager
GeneralJava,VirtualDispatch4,MAMADROID,android.support.v4.app.NavUtils,getParentActivityName,android.content.pm.PackageManager,getActivityInfo
GeneralJava,VirtualDispatch4,MAMADROID,android.support.v4.app.NavUtils$NavUtilsImplJB,getParentActivityName,android.support.v4.app.NavUtils$NavUtilsImplBase,getParentActivityName
GeneralJava,VirtualDispatch4,MAMADROID,android.support.v4.app.NoSaveStateFrameLayout,dispatchSaveInstanceState,android.view.ViewGroup,dispatchFreezeSelfOnly
GeneralJava,VirtualDispatch4,MAMADROID,android.support.v4.app.NoSaveStateFrameLayout,wrap,android.support.v4.app.NoSaveStateFrameLayout,<init>
GeneralJava,VirtualDispatch4,MAMADROID,android.support.v4.app.NoSaveStateFrameLayout,wrap,android.view.View,getContext
GeneralJava,VirtualDispatch4,MAMADROID,android.support.v4.app.NoSaveStateFrameLayout,wrap,android.view.View,getLayoutParams
GeneralJava,VirtualDispatch4,MAMADROID,android.support.v4.app.NoSaveStateFrameLayout,wrap,android.view.View,setLayoutParams
GeneralJava,VirtualDispatch4,MAMADROID,android.support.v4.app.NoSaveStateFrameLayout,wrap,android.view.ViewGroup,addView
GeneralJava,VirtualDispatch4,MAMADROID,android.support.v4.util.SimpleArrayMap,get,android.support.v4.util.SimpleArrayMap,indexOf
GeneralJava,VirtualDispatch4,MAMADROID,android.support.v4.util.SimpleArrayMap,get,java.lang.Object,hashCode
GeneralJava,VirtualDispatch4,MAMADROID,android.support.v4.view.MenuItemCompat,setShowAsAction,android.support.v4.internal.view.SupportMenuItem,setShowAsAction
GeneralJava,VirtualDispatch4,MAMADROID,android.support.v7.app.ActionBarActivity,getMenuInflater,android.support.v7.app.ActionBarActivityDelegate,getMenuInflater
GeneralJava,VirtualDispatch4,MAMADROID,android.support.v7.app.ActionBarActivity,onBackPressed,android.support.v4.app.FragmentActivity,onBackPressed
GeneralJava,VirtualDispatch4,MAMADROID,android.support.v7.app.ActionBarActivity,onContentChanged,android.support.v7.app.ActionBarActivityDelegate,onContentChanged
GeneralJava,VirtualDispatch4,MAMADROID,android.support.v7.app.ActionBarActivity,onCreate,android.support.v7.app.ActionBarActivityDelegate,createDelegate
GeneralJava,VirtualDispatch4,MAMADROID,android.support.v7.app.ActionBarActivity,onCreatePanelView,android.support.v7.app.ActionBarActivityDelegate,onCreatePanelView
GeneralJava,VirtualDispatch4,MAMADROID,android.support.v7.app.ActionBarActivity,onPrepareOptionsPanel,android.support.v7.app.ActionBarActivityDelegate,onPrepareOptionsPanel
GeneralJava,VirtualDispatch4,MAMADROID,android.support.v7.app.ActionBarActivity,onPreparePanel,android.support.v7.app.ActionBarActivityDelegate,onPreparePanel
GeneralJava,VirtualDispatch4,MAMADROID,android.support.v7.app.ActionBarActivity,onTitleChanged,android.app.Activity,onTitleChanged
GeneralJava,VirtualDispatch4,MAMADROID,android.support.v7.app.ActionBarActivity,setContentView,android.support.v7.app.ActionBarActivityDelegate,setContentView
GeneralJava,VirtualDispatch4,MAMADROID,android.support.v7.app.ActionBarActivity,superOnCreatePanelMenu,android.support.v4.app.FragmentActivity,onCreatePanelMenu
GeneralJava,VirtualDispatch4,MAMADROID,android.support.v7.app.ActionBarActivity,superOnMenuItemSelected,android.support.v4.app.FragmentActivity,onMenuItemSelected
GeneralJava,VirtualDispatch4,MAMADROID,android.support.v7.app.ActionBarActivity,superOnPrepareOptionsPanel,android.support.v4.app.FragmentActivity,onPrepareOptionsPanel
GeneralJava,VirtualDispatch4,MAMADROID,android.support.v7.app.ActionBarActivity,superOnPreparePanel,android.support.v4.app.FragmentActivity,onPreparePanel
GeneralJava,VirtualDispatch4,MAMADROID,android.support.v7.app.ActionBarActivity,superSetContentView,android.app.Activity,setContentView
GeneralJava,VirtualDispatch4,MAMADROID,android.support.v7.app.ActionBarActivityDelegate,createDelegate,android.support.v7.app.ActionBarActivityDelegateJBMR2,<init>
GeneralJava,VirtualDispatch4,MAMADROID,android.support.v7.app.ActionBarActivityDelegate,getActionBarThemedContext,android.support.v7.app.ActionBar,getThemedContext
GeneralJava,VirtualDispatch4,MAMADROID,android.support.v7.app.ActionBarActivityDelegate,getActionBarThemedContext,android.support.v7.app.ActionBarActivityDelegate,getSupportActionBar
GeneralJava,VirtualDispatch4,MAMADROID,android.support.v7.app.ActionBarActivityDelegate,getMenuInflater,android.support.v7.app.ActionBarActivityDelegate,getActionBarThemedContext
GeneralJava,VirtualDispatch4,MAMADROID,android.support.v7.app.ActionBarActivityDelegate,getMenuInflater,android.support.v7.internal.view.SupportMenuInflater,<init>
GeneralJava,VirtualDispatch4,MAMADROID,android.support.v7.app.ActionBarActivityDelegate,getSupportActionBar,android.support.v7.app.ActionBarActivityDelegate,createSupportActionBar
GeneralJava,VirtualDispatch4,MAMADROID,android.support.v7.app.ActionBarActivityDelegate,getUiOptionsFromMetadata,android.app.Activity,getComponentName
GeneralJava,VirtualDispatch4,MAMADROID,android.support.v7.app.ActionBarActivityDelegate,getUiOptionsFromMetadata,android.content.ContextWrapper,getPackageManager
GeneralJava,VirtualDispatch4,MAMADROID,android.support.v7.app.ActionBarActivityDelegate,getUiOptionsFromMetadata,android.content.pm.PackageManager,getActivityInfo
GeneralJava,VirtualDispatch4,MAMADROID,android.support.v7.app.ActionBarActivityDelegate,onCreate,android.content.Context,obtainStyledAttributes
GeneralJava,VirtualDispatch4,MAMADROID,android.support.v7.app.ActionBarActivityDelegate,onCreate,android.content.res.TypedArray,getBoolean
GeneralJava,VirtualDispatch4,MAMADROID,android.support.v7.app.ActionBarActivityDelegate,onCreate,android.content.res.TypedArray,hasValue
GeneralJava,VirtualDispatch4,MAMADROID,android.support.v7.app.ActionBarActivityDelegate,onCreate,android.content.res.TypedArray,recycle
GeneralJava,VirtualDispatch4,MAMADROID,android.support.v7.app.ActionBarActivityDelegate,onCreate,android.support.v4.app.NavUtils,getParentActivityName
GeneralJava,VirtualDispatch4,MAMADROID,android.support.v7.app.ActionBarActivityDelegate,onPrepareOptionsPanel,android.support.v7.app.ActionBarActivity,superOnPrepareOptionsPanel
GeneralJava,VirtualDispatch4,MAMADROID,android.support.v7.app.ActionBarActivityDelegateICS,createWindowCallbackWrapper,android.support.v7.app.ActionBarActivityDelegateICS$WindowCallbackWrapper,<init>
GeneralJava,VirtualDispatch4,MAMADROID,android.support.v7.app.ActionBarActivityDelegateICS,onContentChanged,android.support.v7.app.ActionBarActivity,onSupportContentChanged
GeneralJava,VirtualDispatch4,MAMADROID,android.support.v7.app.ActionBarActivityDelegateICS,onCreate,android.app.Activity,getWindow
GeneralJava,VirtualDispatch4,MAMADROID,android.support.v7.app.ActionBarActivityDelegateICS,onCreate,android.app.Activity,requestWindowFeature
GeneralJava,VirtualDispatch4,MAMADROID,android.support.v7.app.ActionBarActivityDelegateICS,onCreate,android.support.v7.app.ActionBarActivityDelegate,getUiOptionsFromMetadata
GeneralJava,VirtualDispatch4,MAMADROID,android.support.v7.app.ActionBarActivityDelegateICS,onCreate,android.support.v7.app.ActionBarActivityDelegateICS,createWindowCallbackWrapper
GeneralJava,VirtualDispatch4,MAMADROID,android.support.v7.app.ActionBarActivityDelegateICS,onCreate,android.view.Window,getCallback
GeneralJava,VirtualDispatch4,MAMADROID,android.support.v7.app.ActionBarActivityDelegateICS,onCreate,android.view.Window,setCallback
GeneralJava,VirtualDispatch4,MAMADROID,android.support.v7.app.ActionBarActivityDelegateICS,onCreate,java.lang.String,equals
GeneralJava,VirtualDispatch4,MAMADROID,android.support.v7.app.ActionBarActivityDelegateICS,onCreatePanelMenu,android.support.v7.app.ActionBarActivity,superOnCreatePanelMenu
GeneralJava,VirtualDispatch4,MAMADROID,android.support.v7.app.ActionBarActivityDelegateICS,onCreatePanelMenu,android.support.v7.internal.view.menu.MenuWrapperFactory,createMenuWrapper
GeneralJava,VirtualDispatch4,MAMADROID,android.support.v7.app.ActionBarActivityDelegateICS,onMenuItemSelected,android.support.v7.app.ActionBarActivity,superOnMenuItemSelected
GeneralJava,VirtualDispatch4,MAMADROID,android.support.v7.app.ActionBarActivityDelegateICS,onMenuItemSelected,android.support.v7.internal.view.menu.MenuWrapperFactory,createMenuItemWrapper
GeneralJava,VirtualDispatch4,MAMADROID,android.support.v7.app.ActionBarActivityDelegateICS,onPreparePanel,android.support.v7.app.ActionBarActivity,superOnPreparePanel
GeneralJava,VirtualDispatch4,MAMADROID,android.support.v7.app.ActionBarActivityDelegateICS,setContentView,android.support.v7.app.ActionBarActivity,superSetContentView
GeneralJava,VirtualDispatch4,MAMADROID,android.support.v7.app.ActionBarActivityDelegateICS$WindowCallbackWrapper,dispatchKeyEvent,android.view.Window$Callback,dispatchKeyEvent
GeneralJava,VirtualDispatch4,MAMADROID,android.support.v7.app.ActionBarActivityDelegateICS$WindowCallbackWrapper,dispatchTouchEvent,android.view.Window$Callback,dispatchTouchEvent
GeneralJava,VirtualDispatch4,MAMADROID,android.support.v7.app.ActionBarActivityDelegateICS$WindowCallbackWrapper,dispatchTrackballEvent,android.view.Window$Callback,dispatchTrackballEvent
GeneralJava,VirtualDispatch4,MAMADROID,android.support.v7.app.ActionBarActivityDelegateICS$WindowCallbackWrapper,onAttachedToWindow,android.view.Window$Callback,onAttachedToWindow
GeneralJava,VirtualDispatch4,MAMADROID,android.support.v7.app.ActionBarActivityDelegateICS$WindowCallbackWrapper,onDetachedFromWindow,android.view.Window$Callback,onDetachedFromWindow
GeneralJava,VirtualDispatch4,MAMADROID,android.support.v7.app.ActionBarActivityDelegateICS$WindowCallbackWrapper,onMenuOpened,android.view.Window$Callback,onMenuOpened
GeneralJava,VirtualDispatch4,MAMADROID,android.support.v7.app.ActionBarActivityDelegateICS$WindowCallbackWrapper,onWindowAttributesChanged,android.view.Window$Callback,onWindowAttributesChanged
GeneralJava,VirtualDispatch4,MAMADROID,android.support.v7.app.ActionBarActivityDelegateICS$WindowCallbackWrapper,onWindowFocusChanged,android.view.Window$Callback,onWindowFocusChanged
GeneralJava,VirtualDispatch4,MAMADROID,android.support.v7.app.ActionBarActivityDelegateJBMR2,createSupportActionBar,android.support.v7.app.ActionBarImplJBMR2,<init>
GeneralJava,VirtualDispatch4,MAMADROID,android.support.v7.app.ActionBarImplICS,<init>,android.app.Activity,getActionBar
GeneralJava,VirtualDispatch4,MAMADROID,android.support.v7.app.ActionBarImplICS,getThemedContext,android.app.ActionBar,getThemedContext
GeneralJava,VirtualDispatch4,MAMADROID,android.support.v7.internal.view.SupportMenuInflater,inflate,android.content.Context,getResources
GeneralJava,VirtualDispatch4,MAMADROID,android.support.v7.internal.view.SupportMenuInflater,inflate,android.content.res.Resources,getLayout
GeneralJava,VirtualDispatch4,MAMADROID,android.support.v7.internal.view.SupportMenuInflater,inflate,android.content.res.XmlResourceParser,close
GeneralJava,VirtualDispatch4,MAMADROID,android.support.v7.internal.view.SupportMenuInflater,inflate,android.support.v7.internal.view.SupportMenuInflater,parseMenu
GeneralJava,VirtualDispatch4,MAMADROID,android.support.v7.internal.view.SupportMenuInflater,inflate,android.util.Xml,asAttributeSet
GeneralJava,VirtualDispatch4,MAMADROID,android.support.v7.internal.view.SupportMenuInflater,parseMenu,android.support.v7.internal.view.SupportMenuInflater$MenuState,<init>
GeneralJava,VirtualDispatch4,MAMADROID,android.support.v7.internal.view.SupportMenuInflater,parseMenu,android.support.v7.internal.view.SupportMenuInflater$MenuState,access$000
GeneralJava,VirtualDispatch4,MAMADROID,android.support.v7.internal.view.SupportMenuInflater,parseMenu,android.support.v7.internal.view.SupportMenuInflater$MenuState,addItem
GeneralJava,VirtualDispatch4,MAMADROID,android.support.v7.internal.view.SupportMenuInflater,parseMenu,android.support.v7.internal.view.SupportMenuInflater$MenuState,hasAddedItem
GeneralJava,VirtualDispatch4,MAMADROID,android.support.v7.internal.view.SupportMenuInflater,parseMenu,android.support.v7.internal.view.SupportMenuInflater$MenuState,readItem
GeneralJava,VirtualDispatch4,MAMADROID,android.support.v7.internal.view.SupportMenuInflater,parseMenu,java.lang.String,equals
GeneralJava,VirtualDispatch4,MAMADROID,android.support.v7.internal.view.SupportMenuInflater,parseMenu,org.xmlpull.v1.XmlPullParser,getEventType
GeneralJava,VirtualDispatch4,MAMADROID,android.support.v7.internal.view.SupportMenuInflater,parseMenu,org.xmlpull.v1.XmlPullParser,getName
GeneralJava,VirtualDispatch4,MAMADROID,android.support.v7.internal.view.SupportMenuInflater,parseMenu,org.xmlpull.v1.XmlPullParser,next
GeneralJava,VirtualDispatch4,MAMADROID,android.support.v7.internal.view.SupportMenuInflater$MenuState,<init>,android.support.v7.internal.view.SupportMenuInflater$MenuState,resetGroup
GeneralJava,VirtualDispatch4,MAMADROID,android.support.v7.internal.view.SupportMenuInflater$MenuState,addItem,android.support.v7.internal.view.SupportMenuInflater$MenuState,setItem
GeneralJava,VirtualDispatch4,MAMADROID,android.support.v7.internal.view.SupportMenuInflater$MenuState,addItem,android.view.Menu,add
GeneralJava,VirtualDispatch4,MAMADROID,android.support.v7.internal.view.SupportMenuInflater$MenuState,readItem,android.content.Context,obtainStyledAttributes
GeneralJava,VirtualDispatch4,MAMADROID,android.support.v7.internal.view.SupportMenuInflater$MenuState,readItem,android.content.res.TypedArray,getBoolean
GeneralJava,VirtualDispatch4,MAMADROID,android.support.v7.internal.view.SupportMenuInflater$MenuState,readItem,android.content.res.TypedArray,getInt
GeneralJava,VirtualDispatch4,MAMADROID,android.support.v7.internal.view.SupportMenuInflater$MenuState,readItem,android.content.res.TypedArray,getResourceId
GeneralJava,VirtualDispatch4,MAMADROID,android.support.v7.internal.view.SupportMenuInflater$MenuState,readItem,android.content.res.TypedArray,getString
GeneralJava,VirtualDispatch4,MAMADROID,android.support.v7.internal.view.SupportMenuInflater$MenuState,readItem,android.content.res.TypedArray,getText
GeneralJava,VirtualDispatch4,MAMADROID,android.support.v7.internal.view.SupportMenuInflater$MenuState,readItem,android.content.res.TypedArray,hasValue
GeneralJava,VirtualDispatch4,MAMADROID,android.support.v7.internal.view.SupportMenuInflater$MenuState,readItem,android.content.res.TypedArray,recycle
GeneralJava,VirtualDispatch4,MAMADROID,android.support.v7.internal.view.SupportMenuInflater$MenuState,readItem,android.support.v7.internal.view.SupportMenuInflater,access$100
GeneralJava,VirtualDispatch4,MAMADROID,android.support.v7.internal.view.SupportMenuInflater$MenuState,readItem,android.support.v7.internal.view.SupportMenuInflater$MenuState,getShortcut
GeneralJava,VirtualDispatch4,MAMADROID,android.support.v7.internal.view.SupportMenuInflater$MenuState,setItem,android.support.v4.view.MenuItemCompat,setShowAsAction
GeneralJava,VirtualDispatch4,MAMADROID,android.support.v7.internal.view.SupportMenuInflater$MenuState,setItem,android.view.MenuItem,setAlphabeticShortcut
GeneralJava,VirtualDispatch4,MAMADROID,android.support.v7.internal.view.SupportMenuInflater$MenuState,setItem,android.view.MenuItem,setCheckable
GeneralJava,VirtualDispatch4,MAMADROID,android.support.v7.internal.view.SupportMenuInflater$MenuState,setItem,android.view.MenuItem,setChecked
GeneralJava,VirtualDispatch4,MAMADROID,android.support.v7.internal.view.SupportMenuInflater$MenuState,setItem,android.view.MenuItem,setEnabled
GeneralJava,VirtualDispatch4,MAMADROID,android.support.v7.internal.view.SupportMenuInflater$MenuState,setItem,android.view.MenuItem,setIcon
GeneralJava,VirtualDispatch4,MAMADROID,android.support.v7.internal.view.SupportMenuInflater$MenuState,setItem,android.view.MenuItem,setNumericShortcut
GeneralJava,VirtualDispatch4,MAMADROID,android.support.v7.internal.view.SupportMenuInflater$MenuState,setItem,android.view.MenuItem,setTitleCondensed
GeneralJava,VirtualDispatch4,MAMADROID,android.support.v7.internal.view.SupportMenuInflater$MenuState,setItem,android.view.MenuItem,setVisible
GeneralJava,VirtualDispatch4,MAMADROID,android.support.v7.internal.view.menu.BaseMenuWrapper,getMenuItemWrapper,android.support.v7.internal.view.menu.MenuWrapperFactory,createSupportMenuItemWrapper
GeneralJava,VirtualDispatch4,MAMADROID,android.support.v7.internal.view.menu.BaseMenuWrapper,getMenuItemWrapper,java.util.HashMap,<init>
GeneralJava,VirtualDispatch4,MAMADROID,android.support.v7.internal.view.menu.BaseMenuWrapper,getMenuItemWrapper,java.util.HashMap,get
GeneralJava,VirtualDispatch4,MAMADROID,android.support.v7.internal.view.menu.BaseMenuWrapper,getMenuItemWrapper,java.util.HashMap,put
GeneralJava,VirtualDispatch4,MAMADROID,android.support.v7.internal.view.menu.MenuItemWrapperICS,<init>,android.view.MenuItem,isVisible
GeneralJava,VirtualDispatch4,MAMADROID,android.support.v7.internal.view.menu.MenuItemWrapperICS,getItemId,android.view.MenuItem,getItemId
GeneralJava,VirtualDispatch4,MAMADROID,android.support.v7.internal.view.menu.MenuItemWrapperICS,getTitleCondensed,android.view.MenuItem,getTitleCondensed
GeneralJava,VirtualDispatch4,MAMADROID,android.support.v7.internal.view.menu.MenuItemWrapperICS,setChecked,android.view.MenuItem,setChecked
GeneralJava,VirtualDispatch4,MAMADROID,android.support.v7.internal.view.menu.MenuItemWrapperICS,setVisible,android.support.v7.internal.view.menu.MenuItemWrapperICS,wrappedSetVisible
GeneralJava,VirtualDispatch4,MAMADROID,android.support.v7.internal.view.menu.MenuItemWrapperICS,wrappedSetVisible,android.view.MenuItem,setVisible
GeneralJava,VirtualDispatch4,MAMADROID,android.support.v7.internal.view.menu.MenuWrapperFactory,createMenuItemWrapper,android.support.v7.internal.view.menu.MenuItemWrapperJB,<init>
GeneralJava,VirtualDispatch4,MAMADROID,android.support.v7.internal.view.menu.MenuWrapperFactory,createMenuWrapper,android.support.v7.internal.view.menu.MenuWrapperICS,<init>
GeneralJava,VirtualDispatch4,MAMADROID,android.support.v7.internal.view.menu.MenuWrapperFactory,createSupportMenuItemWrapper,android.support.v7.internal.view.menu.MenuItemWrapperJB,<init>
GeneralJava,VirtualDispatch4,MAMADROID,android.support.v7.internal.view.menu.MenuWrapperICS,add,android.support.v7.internal.view.menu.BaseMenuWrapper,getMenuItemWrapper
GeneralJava,VirtualDispatch4,MAMADROID,android.support.v7.internal.view.menu.MenuWrapperICS,add,android.view.Menu,add
GeneralJava,VirtualDispatch4,MAMADROID,de.ecspride.MainActivity,factoryTest,android.telephony.SmsManager,sendTextMessage
GeneralJava,VirtualDispatch4,MAMADROID,de.ecspride.MainActivity,factoryTest,de.ecspride.MainActivity$MyInterface,getString
GeneralJava,VirtualDispatch4,MAMADROID,de.ecspride.MainActivity,factoryTest,java.io.PrintStream,println
GeneralJava,VirtualDispatch4,MAMADROID,de.ecspride.MainActivity,onCreate,android.support.v4.app.FragmentManager,beginTransaction
GeneralJava,VirtualDispatch4,MAMADROID,de.ecspride.MainActivity,onCreate,android.support.v4.app.FragmentTransaction,add
GeneralJava,VirtualDispatch4,MAMADROID,de.ecspride.MainActivity,onCreate,android.support.v4.app.FragmentTransaction,commit
GeneralJava,VirtualDispatch4,MAMADROID,de.ecspride.MainActivity,onCreateOptionsMenu,android.view.MenuInflater,inflate
GeneralJava,VirtualDispatch4,MAMADROID,de.ecspride.MainActivity,onOptionsItemSelected,android.view.MenuItem,getItemId
GeneralJava,VirtualDispatch4,MAMADROID,de.ecspride.MainActivity$PlaceholderFragment,onCreateView,android.view.LayoutInflater,inflate
GeneralJava,VirtualDispatch4,NATIDROID,android.support.v4.app.FragmentActivity,onCreate,android.view.LayoutInflater,getFactory
GeneralJava,VirtualDispatch4,NATIDROID,android.support.v4.app.FragmentActivity,onCreate,android.view.LayoutInflater,setFactory
GeneralJava,VirtualDispatch4,NATIDROID,android.support.v4.app.NavUtils,getParentActivityName,android.content.pm.PackageManager,getActivityInfo
GeneralJava,VirtualDispatch4,NATIDROID,android.support.v7.app.ActionBarActivityDelegate,getUiOptionsFromMetadata,android.content.pm.PackageManager,getActivityInfo
GeneralJava,VirtualDispatch4,NATIDROID,android.support.v7.app.ActionBarActivityDelegateICS,onCreate,android.view.Window,getCallback
GeneralJava,VirtualDispatch4,NATIDROID,android.support.v7.app.ActionBarActivityDelegateICS,onCreate,android.view.Window,setCallback
GeneralJava,VirtualDispatch4,NATIDROID,android.support.v7.internal.view.SupportMenuInflater,inflate,android.content.res.XmlResourceParser,close
GeneralJava,VirtualDispatch4,NATIDROID,android.support.v7.internal.view.SupportMenuInflater,parseMenu,org.xmlpull.v1.XmlPullParser,getEventType
GeneralJava,VirtualDispatch4,NATIDROID,android.support.v7.internal.view.SupportMenuInflater,parseMenu,org.xmlpull.v1.XmlPullParser,getName
GeneralJava,VirtualDispatch4,NATIDROID,android.support.v7.internal.view.SupportMenuInflater,parseMenu,org.xmlpull.v1.XmlPullParser,next
GeneralJava,VirtualDispatch4,NATIDROID,de.ecspride.MainActivity$PlaceholderFragment,onCreateView,android.view.LayoutInflater,inflate
ImplicitFlows,ImplicitFlow1,FlowDroid,de.ecspride.ImplicitFlow1,onCreate,android.telephony.TelephonyManager,getDeviceId
ImplicitFlows,ImplicitFlow1,MAMADROID,de.ecspride.ImplicitFlow1,onCreate,android.telephony.TelephonyManager,getDeviceId
ImplicitFlows,ImplicitFlow3,FlowDroid,de.ecspride.ImplicitFlow3,leakData,android.widget.EditText,getText
ImplicitFlows,ImplicitFlow3,FlowDroid,de.ecspride.ImplicitFlow3,leakData,java.lang.Object,toString
ImplicitFlows,ImplicitFlow3,FlowDroid,de.ecspride.ImplicitFlow3,leakData,java.lang.String,equals
ImplicitFlows,ImplicitFlow3,GATOR,de.ecspride.ImplicitFlow3,leakData,java.lang.Object,toString
ImplicitFlows,ImplicitFlow3,MAMADROID,de.ecspride.ImplicitFlow3,leakData,android.widget.EditText,getText
ImplicitFlows,ImplicitFlow3,MAMADROID,de.ecspride.ImplicitFlow3,leakData,java.lang.Object,toString
ImplicitFlows,ImplicitFlow3,MAMADROID,de.ecspride.ImplicitFlow3,leakData,java.lang.String,equals
ImplicitFlows,ImplicitFlow3,NATIDROID,de.ecspride.ImplicitFlow3,leakData,java.lang.Object,toString
ImplicitFlows,ImplicitFlow4,FlowDroid,de.ecspride.ImplicitFlow4,checkUsernamePassword,android.widget.EditText,getText
ImplicitFlows,ImplicitFlow4,FlowDroid,de.ecspride.ImplicitFlow4,checkUsernamePassword,java.lang.Object,toString
ImplicitFlows,ImplicitFlow4,FlowDroid,de.ecspride.ImplicitFlow4,lookup,java.lang.String,equals
ImplicitFlows,ImplicitFlow4,GATOR,de.ecspride.ImplicitFlow4,checkUsernamePassword,java.lang.Object,toString
ImplicitFlows,ImplicitFlow4,MAMADROID,de.ecspride.ImplicitFlow4,checkUsernamePassword,android.widget.EditText,getText
ImplicitFlows,ImplicitFlow4,MAMADROID,de.ecspride.ImplicitFlow4,checkUsernamePassword,java.lang.Object,toString
ImplicitFlows,ImplicitFlow4,MAMADROID,de.ecspride.ImplicitFlow4,lookup,java.lang.String,equals
ImplicitFlows,ImplicitFlow4,NATIDROID,de.ecspride.ImplicitFlow4,checkUsernamePassword,java.lang.Object,toString
InterAppCommunication,SendSMS,FlowDroid,org.cert.sendsms.Button1Listener,onClick,android.telephony.TelephonyManager,getDeviceId
InterAppCommunication,SendSMS,FlowDroid,org.cert.sendsms.MainActivity,onCreate,android.view.View,setOnClickListener
InterAppCommunication,SendSMS,FlowDroid,org.cert.sendsms.MainActivity,onCreateOptionsMenu,android.view.MenuInflater,inflate
InterAppCommunication,SendSMS,MAMADROID,org.cert.sendsms.Button1Listener,onClick,android.telephony.TelephonyManager,getDeviceId
InterAppCommunication,SendSMS,MAMADROID,org.cert.sendsms.MainActivity,onCreate,android.view.View,setOnClickListener
InterAppCommunication,SendSMS,MAMADROID,org.cert.sendsms.MainActivity,onCreateOptionsMenu,android.view.MenuInflater,inflate
InterAppCommunication,StartActivityForResult1,FlowDroid,org.cert.WriteFile.Button1Listener,getMyLocation,android.location.Location,getLongitude
InterAppCommunication,StartActivityForResult1,FlowDroid,org.cert.WriteFile.Button1Listener,getMyLocation,android.location.LocationManager,getLastKnownLocation
InterAppCommunication,StartActivityForResult1,FlowDroid,org.cert.WriteFile.MainActivity,onCreate,android.view.View,setOnClickListener
InterAppCommunication,StartActivityForResult1,FlowDroid,org.cert.WriteFile.MainActivity,onCreateOptionsMenu,android.view.MenuInflater,inflate
InterAppCommunication,StartActivityForResult1,MAMADROID,org.cert.WriteFile.Button1Listener,getMyLocation,android.location.Location,getLongitude
InterAppCommunication,StartActivityForResult1,MAMADROID,org.cert.WriteFile.Button1Listener,getMyLocation,android.location.LocationManager,getLastKnownLocation
InterAppCommunication,StartActivityForResult1,MAMADROID,org.cert.WriteFile.MainActivity,onCreate,android.view.View,setOnClickListener
InterAppCommunication,StartActivityForResult1,MAMADROID,org.cert.WriteFile.MainActivity,onCreateOptionsMenu,android.view.MenuInflater,inflate
InterComponentCommunication,ActivityCommunication1,FlowDroid,de.ecspride.Activity1,onCreate,android.telephony.SmsManager,sendTextMessage
InterComponentCommunication,ActivityCommunication1,FlowDroid,de.ecspride.Activity2,onCreate,android.telephony.TelephonyManager,getDeviceId
InterComponentCommunication,ActivityCommunication1,MAMADROID,de.ecspride.Activity1,onCreate,android.telephony.SmsManager,sendTextMessage
InterComponentCommunication,ActivityCommunication1,MAMADROID,de.ecspride.Activity2,onCreate,android.telephony.TelephonyManager,getDeviceId
InterComponentCommunication,ActivityCommunication2,FlowDroid,edu.mit.icc_action_string_operations.InFlowActivity,onCreate,android.content.Intent,getStringExtra
InterComponentCommunication,ActivityCommunication2,FlowDroid,edu.mit.icc_action_string_operations.OutFlowActivity,onCreate,android.telephony.TelephonyManager,getDeviceId
InterComponentCommunication,ActivityCommunication2,MAMADROID,edu.mit.icc_action_string_operations.InFlowActivity,onCreate,android.content.Intent,getStringExtra
InterComponentCommunication,ActivityCommunication2,MAMADROID,edu.mit.icc_action_string_operations.OutFlowActivity,onCreate,android.telephony.TelephonyManager,getDeviceId
InterComponentCommunication,ActivityCommunication3,FlowDroid,edu.mit.icc_componentname_class_constant.InFlowActivity,onCreate,android.content.Intent,getStringExtra
InterComponentCommunication,ActivityCommunication3,FlowDroid,edu.mit.icc_componentname_class_constant.OutFlowActivity,onCreate,android.telephony.TelephonyManager,getDeviceId
InterComponentCommunication,ActivityCommunication3,MAMADROID,edu.mit.icc_componentname_class_constant.InFlowActivity,onCreate,android.content.Intent,getStringExtra
InterComponentCommunication,ActivityCommunication3,MAMADROID,edu.mit.icc_componentname_class_constant.OutFlowActivity,onCreate,android.telephony.TelephonyManager,getDeviceId
InterComponentCommunication,ActivityCommunication4,FlowDroid,edu.mit.icc_concat_action_string.InFlowActivity,onCreate,android.content.Intent,getStringExtra
InterComponentCommunication,ActivityCommunication4,FlowDroid,edu.mit.icc_concat_action_string.OutFlowActivity,onCreate,android.telephony.TelephonyManager,getDeviceId
InterComponentCommunication,ActivityCommunication4,MAMADROID,edu.mit.icc_concat_action_string.InFlowActivity,onCreate,android.content.Intent,getStringExtra
InterComponentCommunication,ActivityCommunication4,MAMADROID,edu.mit.icc_concat_action_string.OutFlowActivity,onCreate,android.telephony.TelephonyManager,getDeviceId
InterComponentCommunication,ActivityCommunication5,FlowDroid,edu.mit.icc_intent_component_name.InFlowActivity,onCreate,android.content.Intent,getStringExtra
InterComponentCommunication,ActivityCommunication5,FlowDroid,edu.mit.icc_intent_component_name.OutFlowActivity,onCreate,android.telephony.TelephonyManager,getDeviceId
InterComponentCommunication,ActivityCommunication5,MAMADROID,edu.mit.icc_intent_component_name.InFlowActivity,onCreate,android.content.Intent,getStringExtra
InterComponentCommunication,ActivityCommunication5,MAMADROID,edu.mit.icc_intent_component_name.OutFlowActivity,onCreate,android.telephony.TelephonyManager,getDeviceId
InterComponentCommunication,ActivityCommunication6,FlowDroid,edu.mit.icc_intent_passed_through_api.InFlowActivity,onCreate,android.content.Intent,getStringExtra
InterComponentCommunication,ActivityCommunication6,FlowDroid,edu.mit.icc_intent_passed_through_api.OutFlowActivity,onCreate,android.telephony.TelephonyManager,getDeviceId
InterComponentCommunication,ActivityCommunication6,MAMADROID,edu.mit.icc_intent_passed_through_api.InFlowActivity,onCreate,android.content.Intent,getStringExtra
InterComponentCommunication,ActivityCommunication6,MAMADROID,edu.mit.icc_intent_passed_through_api.OutFlowActivity,onCreate,android.telephony.TelephonyManager,getDeviceId
InterComponentCommunication,ActivityCommunication7,FlowDroid,edu.mit.icc_non_constant_class_object.InFlowActivity,onCreate,android.content.Intent,getStringExtra
InterComponentCommunication,ActivityCommunication7,FlowDroid,edu.mit.icc_non_constant_class_object.OutFlowActivity,onCreate,android.telephony.TelephonyManager,getDeviceId
InterComponentCommunication,ActivityCommunication7,MAMADROID,edu.mit.icc_non_constant_class_object.InFlowActivity,onCreate,android.content.Intent,getStringExtra
InterComponentCommunication,ActivityCommunication7,MAMADROID,edu.mit.icc_non_constant_class_object.OutFlowActivity,onCreate,android.telephony.TelephonyManager,getDeviceId
InterComponentCommunication,ActivityCommunication8,FlowDroid,edu.mit.icc_pass_action_string_through_api.InFlowActivity,onCreate,android.content.Intent,getStringExtra
InterComponentCommunication,ActivityCommunication8,FlowDroid,edu.mit.icc_pass_action_string_through_api.OutFlowActivity,onCreate,android.telephony.TelephonyManager,getDeviceId
InterComponentCommunication,ActivityCommunication8,MAMADROID,edu.mit.icc_pass_action_string_through_api.InFlowActivity,onCreate,android.content.Intent,getStringExtra
InterComponentCommunication,ActivityCommunication8,MAMADROID,edu.mit.icc_pass_action_string_through_api.OutFlowActivity,onCreate,android.telephony.TelephonyManager,getDeviceId
InterComponentCommunication,ComponentNotInManifest1,FlowDroid,edu.mit.icc_component_not_in_manifest.OutFlowActivity,onCreate,android.telephony.TelephonyManager,getDeviceId
InterComponentCommunication,ComponentNotInManifest1,MAMADROID,edu.mit.icc_component_not_in_manifest.OutFlowActivity,onCreate,android.telephony.TelephonyManager,getDeviceId
InterComponentCommunication,EventOrdering1,FlowDroid,edu.mit.icc_event_ordering.InFlowActivity,onCreate,android.content.SharedPreferences,getString
InterComponentCommunication,EventOrdering1,FlowDroid,edu.mit.icc_event_ordering.InFlowActivity,writePreferences,android.content.SharedPreferences,edit
InterComponentCommunication,EventOrdering1,FlowDroid,edu.mit.icc_event_ordering.InFlowActivity,writePreferences,android.content.SharedPreferences$Editor,commit
InterComponentCommunication,EventOrdering1,FlowDroid,edu.mit.icc_event_ordering.InFlowActivity,writePreferences,android.content.SharedPreferences$Editor,putString
InterComponentCommunication,EventOrdering1,FlowDroid,edu.mit.icc_event_ordering.InFlowActivity,writePreferences,android.telephony.TelephonyManager,getDeviceId
InterComponentCommunication,EventOrdering1,GATOR,edu.mit.icc_event_ordering.InFlowActivity,onCreate,android.content.SharedPreferences,getString
InterComponentCommunication,EventOrdering1,GATOR,edu.mit.icc_event_ordering.InFlowActivity,writePreferences,android.content.SharedPreferences,edit
InterComponentCommunication,EventOrdering1,GATOR,edu.mit.icc_event_ordering.InFlowActivity,writePreferences,android.content.SharedPreferences$Editor,commit
InterComponentCommunication,EventOrdering1,GATOR,edu.mit.icc_event_ordering.InFlowActivity,writePreferences,android.content.SharedPreferences$Editor,putString
InterComponentCommunication,EventOrdering1,MAMADROID,edu.mit.icc_event_ordering.InFlowActivity,onCreate,android.content.SharedPreferences,getString
InterComponentCommunication,EventOrdering1,MAMADROID,edu.mit.icc_event_ordering.InFlowActivity,writePreferences,android.content.SharedPreferences,edit
InterComponentCommunication,EventOrdering1,MAMADROID,edu.mit.icc_event_ordering.InFlowActivity,writePreferences,android.content.SharedPreferences$Editor,commit
InterComponentCommunication,EventOrdering1,MAMADROID,edu.mit.icc_event_ordering.InFlowActivity,writePreferences,android.content.SharedPreferences$Editor,putString
InterComponentCommunication,EventOrdering1,MAMADROID,edu.mit.icc_event_ordering.InFlowActivity,writePreferences,android.telephony.TelephonyManager,getDeviceId
InterComponentCommunication,EventOrdering1,NATIDROID,edu.mit.icc_event_ordering.InFlowActivity,onCreate,android.content.SharedPreferences,getString
InterComponentCommunication,EventOrdering1,NATIDROID,edu.mit.icc_event_ordering.InFlowActivity,writePreferences,android.content.SharedPreferences,edit
InterComponentCommunication,EventOrdering1,NATIDROID,edu.mit.icc_event_ordering.InFlowActivity,writePreferences,android.content.SharedPreferences$Editor,commit
InterComponentCommunication,EventOrdering1,NATIDROID,edu.mit.icc_event_ordering.InFlowActivity,writePreferences,android.content.SharedPreferences$Editor,putString
InterComponentCommunication,IntentSink1,FlowDroid,de.ecspride.IntentSink1,onCreate,android.content.Intent,putExtra
InterComponentCommunication,IntentSink1,FlowDroid,de.ecspride.IntentSink1,onCreate,android.telephony.TelephonyManager,getDeviceId
InterComponentCommunication,IntentSink1,MAMADROID,de.ecspride.IntentSink1,onCreate,android.content.Intent,putExtra
InterComponentCommunication,IntentSink1,MAMADROID,de.ecspride.IntentSink1,onCreate,android.telephony.TelephonyManager,getDeviceId
InterComponentCommunication,IntentSink2,FlowDroid,de.ecspride.IntentSink2,startIntent,android.telephony.TelephonyManager,getDeviceId
InterComponentCommunication,IntentSink2,FlowDroid,de.ecspride.IntentSink2,startIntent,android.widget.EditText,getText
InterComponentCommunication,IntentSink2,FlowDroid,de.ecspride.IntentSink2,startIntent,java.lang.Object,toString
InterComponentCommunication,IntentSink2,GATOR,de.ecspride.IntentSink2,startIntent,java.lang.Object,toString
InterComponentCommunication,IntentSink2,MAMADROID,de.ecspride.IntentSink2,startIntent,android.telephony.TelephonyManager,getDeviceId
InterComponentCommunication,IntentSink2,MAMADROID,de.ecspride.IntentSink2,startIntent,android.widget.EditText,getText
InterComponentCommunication,IntentSink2,MAMADROID,de.ecspride.IntentSink2,startIntent,java.lang.Object,toString
InterComponentCommunication,IntentSink2,NATIDROID,de.ecspride.IntentSink2,startIntent,java.lang.Object,toString
InterComponentCommunication,IntentSource1,FlowDroid,lu.uni.snt.serval.IntentSource1,onActivityResult,android.content.Intent,getExtras
InterComponentCommunication,IntentSource1,FlowDroid,lu.uni.snt.serval.IntentSource1,onCreate,android.content.Intent,setAction
InterComponentCommunication,IntentSource1,MAMADROID,lu.uni.snt.serval.IntentSource1,onActivityResult,android.content.Intent,getExtras
InterComponentCommunication,IntentSource1,MAMADROID,lu.uni.snt.serval.IntentSource1,onCreate,android.content.Intent,setAction
InterComponentCommunication,ServiceCommunication1,FlowDroid,edu.mit.icc_service_messages.ActivityMessenger,sayHello,android.telephony.TelephonyManager,getDeviceId
InterComponentCommunication,ServiceCommunication1,FlowDroid,edu.mit.icc_service_messages.ActivityMessenger$1,onServiceConnected,android.os.Messenger,<init>
InterComponentCommunication,ServiceCommunication1,FlowDroid,edu.mit.icc_service_messages.MessengerService,onBind,android.widget.Toast,show
InterComponentCommunication,ServiceCommunication1,MAMADROID,edu.mit.icc_service_messages.ActivityMessenger,sayHello,android.telephony.TelephonyManager,getDeviceId
InterComponentCommunication,ServiceCommunication1,MAMADROID,edu.mit.icc_service_messages.ActivityMessenger$1,onServiceConnected,android.os.Messenger,<init>
InterComponentCommunication,ServiceCommunication1,MAMADROID,edu.mit.icc_service_messages.MessengerService,onBind,android.content.ContextWrapper,getApplicationContext
InterComponentCommunication,ServiceCommunication1,MAMADROID,edu.mit.icc_service_messages.MessengerService,onBind,android.os.Messenger,getBinder
InterComponentCommunication,ServiceCommunication1,MAMADROID,edu.mit.icc_service_messages.MessengerService,onBind,android.widget.Toast,makeText
InterComponentCommunication,ServiceCommunication1,MAMADROID,edu.mit.icc_service_messages.MessengerService,onBind,android.widget.Toast,show
InterComponentCommunication,SharedPreferences1,FlowDroid,edu.mit.shared_preferences.MainActivity,onCreate,android.content.SharedPreferences,edit
InterComponentCommunication,SharedPreferences1,FlowDroid,edu.mit.shared_preferences.MainActivity,onCreate,android.content.SharedPreferences$Editor,commit
InterComponentCommunication,SharedPreferences1,FlowDroid,edu.mit.shared_preferences.MainActivity,onCreate,android.content.SharedPreferences$Editor,putString
InterComponentCommunication,SharedPreferences1,FlowDroid,edu.mit.shared_preferences.MainActivity,onCreate,android.telephony.TelephonyManager,getDeviceId
InterComponentCommunication,SharedPreferences1,GATOR,edu.mit.shared_preferences.MainActivity,onCreate,android.content.SharedPreferences,edit
InterComponentCommunication,SharedPreferences1,GATOR,edu.mit.shared_preferences.MainActivity,onCreate,android.content.SharedPreferences$Editor,commit
InterComponentCommunication,SharedPreferences1,GATOR,edu.mit.shared_preferences.MainActivity,onCreate,android.content.SharedPreferences$Editor,putString
InterComponentCommunication,SharedPreferences1,MAMADROID,edu.mit.shared_preferences.MainActivity,onCreate,android.content.SharedPreferences,edit
InterComponentCommunication,SharedPreferences1,MAMADROID,edu.mit.shared_preferences.MainActivity,onCreate,android.content.SharedPreferences$Editor,commit
InterComponentCommunication,SharedPreferences1,MAMADROID,edu.mit.shared_preferences.MainActivity,onCreate,android.content.SharedPreferences$Editor,putString
InterComponentCommunication,SharedPreferences1,MAMADROID,edu.mit.shared_preferences.MainActivity,onCreate,android.telephony.TelephonyManager,getDeviceId
InterComponentCommunication,SharedPreferences1,NATIDROID,edu.mit.shared_preferences.MainActivity,onCreate,android.content.SharedPreferences,edit
InterComponentCommunication,SharedPreferences1,NATIDROID,edu.mit.shared_preferences.MainActivity,onCreate,android.content.SharedPreferences$Editor,commit
InterComponentCommunication,SharedPreferences1,NATIDROID,edu.mit.shared_preferences.MainActivity,onCreate,android.content.SharedPreferences$Editor,putString
InterComponentCommunication,UnresolvableIntent1,FlowDroid,edu.mit.icc_unresolvable_intent.InFlowActivity2,onCreate,android.content.Intent,getStringExtra
InterComponentCommunication,UnresolvableIntent1,FlowDroid,edu.mit.icc_unresolvable_intent.OutFlowActivity,onCreate,android.telephony.TelephonyManager,getDeviceId
InterComponentCommunication,UnresolvableIntent1,MAMADROID,edu.mit.icc_unresolvable_intent.InFlowActivity2,onCreate,android.content.Intent,getStringExtra
InterComponentCommunication,UnresolvableIntent1,MAMADROID,edu.mit.icc_unresolvable_intent.OutFlowActivity,onCreate,android.telephony.TelephonyManager,getDeviceId
Lifecycle,ActivityLifecycle1,FlowDroid,de.ecspride.ActivityLifecycle1,onCreate,android.telephony.TelephonyManager,getDeviceId
Lifecycle,ActivityLifecycle1,MAMADROID,de.ecspride.ActivityLifecycle1,onCreate,android.telephony.TelephonyManager,getDeviceId
Lifecycle,ActivityLifecycle2,FlowDroid,de.ecspride.GeneralActivity,onResume,android.telephony.SmsManager,sendTextMessage
Lifecycle,ActivityLifecycle2,FlowDroid,de.ecspride.MainActivity,onCreate,android.telephony.TelephonyManager,getDeviceId
Lifecycle,ActivityLifecycle2,MAMADROID,de.ecspride.GeneralActivity,onResume,android.telephony.SmsManager,sendTextMessage
Lifecycle,ActivityLifecycle2,MAMADROID,de.ecspride.MainActivity,onCreate,android.telephony.TelephonyManager,getDeviceId
Lifecycle,ActivityLifecycle3,FlowDroid,de.ecspride.MainActivity,onSaveInstanceState,android.telephony.TelephonyManager,getSubscriberId
Lifecycle,ActivityLifecycle3,MAMADROID,de.ecspride.MainActivity,onSaveInstanceState,android.telephony.TelephonyManager,getSubscriberId
Lifecycle,ActivityLifecycle4,FlowDroid,de.ecspride.MainActivity,onPause,android.telephony.SmsManager,sendTextMessage
Lifecycle,ActivityLifecycle4,FlowDroid,de.ecspride.MainActivity,onResume,android.telephony.TelephonyManager,getDeviceId
Lifecycle,ActivityLifecycle4,MAMADROID,de.ecspride.MainActivity,onPause,android.telephony.SmsManager,sendTextMessage
Lifecycle,ActivityLifecycle4,MAMADROID,de.ecspride.MainActivity,onResume,android.telephony.TelephonyManager,getDeviceId
Lifecycle,ActivitySavedState1,FlowDroid,edu.mit.activity_saved_state.MainActivity,onSaveInstanceState,android.os.BaseBundle,putString
Lifecycle,ActivitySavedState1,FlowDroid,edu.mit.activity_saved_state.MainActivity,onSaveInstanceState,android.telephony.TelephonyManager,getDeviceId
Lifecycle,ActivitySavedState1,MAMADROID,edu.mit.activity_saved_state.MainActivity,onSaveInstanceState,android.os.BaseBundle,putString
Lifecycle,ActivitySavedState1,MAMADROID,edu.mit.activity_saved_state.MainActivity,onSaveInstanceState,android.telephony.TelephonyManager,getDeviceId
Lifecycle,ApplicationLifecycle1,FlowDroid,de.ecspride.ApplicationLifecyle1,onCreate,android.telephony.TelephonyManager,getDeviceId
Lifecycle,ApplicationLifecycle1,FlowDroid,de.ecspride.MainActivity,onResume,android.telephony.SmsManager,sendTextMessage
Lifecycle,ApplicationLifecycle1,MAMADROID,de.ecspride.ApplicationLifecyle1,onCreate,android.telephony.TelephonyManager,getDeviceId
Lifecycle,ApplicationLifecycle1,MAMADROID,de.ecspride.MainActivity,onResume,android.telephony.SmsManager,sendTextMessage
Lifecycle,ApplicationLifecycle2,FlowDroid,de.ecspride.ApplicationLifecyle2,onCreate,android.telephony.TelephonyManager,getDeviceId
Lifecycle,ApplicationLifecycle2,MAMADROID,de.ecspride.ApplicationLifecyle2,onCreate,android.telephony.TelephonyManager,getDeviceId
Lifecycle,ApplicationLifecycle3,FlowDroid,de.ecspride.ApplicationLifecyle3,onCreate,android.telephony.SmsManager,sendTextMessage
Lifecycle,ApplicationLifecycle3,FlowDroid,de.ecspride.ContentProvider,onCreate,android.content.Context,getSystemService
Lifecycle,ApplicationLifecycle3,FlowDroid,de.ecspride.ContentProvider,onCreate,android.telephony.TelephonyManager,getDeviceId
Lifecycle,ApplicationLifecycle3,MAMADROID,de.ecspride.ApplicationLifecyle3,onCreate,android.telephony.SmsManager,sendTextMessage
Lifecycle,ApplicationLifecycle3,MAMADROID,de.ecspride.ContentProvider,onCreate,android.content.Context,getSystemService
Lifecycle,ApplicationLifecycle3,MAMADROID,de.ecspride.ContentProvider,onCreate,android.telephony.TelephonyManager,getDeviceId
Lifecycle,AsynchronousEventOrdering1,FlowDroid,edu.mit.activity_asynchronous_event_ordering.MainActivity,onResume,android.telephony.TelephonyManager,getDeviceId
Lifecycle,AsynchronousEventOrdering1,MAMADROID,edu.mit.activity_asynchronous_event_ordering.MainActivity,onResume,android.telephony.TelephonyManager,getDeviceId
Lifecycle,BroadcastReceiverLifecycle2,FlowDroid,de.ecspride.MainActivity,onCreate,android.content.Context,getSystemService
Lifecycle,BroadcastReceiverLifecycle2,FlowDroid,de.ecspride.MainActivity,onCreate,android.telephony.TelephonyManager,getDeviceId
Lifecycle,BroadcastReceiverLifecycle2,FlowDroid,de.ecspride.MainActivity,onCreateOptionsMenu,android.view.MenuInflater,inflate
Lifecycle,BroadcastReceiverLifecycle2,MAMADROID,de.ecspride.MainActivity,onCreate,android.content.Context,getSystemService
Lifecycle,BroadcastReceiverLifecycle2,MAMADROID,de.ecspride.MainActivity,onCreate,android.telephony.TelephonyManager,getDeviceId
Lifecycle,BroadcastReceiverLifecycle2,MAMADROID,de.ecspride.MainActivity,onCreateOptionsMenu,android.view.MenuInflater,inflate
Lifecycle,FragmentLifecycle1,FlowDroid,android.support.v4.app.FragmentActivity,onCreate,android.app.Activity,getLastNonConfigurationInstance
Lifecycle,FragmentLifecycle1,FlowDroid,android.support.v4.app.FragmentActivity,onCreate,android.app.Activity,getLayoutInflater
Lifecycle,FragmentLifecycle1,FlowDroid,android.support.v4.app.FragmentActivity,onCreate,android.support.v4.app.FragmentManagerImpl,attachActivity
Lifecycle,FragmentLifecycle1,FlowDroid,android.support.v4.app.FragmentActivity,onCreate,android.support.v4.app.FragmentManagerImpl,dispatchCreate
Lifecycle,FragmentLifecycle1,FlowDroid,android.support.v4.app.FragmentActivity,onCreate,android.view.LayoutInflater,getFactory
Lifecycle,FragmentLifecycle1,FlowDroid,android.support.v4.app.FragmentActivity,onCreate,android.view.LayoutInflater,setFactory
Lifecycle,FragmentLifecycle1,FlowDroid,android.support.v4.app.FragmentActivity,onCreateView,android.app.Activity,onCreateView
Lifecycle,FragmentLifecycle1,FlowDroid,android.support.v4.app.FragmentActivity,onCreateView,java.lang.String,equals
Lifecycle,FragmentLifecycle1,FlowDroid,android.support.v4.app.FragmentManagerImpl,<clinit>,android.view.animation.AccelerateInterpolator,<init>
Lifecycle,FragmentLifecycle1,FlowDroid,android.support.v4.app.FragmentManagerImpl,dispatchCreate,android.support.v4.app.FragmentManagerImpl,moveToState
Lifecycle,FragmentLifecycle1,FlowDroid,android.support.v4.app.FragmentManagerImpl,moveToState,android.support.v4.app.FragmentManagerImpl,moveToState
Lifecycle,FragmentLifecycle1,FlowDroid,de.ecspride.ExampleFragment,onActivityCreated,android.telephony.SmsManager,sendTextMessage
Lifecycle,FragmentLifecycle1,FlowDroid,de.ecspride.MainActivity,onCreate,android.app.FragmentManager,beginTransaction
Lifecycle,FragmentLifecycle1,FlowDroid,de.ecspride.MainActivity,onCreate,android.app.FragmentTransaction,add
Lifecycle,FragmentLifecycle1,FlowDroid,de.ecspride.MainActivity,onCreate,android.app.FragmentTransaction,commit
Lifecycle,FragmentLifecycle1,FlowDroid,de.ecspride.MainActivity,onCreate,android.telephony.TelephonyManager,getDeviceId
Lifecycle,FragmentLifecycle1,GATOR,android.support.v4.app.FragmentActivity,onCreate,android.view.LayoutInflater,getFactory
Lifecycle,FragmentLifecycle1,GATOR,android.support.v4.app.FragmentActivity,onCreate,android.view.LayoutInflater,setFactory
Lifecycle,FragmentLifecycle1,GATOR,de.ecspride.MainActivity,onCreate,android.app.FragmentManager,beginTransaction
Lifecycle,FragmentLifecycle1,GATOR,de.ecspride.MainActivity,onCreate,android.app.FragmentTransaction,add
Lifecycle,FragmentLifecycle1,GATOR,de.ecspride.MainActivity,onCreate,android.app.FragmentTransaction,commit
Lifecycle,FragmentLifecycle1,MAMADROID,android.support.v4.app.FragmentActivity,onCreate,android.app.Activity,getLastNonConfigurationInstance
Lifecycle,FragmentLifecycle1,MAMADROID,android.support.v4.app.FragmentActivity,onCreate,android.app.Activity,getLayoutInflater
Lifecycle,FragmentLifecycle1,MAMADROID,android.support.v4.app.FragmentActivity,onCreate,android.support.v4.app.FragmentManagerImpl,attachActivity
Lifecycle,FragmentLifecycle1,MAMADROID,android.support.v4.app.FragmentActivity,onCreate,android.support.v4.app.FragmentManagerImpl,dispatchCreate
Lifecycle,FragmentLifecycle1,MAMADROID,android.support.v4.app.FragmentActivity,onCreate,android.view.LayoutInflater,getFactory
Lifecycle,FragmentLifecycle1,MAMADROID,android.support.v4.app.FragmentActivity,onCreate,android.view.LayoutInflater,setFactory
Lifecycle,FragmentLifecycle1,MAMADROID,android.support.v4.app.FragmentActivity,onCreateView,android.app.Activity,onCreateView
Lifecycle,FragmentLifecycle1,MAMADROID,android.support.v4.app.FragmentActivity,onCreateView,java.lang.String,equals
Lifecycle,FragmentLifecycle1,MAMADROID,android.support.v4.app.FragmentManagerImpl,<clinit>,android.view.animation.AccelerateInterpolator,<init>
Lifecycle,FragmentLifecycle1,MAMADROID,android.support.v4.app.FragmentManagerImpl,dispatchCreate,android.support.v4.app.FragmentManagerImpl,moveToState
Lifecycle,FragmentLifecycle1,MAMADROID,android.support.v4.app.FragmentManagerImpl,moveToState,android.support.v4.app.FragmentManagerImpl,moveToState
Lifecycle,FragmentLifecycle1,MAMADROID,de.ecspride.ExampleFragment,onActivityCreated,android.telephony.SmsManager,sendTextMessage
Lifecycle,FragmentLifecycle1,MAMADROID,de.ecspride.MainActivity,onCreate,android.app.FragmentManager,beginTransaction
Lifecycle,FragmentLifecycle1,MAMADROID,de.ecspride.MainActivity,onCreate,android.app.FragmentTransaction,add
Lifecycle,FragmentLifecycle1,MAMADROID,de.ecspride.MainActivity,onCreate,android.app.FragmentTransaction,commit
Lifecycle,FragmentLifecycle1,MAMADROID,de.ecspride.MainActivity,onCreate,android.telephony.TelephonyManager,getDeviceId
Lifecycle,FragmentLifecycle1,NATIDROID,android.support.v4.app.FragmentActivity,onCreate,android.view.LayoutInflater,getFactory
Lifecycle,FragmentLifecycle1,NATIDROID,android.support.v4.app.FragmentActivity,onCreate,android.view.LayoutInflater,setFactory
Lifecycle,FragmentLifecycle1,NATIDROID,de.ecspride.MainActivity,onCreate,android.app.FragmentManager,beginTransaction
Lifecycle,FragmentLifecycle1,NATIDROID,de.ecspride.MainActivity,onCreate,android.app.FragmentTransaction,add
Lifecycle,FragmentLifecycle1,NATIDROID,de.ecspride.MainActivity,onCreate,android.app.FragmentTransaction,commit
Lifecycle,FragmentLifecycle2,FlowDroid,edu.mit.fragments.ArticleFragment,onCreateView,android.view.LayoutInflater,inflate
Lifecycle,FragmentLifecycle2,FlowDroid,edu.mit.fragments.ArticleFragment,onSaveInstanceState,android.os.BaseBundle,putInt
Lifecycle,FragmentLifecycle2,FlowDroid,edu.mit.fragments.ArticleFragment,onStart,android.os.BaseBundle,getInt
Lifecycle,FragmentLifecycle2,FlowDroid,edu.mit.fragments.ArticleFragment,updateArticleView,android.app.Activity,findViewById
Lifecycle,FragmentLifecycle2,FlowDroid,edu.mit.fragments.ArticleFragment,updateArticleView,android.widget.TextView,setText
Lifecycle,FragmentLifecycle2,FlowDroid,edu.mit.fragments.HeadlinesFragment,onListItemClick,android.app.Activity,getSystemService
Lifecycle,FragmentLifecycle2,FlowDroid,edu.mit.fragments.HeadlinesFragment,onListItemClick,android.app.ListFragment,getListView
Lifecycle,FragmentLifecycle2,FlowDroid,edu.mit.fragments.HeadlinesFragment,onListItemClick,android.telephony.TelephonyManager,getDeviceId
Lifecycle,FragmentLifecycle2,FlowDroid,edu.mit.fragments.HeadlinesFragment,onListItemClick,android.widget.AbsListView,setItemChecked
Lifecycle,FragmentLifecycle2,FlowDroid,edu.mit.fragments.HeadlinesFragment,onListItemClick,edu.mit.fragments.HeadlinesFragment$OnHeadlineSelectedListener,onArticleSelected
Lifecycle,FragmentLifecycle2,FlowDroid,edu.mit.fragments.HeadlinesFragment,onStart,android.app.FragmentManager,findFragmentById
Lifecycle,FragmentLifecycle2,FlowDroid,edu.mit.fragments.MainActivity,onArticleSelected,android.app.Activity,getFragmentManager
Lifecycle,FragmentLifecycle2,FlowDroid,edu.mit.fragments.MainActivity,onArticleSelected,android.app.Fragment,setArguments
Lifecycle,FragmentLifecycle2,FlowDroid,edu.mit.fragments.MainActivity,onArticleSelected,android.app.FragmentManager,beginTransaction
Lifecycle,FragmentLifecycle2,FlowDroid,edu.mit.fragments.MainActivity,onArticleSelected,android.app.FragmentManager,findFragmentById
Lifecycle,FragmentLifecycle2,FlowDroid,edu.mit.fragments.MainActivity,onArticleSelected,android.app.FragmentTransaction,addToBackStack
Lifecycle,FragmentLifecycle2,FlowDroid,edu.mit.fragments.MainActivity,onArticleSelected,android.app.FragmentTransaction,commit
Lifecycle,FragmentLifecycle2,FlowDroid,edu.mit.fragments.MainActivity,onArticleSelected,android.app.FragmentTransaction,replace
Lifecycle,FragmentLifecycle2,FlowDroid,edu.mit.fragments.MainActivity,onArticleSelected,android.os.BaseBundle,putInt
Lifecycle,FragmentLifecycle2,FlowDroid,edu.mit.fragments.MainActivity,onArticleSelected,android.os.Bundle,<init>
Lifecycle,FragmentLifecycle2,FlowDroid,edu.mit.fragments.MainActivity,onCreate,android.app.FragmentManager,beginTransaction
Lifecycle,FragmentLifecycle2,FlowDroid,edu.mit.fragments.MainActivity,onCreate,android.app.FragmentTransaction,add
Lifecycle,FragmentLifecycle2,FlowDroid,edu.mit.fragments.MainActivity,onCreate,android.app.FragmentTransaction,commit
Lifecycle,FragmentLifecycle2,FlowDroid,edu.mit.fragments.MainActivity,onCreate,android.content.Intent,getExtras
Lifecycle,FragmentLifecycle2,GATOR,edu.mit.fragments.ArticleFragment,onCreateView,android.view.LayoutInflater,inflate
Lifecycle,FragmentLifecycle2,GATOR,edu.mit.fragments.HeadlinesFragment,onStart,android.app.FragmentManager,findFragmentById
Lifecycle,FragmentLifecycle2,GATOR,edu.mit.fragments.MainActivity,onArticleSelected,android.app.FragmentManager,beginTransaction
Lifecycle,FragmentLifecycle2,GATOR,edu.mit.fragments.MainActivity,onArticleSelected,android.app.FragmentManager,findFragmentById
Lifecycle,FragmentLifecycle2,GATOR,edu.mit.fragments.MainActivity,onArticleSelected,android.app.FragmentTransaction,addToBackStack
Lifecycle,FragmentLifecycle2,GATOR,edu.mit.fragments.MainActivity,onArticleSelected,android.app.FragmentTransaction,commit
Lifecycle,FragmentLifecycle2,GATOR,edu.mit.fragments.MainActivity,onArticleSelected,android.app.FragmentTransaction,replace
Lifecycle,FragmentLifecycle2,GATOR,edu.mit.fragments.MainActivity,onCreate,android.app.FragmentManager,beginTransaction
Lifecycle,FragmentLifecycle2,GATOR,edu.mit.fragments.MainActivity,onCreate,android.app.FragmentTransaction,add
Lifecycle,FragmentLifecycle2,GATOR,edu.mit.fragments.MainActivity,onCreate,android.app.FragmentTransaction,commit
Lifecycle,FragmentLifecycle2,MAMADROID,edu.mit.fragments.ArticleFragment,onCreateView,android.view.LayoutInflater,inflate
Lifecycle,FragmentLifecycle2,MAMADROID,edu.mit.fragments.ArticleFragment,onSaveInstanceState,android.os.BaseBundle,putInt
Lifecycle,FragmentLifecycle2,MAMADROID,edu.mit.fragments.ArticleFragment,onStart,android.os.BaseBundle,getInt
Lifecycle,FragmentLifecycle2,MAMADROID,edu.mit.fragments.ArticleFragment,updateArticleView,android.app.Activity,findViewById
Lifecycle,FragmentLifecycle2,MAMADROID,edu.mit.fragments.ArticleFragment,updateArticleView,android.widget.TextView,setText
Lifecycle,FragmentLifecycle2,MAMADROID,edu.mit.fragments.HeadlinesFragment,onListItemClick,android.app.Activity,getSystemService
Lifecycle,FragmentLifecycle2,MAMADROID,edu.mit.fragments.HeadlinesFragment,onListItemClick,android.app.ListFragment,getListView
Lifecycle,FragmentLifecycle2,MAMADROID,edu.mit.fragments.HeadlinesFragment,onListItemClick,android.telephony.TelephonyManager,getDeviceId
Lifecycle,FragmentLifecycle2,MAMADROID,edu.mit.fragments.HeadlinesFragment,onListItemClick,android.widget.AbsListView,setItemChecked
Lifecycle,FragmentLifecycle2,MAMADROID,edu.mit.fragments.HeadlinesFragment,onListItemClick,edu.mit.fragments.HeadlinesFragment$OnHeadlineSelectedListener,onArticleSelected
Lifecycle,FragmentLifecycle2,MAMADROID,edu.mit.fragments.HeadlinesFragment,onStart,android.app.FragmentManager,findFragmentById
Lifecycle,FragmentLifecycle2,MAMADROID,edu.mit.fragments.MainActivity,onArticleSelected,android.app.Activity,getFragmentManager
Lifecycle,FragmentLifecycle2,MAMADROID,edu.mit.fragments.MainActivity,onArticleSelected,android.app.Fragment,setArguments
Lifecycle,FragmentLifecycle2,MAMADROID,edu.mit.fragments.MainActivity,onArticleSelected,android.app.FragmentManager,beginTransaction
Lifecycle,FragmentLifecycle2,MAMADROID,edu.mit.fragments.MainActivity,onArticleSelected,android.app.FragmentManager,findFragmentById
Lifecycle,FragmentLifecycle2,MAMADROID,edu.mit.fragments.MainActivity,onArticleSelected,android.app.FragmentTransaction,addToBackStack
Lifecycle,FragmentLifecycle2,MAMADROID,edu.mit.fragments.MainActivity,onArticleSelected,android.app.FragmentTransaction,commit
Lifecycle,FragmentLifecycle2,MAMADROID,edu.mit.fragments.MainActivity,onArticleSelected,android.app.FragmentTransaction,replace
Lifecycle,FragmentLifecycle2,MAMADROID,edu.mit.fragments.MainActivity,onArticleSelected,android.os.BaseBundle,putInt
Lifecycle,FragmentLifecycle2,MAMADROID,edu.mit.fragments.MainActivity,onArticleSelected,android.os.Bundle,<init>
Lifecycle,FragmentLifecycle2,MAMADROID,edu.mit.fragments.MainActivity,onCreate,android.app.FragmentManager,beginTransaction
Lifecycle,FragmentLifecycle2,MAMADROID,edu.mit.fragments.MainActivity,onCreate,android.app.FragmentTransaction,add
Lifecycle,FragmentLifecycle2,MAMADROID,edu.mit.fragments.MainActivity,onCreate,android.app.FragmentTransaction,commit
Lifecycle,FragmentLifecycle2,MAMADROID,edu.mit.fragments.MainActivity,onCreate,android.content.Intent,getExtras
Lifecycle,FragmentLifecycle2,NATIDROID,edu.mit.fragments.ArticleFragment,onCreateView,android.view.LayoutInflater,inflate
Lifecycle,FragmentLifecycle2,NATIDROID,edu.mit.fragments.HeadlinesFragment,onStart,android.app.FragmentManager,findFragmentById
Lifecycle,FragmentLifecycle2,NATIDROID,edu.mit.fragments.MainActivity,onArticleSelected,android.app.FragmentManager,beginTransaction
Lifecycle,FragmentLifecycle2,NATIDROID,edu.mit.fragments.MainActivity,onArticleSelected,android.app.FragmentManager,findFragmentById
Lifecycle,FragmentLifecycle2,NATIDROID,edu.mit.fragments.MainActivity,onArticleSelected,android.app.FragmentTransaction,addToBackStack
Lifecycle,FragmentLifecycle2,NATIDROID,edu.mit.fragments.MainActivity,onArticleSelected,android.app.FragmentTransaction,commit
Lifecycle,FragmentLifecycle2,NATIDROID,edu.mit.fragments.MainActivity,onArticleSelected,android.app.FragmentTransaction,replace
Lifecycle,FragmentLifecycle2,NATIDROID,edu.mit.fragments.MainActivity,onCreate,android.app.FragmentManager,beginTransaction
Lifecycle,FragmentLifecycle2,NATIDROID,edu.mit.fragments.MainActivity,onCreate,android.app.FragmentTransaction,add
Lifecycle,FragmentLifecycle2,NATIDROID,edu.mit.fragments.MainActivity,onCreate,android.app.FragmentTransaction,commit
Lifecycle,ServiceLifecycle2,FlowDroid,edu.mit.service_lifecycle.MyService,onStartCommand,android.telephony.TelephonyManager,getDeviceId
Lifecycle,ServiceLifecycle2,MAMADROID,edu.mit.service_lifecycle.MyService,onStartCommand,android.telephony.TelephonyManager,getDeviceId
Lifecycle,SharedPreferenceChanged1,FlowDroid,edu.mit.event_context_shared_pref_listener.MainActivity,onCreate,android.content.SharedPreferences,edit
Lifecycle,SharedPreferenceChanged1,FlowDroid,edu.mit.event_context_shared_pref_listener.MainActivity,onCreate,android.content.SharedPreferences,registerOnSharedPreferenceChangeListener
Lifecycle,SharedPreferenceChanged1,FlowDroid,edu.mit.event_context_shared_pref_listener.MainActivity,onCreate,android.content.SharedPreferences$Editor,putString
Lifecycle,SharedPreferenceChanged1,FlowDroid,edu.mit.event_context_shared_pref_listener.MainActivity,onCreate,android.telephony.TelephonyManager,getDeviceId
Lifecycle,SharedPreferenceChanged1,GATOR,edu.mit.event_context_shared_pref_listener.MainActivity,onCreate,android.content.SharedPreferences,edit
Lifecycle,SharedPreferenceChanged1,GATOR,edu.mit.event_context_shared_pref_listener.MainActivity,onCreate,android.content.SharedPreferences,registerOnSharedPreferenceChangeListener
Lifecycle,SharedPreferenceChanged1,GATOR,edu.mit.event_context_shared_pref_listener.MainActivity,onCreate,android.content.SharedPreferences$Editor,putString
Lifecycle,SharedPreferenceChanged1,MAMADROID,edu.mit.event_context_shared_pref_listener.MainActivity,onCreate,android.content.SharedPreferences,edit
Lifecycle,SharedPreferenceChanged1,MAMADROID,edu.mit.event_context_shared_pref_listener.MainActivity,onCreate,android.content.SharedPreferences,registerOnSharedPreferenceChangeListener
Lifecycle,SharedPreferenceChanged1,MAMADROID,edu.mit.event_context_shared_pref_listener.MainActivity,onCreate,android.content.SharedPreferences$Editor,putString
Lifecycle,SharedPreferenceChanged1,MAMADROID,edu.mit.event_context_shared_pref_listener.MainActivity,onCreate,android.telephony.TelephonyManager,getDeviceId
Lifecycle,SharedPreferenceChanged1,NATIDROID,edu.mit.event_context_shared_pref_listener.MainActivity,onCreate,android.content.SharedPreferences,edit
Lifecycle,SharedPreferenceChanged1,NATIDROID,edu.mit.event_context_shared_pref_listener.MainActivity,onCreate,android.content.SharedPreferences,registerOnSharedPreferenceChangeListener
Lifecycle,SharedPreferenceChanged1,NATIDROID,edu.mit.event_context_shared_pref_listener.MainActivity,onCreate,android.content.SharedPreferences$Editor,putString
Reflection,Reflection1,FlowDroid,de.ecspride.MainActivity,onCreate,android.telephony.SmsManager,sendTextMessage
Reflection,Reflection1,FlowDroid,de.ecspride.MainActivity,onCreate,android.telephony.TelephonyManager,getDeviceId
Reflection,Reflection1,FlowDroid,de.ecspride.MainActivity,onCreate,java.lang.Class,newInstance
Reflection,Reflection1,MAMADROID,de.ecspride.MainActivity,onCreate,android.telephony.SmsManager,sendTextMessage
Reflection,Reflection1,MAMADROID,de.ecspride.MainActivity,onCreate,android.telephony.TelephonyManager,getDeviceId
Reflection,Reflection1,MAMADROID,de.ecspride.MainActivity,onCreate,java.lang.Class,newInstance
Reflection,Reflection2,FlowDroid,de.ecspride.MainActivity,onCreate,android.telephony.SmsManager,sendTextMessage
Reflection,Reflection2,FlowDroid,de.ecspride.MainActivity,onCreate,android.telephony.TelephonyManager,getDeviceId
Reflection,Reflection2,FlowDroid,de.ecspride.MainActivity,onCreate,de.ecspride.BaseClass,foo
Reflection,Reflection2,FlowDroid,de.ecspride.MainActivity,onCreate,java.lang.Class,newInstance
Reflection,Reflection2,MAMADROID,de.ecspride.MainActivity,onCreate,android.telephony.SmsManager,sendTextMessage
Reflection,Reflection2,MAMADROID,de.ecspride.MainActivity,onCreate,android.telephony.TelephonyManager,getDeviceId
Reflection,Reflection2,MAMADROID,de.ecspride.MainActivity,onCreate,de.ecspride.BaseClass,foo
Reflection,Reflection2,MAMADROID,de.ecspride.MainActivity,onCreate,java.lang.Class,newInstance
Reflection,Reflection3,FlowDroid,de.ecspride.MainActivity,onCreate,android.telephony.SmsManager,sendTextMessage
Reflection,Reflection3,FlowDroid,de.ecspride.MainActivity,onCreate,android.telephony.TelephonyManager,getDeviceId
Reflection,Reflection3,FlowDroid,de.ecspride.MainActivity,onCreate,java.lang.Class,getMethod
Reflection,Reflection3,FlowDroid,de.ecspride.MainActivity,onCreate,java.lang.Class,newInstance
Reflection,Reflection3,FlowDroid,de.ecspride.MainActivity,onCreate,java.lang.Throwable,printStackTrace
Reflection,Reflection3,FlowDroid,de.ecspride.MainActivity,onCreate,java.lang.reflect.Method,invoke
Reflection,Reflection3,FlowDroid,de.ecspride.MainActivity,onCreateOptionsMenu,android.view.MenuInflater,inflate
Reflection,Reflection3,MAMADROID,de.ecspride.MainActivity,onCreate,android.telephony.SmsManager,sendTextMessage
Reflection,Reflection3,MAMADROID,de.ecspride.MainActivity,onCreate,android.telephony.TelephonyManager,getDeviceId
Reflection,Reflection3,MAMADROID,de.ecspride.MainActivity,onCreate,java.lang.Class,getMethod
Reflection,Reflection3,MAMADROID,de.ecspride.MainActivity,onCreate,java.lang.Class,newInstance
Reflection,Reflection3,MAMADROID,de.ecspride.MainActivity,onCreate,java.lang.Throwable,printStackTrace
Reflection,Reflection3,MAMADROID,de.ecspride.MainActivity,onCreate,java.lang.reflect.Method,invoke
Reflection,Reflection3,MAMADROID,de.ecspride.MainActivity,onCreateOptionsMenu,android.view.MenuInflater,inflate
Reflection,Reflection4,FlowDroid,de.ecspride.ConcreteClass,bar,android.telephony.SmsManager,getDefault
Reflection,Reflection4,FlowDroid,de.ecspride.ConcreteClass,bar,android.telephony.SmsManager,sendTextMessage
Reflection,Reflection4,FlowDroid,de.ecspride.ConcreteClass,foo,android.content.Context,getSystemService
Reflection,Reflection4,FlowDroid,de.ecspride.ConcreteClass,foo,android.telephony.TelephonyManager,getDeviceId
Reflection,Reflection4,FlowDroid,de.ecspride.MainActivity,onCreate,de.ecspride.BaseClass,bar
Reflection,Reflection4,FlowDroid,de.ecspride.MainActivity,onCreate,de.ecspride.BaseClass,foo
Reflection,Reflection4,FlowDroid,de.ecspride.MainActivity,onCreate,java.lang.Class,newInstance
Reflection,Reflection4,MAMADROID,de.ecspride.ConcreteClass,bar,android.telephony.SmsManager,getDefault
Reflection,Reflection4,MAMADROID,de.ecspride.ConcreteClass,bar,android.telephony.SmsManager,sendTextMessage
Reflection,Reflection4,MAMADROID,de.ecspride.ConcreteClass,foo,android.content.Context,getSystemService
Reflection,Reflection4,MAMADROID,de.ecspride.ConcreteClass,foo,android.telephony.TelephonyManager,getDeviceId
Reflection,Reflection4,MAMADROID,de.ecspride.MainActivity,onCreate,de.ecspride.BaseClass,bar
Reflection,Reflection4,MAMADROID,de.ecspride.MainActivity,onCreate,de.ecspride.BaseClass,foo
Reflection,Reflection4,MAMADROID,de.ecspride.MainActivity,onCreate,java.lang.Class,newInstance
Threading,AsyncTask1,FlowDroid,de.ecspride.MainActivity,onCreate,android.content.Context,getSystemService
Threading,AsyncTask1,FlowDroid,de.ecspride.MainActivity,onCreate,android.telephony.TelephonyManager,getDeviceId
Threading,AsyncTask1,FlowDroid,de.ecspride.MainActivity$MyAsyncTask,doInBackground,de.ecspride.MainActivity$MyAsyncTask,doInBackground
Threading,AsyncTask1,MAMADROID,de.ecspride.MainActivity,onCreate,android.content.Context,getSystemService
Threading,AsyncTask1,MAMADROID,de.ecspride.MainActivity,onCreate,android.telephony.TelephonyManager,getDeviceId
Threading,AsyncTask1,MAMADROID,de.ecspride.MainActivity$MyAsyncTask,doInBackground,de.ecspride.MainActivity$MyAsyncTask,doInBackground
Threading,Executor1,FlowDroid,de.ecspride.MainActivity,onCreate,android.content.Context,getSystemService
Threading,Executor1,FlowDroid,de.ecspride.MainActivity,onCreate,android.telephony.TelephonyManager,getDeviceId
Threading,Executor1,FlowDroid,de.ecspride.MainActivity,onCreate,java.util.concurrent.Executor,execute
Threading,Executor1,MAMADROID,de.ecspride.MainActivity,onCreate,android.content.Context,getSystemService
Threading,Executor1,MAMADROID,de.ecspride.MainActivity,onCreate,android.telephony.TelephonyManager,getDeviceId
Threading,Executor1,MAMADROID,de.ecspride.MainActivity,onCreate,java.util.concurrent.Executor,execute
Threading,JavaThread1,FlowDroid,de.ecspride.MainActivity,onCreate,android.content.Context,getSystemService
Threading,JavaThread1,FlowDroid,de.ecspride.MainActivity,onCreate,android.telephony.TelephonyManager,getDeviceId
Threading,JavaThread1,MAMADROID,de.ecspride.MainActivity,onCreate,android.content.Context,getSystemService
Threading,JavaThread1,MAMADROID,de.ecspride.MainActivity,onCreate,android.telephony.TelephonyManager,getDeviceId
Threading,JavaThread2,FlowDroid,de.ecspride.MainActivity,onCreate,android.content.Context,getSystemService
Threading,JavaThread2,FlowDroid,de.ecspride.MainActivity,onCreate,android.telephony.TelephonyManager,getDeviceId
Threading,JavaThread2,MAMADROID,de.ecspride.MainActivity,onCreate,android.content.Context,getSystemService
Threading,JavaThread2,MAMADROID,de.ecspride.MainActivity,onCreate,android.telephony.TelephonyManager,getDeviceId
Threading,Looper1,FlowDroid,android.support.v4.app.BackStackRecord,add,android.support.v4.app.BackStackRecord,doAddOp
Threading,Looper1,FlowDroid,android.support.v4.app.BackStackRecord,commit,android.support.v4.app.BackStackRecord,commitInternal
Threading,Looper1,FlowDroid,android.support.v4.app.BackStackRecord,commitInternal,android.support.v4.app.FragmentManagerImpl,enqueueAction
Threading,Looper1,FlowDroid,android.support.v4.app.BackStackRecord,doAddOp,android.support.v4.app.BackStackRecord,addOp
Threading,Looper1,FlowDroid,android.support.v4.app.BackStackRecord,doAddOp,android.support.v4.app.BackStackRecord$Op,<init>
Threading,Looper1,FlowDroid,android.support.v4.app.BackStackRecord,run,android.support.v4.app.BackStackRecord,bumpBackStackNesting
Threading,Looper1,FlowDroid,android.support.v4.app.BackStackRecord,run,android.support.v4.app.FragmentManagerImpl,addFragment
Threading,Looper1,FlowDroid,android.support.v4.app.BackStackRecord,run,android.support.v4.app.FragmentManagerImpl,moveToState
Threading,Looper1,FlowDroid,android.support.v4.app.Fragment,getLayoutInflater,android.app.Activity,getLayoutInflater
Threading,Looper1,FlowDroid,android.support.v4.app.Fragment,onStart,android.support.v4.app.FragmentActivity,getLoaderManager
Threading,Looper1,FlowDroid,android.support.v4.app.Fragment,performActivityCreated,android.support.v4.app.Fragment,onActivityCreated
Threading,Looper1,FlowDroid,android.support.v4.app.Fragment,performCreate,android.support.v4.app.Fragment,onCreate
Threading,Looper1,FlowDroid,android.support.v4.app.Fragment,performCreateView,android.support.v4.app.Fragment,onCreateView
Threading,Looper1,FlowDroid,android.support.v4.app.Fragment,performDestroy,android.support.v4.app.Fragment,onDestroy
Threading,Looper1,FlowDroid,android.support.v4.app.Fragment,performDestroyView,android.support.v4.app.Fragment,onDestroyView
Threading,Looper1,FlowDroid,android.support.v4.app.Fragment,performPause,android.support.v4.app.Fragment,onPause
Threading,Looper1,FlowDroid,android.support.v4.app.Fragment,performResume,android.support.v4.app.Fragment,onResume
Threading,Looper1,FlowDroid,android.support.v4.app.Fragment,performSaveInstanceState,android.support.v4.app.Fragment,onSaveInstanceState
Threading,Looper1,FlowDroid,android.support.v4.app.Fragment,performStart,android.support.v4.app.Fragment,onStart
Threading,Looper1,FlowDroid,android.support.v4.app.Fragment,performStop,android.support.v4.app.Fragment,onStop
Threading,Looper1,FlowDroid,android.support.v4.app.Fragment,restoreViewState,android.support.v4.app.Fragment,onViewStateRestored
Threading,Looper1,FlowDroid,android.support.v4.app.Fragment,setIndex,java.lang.StringBuilder,<init>
Threading,Looper1,FlowDroid,android.support.v4.app.Fragment,setIndex,java.lang.StringBuilder,append
Threading,Looper1,FlowDroid,android.support.v4.app.Fragment,setIndex,java.lang.StringBuilder,toString
Threading,Looper1,FlowDroid,android.support.v4.app.FragmentActivity,doReallyStop,android.os.Handler,removeMessages
Threading,Looper1,FlowDroid,android.support.v4.app.FragmentActivity,doReallyStop,android.support.v4.app.FragmentActivity,onReallyStop
Threading,Looper1,FlowDroid,android.support.v4.app.FragmentActivity,getLoaderManager,android.support.v4.util.SimpleArrayMap,<init>
Threading,Looper1,FlowDroid,android.support.v4.app.FragmentActivity,getLoaderManager,android.support.v4.util.SimpleArrayMap,get
Threading,Looper1,FlowDroid,android.support.v4.app.FragmentActivity,invalidateSupportFragment,android.support.v4.util.SimpleArrayMap,get
Threading,Looper1,FlowDroid,android.support.v4.app.FragmentActivity,onBackPressed,android.app.Activity,finish
Threading,Looper1,FlowDroid,android.support.v4.app.FragmentActivity,onBackPressed,android.support.v4.app.FragmentManagerImpl,popBackStackImmediate
Threading,Looper1,FlowDroid,android.support.v4.app.FragmentActivity,onCreate,android.app.Activity,getLastNonConfigurationInstance
Threading,Looper1,FlowDroid,android.support.v4.app.FragmentActivity,onCreate,android.app.Activity,getLayoutInflater
Threading,Looper1,FlowDroid,android.support.v4.app.FragmentActivity,onCreate,android.support.v4.app.FragmentManagerImpl,attachActivity
Threading,Looper1,FlowDroid,android.support.v4.app.FragmentActivity,onCreate,android.support.v4.app.FragmentManagerImpl,dispatchCreate
Threading,Looper1,FlowDroid,android.support.v4.app.FragmentActivity,onCreate,android.view.LayoutInflater,getFactory
Threading,Looper1,FlowDroid,android.support.v4.app.FragmentActivity,onCreate,android.view.LayoutInflater,setFactory
Threading,Looper1,FlowDroid,android.support.v4.app.FragmentActivity,onCreatePanelMenu,android.app.Activity,getMenuInflater
Threading,Looper1,FlowDroid,android.support.v4.app.FragmentActivity,onCreatePanelMenu,android.app.Activity,onCreatePanelMenu
Threading,Looper1,FlowDroid,android.support.v4.app.FragmentActivity,onCreatePanelMenu,android.support.v4.app.FragmentManagerImpl,dispatchCreateOptionsMenu
Threading,Looper1,FlowDroid,android.support.v4.app.FragmentActivity,onCreateView,android.app.Activity,onCreateView
Threading,Looper1,FlowDroid,android.support.v4.app.FragmentActivity,onCreateView,java.lang.String,equals
Threading,Looper1,FlowDroid,android.support.v4.app.FragmentActivity,onDestroy,android.app.Activity,onDestroy
Threading,Looper1,FlowDroid,android.support.v4.app.FragmentActivity,onDestroy,android.support.v4.app.FragmentActivity,doReallyStop
Threading,Looper1,FlowDroid,android.support.v4.app.FragmentActivity,onDestroy,android.support.v4.app.FragmentManagerImpl,dispatchDestroy
Threading,Looper1,FlowDroid,android.support.v4.app.FragmentActivity,onKeyDown,android.app.Activity,onKeyDown
Threading,Looper1,FlowDroid,android.support.v4.app.FragmentActivity,onMenuItemSelected,android.app.Activity,onMenuItemSelected
Threading,Looper1,FlowDroid,android.support.v4.app.FragmentActivity,onPanelClosed,android.app.Activity,onPanelClosed
Threading,Looper1,FlowDroid,android.support.v4.app.FragmentActivity,onPause,android.app.Activity,onPause
Threading,Looper1,FlowDroid,android.support.v4.app.FragmentActivity,onPause,android.os.Handler,hasMessages
Threading,Looper1,FlowDroid,android.support.v4.app.FragmentActivity,onPause,android.support.v4.app.FragmentManagerImpl,dispatchPause
Threading,Looper1,FlowDroid,android.support.v4.app.FragmentActivity,onPostResume,android.app.Activity,onPostResume
Threading,Looper1,FlowDroid,android.support.v4.app.FragmentActivity,onPostResume,android.os.Handler,removeMessages
Threading,Looper1,FlowDroid,android.support.v4.app.FragmentActivity,onPostResume,android.support.v4.app.FragmentActivity,onResumeFragments
Threading,Looper1,FlowDroid,android.support.v4.app.FragmentActivity,onPostResume,android.support.v4.app.FragmentManagerImpl,execPendingActions
Threading,Looper1,FlowDroid,android.support.v4.app.FragmentActivity,onPrepareOptionsPanel,android.app.Activity,onPreparePanel
Threading,Looper1,FlowDroid,android.support.v4.app.FragmentActivity,onPreparePanel,android.support.v4.app.FragmentActivity,onPrepareOptionsPanel
Threading,Looper1,FlowDroid,android.support.v4.app.FragmentActivity,onPreparePanel,android.support.v4.app.FragmentManagerImpl,dispatchPrepareOptionsMenu
Threading,Looper1,FlowDroid,android.support.v4.app.FragmentActivity,onReallyStop,android.support.v4.app.FragmentManagerImpl,dispatchReallyStop
Threading,Looper1,FlowDroid,android.support.v4.app.FragmentActivity,onResume,android.app.Activity,onResume
Threading,Looper1,FlowDroid,android.support.v4.app.FragmentActivity,onResume,android.os.Handler,sendEmptyMessage
Threading,Looper1,FlowDroid,android.support.v4.app.FragmentActivity,onResume,android.support.v4.app.FragmentManagerImpl,execPendingActions
Threading,Looper1,FlowDroid,android.support.v4.app.FragmentActivity,onResumeFragments,android.support.v4.app.FragmentManagerImpl,dispatchResume
Threading,Looper1,FlowDroid,android.support.v4.app.FragmentActivity,onSaveInstanceState,android.app.Activity,onSaveInstanceState
Threading,Looper1,FlowDroid,android.support.v4.app.FragmentActivity,onSaveInstanceState,android.os.Bundle,putParcelable
Threading,Looper1,FlowDroid,android.support.v4.app.FragmentActivity,onSaveInstanceState,android.support.v4.app.FragmentManagerImpl,saveAllState
Threading,Looper1,FlowDroid,android.support.v4.app.FragmentActivity,onStart,android.app.Activity,onStart
Threading,Looper1,FlowDroid,android.support.v4.app.FragmentActivity,onStart,android.os.Handler,removeMessages
Threading,Looper1,FlowDroid,android.support.v4.app.FragmentActivity,onStart,android.support.v4.app.FragmentManagerImpl,dispatchActivityCreated
Threading,Looper1,FlowDroid,android.support.v4.app.FragmentActivity,onStart,android.support.v4.app.FragmentManagerImpl,dispatchStart
Threading,Looper1,FlowDroid,android.support.v4.app.FragmentActivity,onStart,android.support.v4.app.FragmentManagerImpl,execPendingActions
Threading,Looper1,FlowDroid,android.support.v4.app.FragmentActivity,onStart,android.support.v4.app.FragmentManagerImpl,noteStateNotSaved
Threading,Looper1,FlowDroid,android.support.v4.app.FragmentActivity,onStart,android.support.v4.util.SimpleArrayMap,size
Threading,Looper1,FlowDroid,android.support.v4.app.FragmentActivity,onStop,android.app.Activity,onStop
Threading,Looper1,FlowDroid,android.support.v4.app.FragmentActivity,onStop,android.os.Handler,sendEmptyMessage
Threading,Looper1,FlowDroid,android.support.v4.app.FragmentActivity,onStop,android.support.v4.app.FragmentManagerImpl,dispatchStop
Threading,Looper1,FlowDroid,android.support.v4.app.FragmentActivity$1,handleMessage,android.support.v4.app.FragmentActivity,doReallyStop
Threading,Looper1,FlowDroid,android.support.v4.app.FragmentActivity$2,findViewById,android.app.Activity,findViewById
Threading,Looper1,FlowDroid,android.support.v4.app.FragmentManagerImpl,addFragment,android.support.v4.app.FragmentManagerImpl,makeActive
Threading,Looper1,FlowDroid,android.support.v4.app.FragmentManagerImpl,addFragment,java.util.ArrayList,<init>
Threading,Looper1,FlowDroid,android.support.v4.app.FragmentManagerImpl,addFragment,java.util.ArrayList,add
Threading,Looper1,FlowDroid,android.support.v4.app.FragmentManagerImpl,addFragment,java.util.ArrayList,contains
Threading,Looper1,FlowDroid,android.support.v4.app.FragmentManagerImpl,beginTransaction,android.support.v4.app.BackStackRecord,<init>
Threading,Looper1,FlowDroid,android.support.v4.app.FragmentManagerImpl,dispatchActivityCreated,android.support.v4.app.FragmentManagerImpl,moveToState
Threading,Looper1,FlowDroid,android.support.v4.app.FragmentManagerImpl,dispatchCreate,android.support.v4.app.FragmentManagerImpl,moveToState
Threading,Looper1,FlowDroid,android.support.v4.app.FragmentManagerImpl,dispatchCreateOptionsMenu,android.support.v4.app.Fragment,performCreateOptionsMenu
Threading,Looper1,FlowDroid,android.support.v4.app.FragmentManagerImpl,dispatchCreateOptionsMenu,java.util.ArrayList,get
Threading,Looper1,FlowDroid,android.support.v4.app.FragmentManagerImpl,dispatchCreateOptionsMenu,java.util.ArrayList,size
Threading,Looper1,FlowDroid,android.support.v4.app.FragmentManagerImpl,dispatchDestroy,android.support.v4.app.FragmentManagerImpl,execPendingActions
Threading,Looper1,FlowDroid,android.support.v4.app.FragmentManagerImpl,dispatchDestroy,android.support.v4.app.FragmentManagerImpl,moveToState
Threading,Looper1,FlowDroid,android.support.v4.app.FragmentManagerImpl,dispatchPause,android.support.v4.app.FragmentManagerImpl,moveToState
Threading,Looper1,FlowDroid,android.support.v4.app.FragmentManagerImpl,dispatchPrepareOptionsMenu,android.support.v4.app.Fragment,performPrepareOptionsMenu
Threading,Looper1,FlowDroid,android.support.v4.app.FragmentManagerImpl,dispatchPrepareOptionsMenu,java.util.ArrayList,get
Threading,Looper1,FlowDroid,android.support.v4.app.FragmentManagerImpl,dispatchPrepareOptionsMenu,java.util.ArrayList,size
Threading,Looper1,FlowDroid,android.support.v4.app.FragmentManagerImpl,dispatchReallyStop,android.support.v4.app.FragmentManagerImpl,moveToState
Threading,Looper1,FlowDroid,android.support.v4.app.FragmentManagerImpl,dispatchResume,android.support.v4.app.FragmentManagerImpl,moveToState
Threading,Looper1,FlowDroid,android.support.v4.app.FragmentManagerImpl,dispatchStart,android.support.v4.app.FragmentManagerImpl,moveToState
Threading,Looper1,FlowDroid,android.support.v4.app.FragmentManagerImpl,dispatchStop,android.support.v4.app.FragmentManagerImpl,moveToState
Threading,Looper1,FlowDroid,android.support.v4.app.FragmentManagerImpl,enqueueAction,android.os.Handler,post
Threading,Looper1,FlowDroid,android.support.v4.app.FragmentManagerImpl,enqueueAction,android.os.Handler,removeCallbacks
Threading,Looper1,FlowDroid,android.support.v4.app.FragmentManagerImpl,enqueueAction,android.support.v4.app.FragmentManagerImpl,checkStateLoss
Threading,Looper1,FlowDroid,android.support.v4.app.FragmentManagerImpl,enqueueAction,java.util.ArrayList,<init>
Threading,Looper1,FlowDroid,android.support.v4.app.FragmentManagerImpl,enqueueAction,java.util.ArrayList,add
Threading,Looper1,FlowDroid,android.support.v4.app.FragmentManagerImpl,enqueueAction,java.util.ArrayList,size
Threading,Looper1,FlowDroid,android.support.v4.app.FragmentManagerImpl,execPendingActions,android.os.Handler,getLooper
Threading,Looper1,FlowDroid,android.support.v4.app.FragmentManagerImpl,execPendingActions,android.os.Handler,removeCallbacks
Threading,Looper1,FlowDroid,android.support.v4.app.FragmentManagerImpl,execPendingActions,android.os.Looper,myLooper
Threading,Looper1,FlowDroid,android.support.v4.app.FragmentManagerImpl,execPendingActions,java.lang.Runnable,run
Threading,Looper1,FlowDroid,android.support.v4.app.FragmentManagerImpl,execPendingActions,java.util.ArrayList,clear
Threading,Looper1,FlowDroid,android.support.v4.app.FragmentManagerImpl,execPendingActions,java.util.ArrayList,size
Threading,Looper1,FlowDroid,android.support.v4.app.FragmentManagerImpl,execPendingActions,java.util.ArrayList,toArray
Threading,Looper1,FlowDroid,android.support.v4.app.FragmentManagerImpl,executePendingTransactions,android.support.v4.app.FragmentManagerImpl,execPendingActions
Threading,Looper1,FlowDroid,android.support.v4.app.FragmentManagerImpl,loadAnimation,android.support.v4.app.Fragment,onCreateAnimation
Threading,Looper1,FlowDroid,android.support.v4.app.FragmentManagerImpl,makeActive,android.support.v4.app.Fragment,setIndex
Threading,Looper1,FlowDroid,android.support.v4.app.FragmentManagerImpl,makeActive,java.util.ArrayList,<init>
Threading,Looper1,FlowDroid,android.support.v4.app.FragmentManagerImpl,makeActive,java.util.ArrayList,add
Threading,Looper1,FlowDroid,android.support.v4.app.FragmentManagerImpl,makeActive,java.util.ArrayList,size
Threading,Looper1,FlowDroid,android.support.v4.app.FragmentManagerImpl,makeInactive,android.support.v4.app.Fragment,initState
Threading,Looper1,FlowDroid,android.support.v4.app.FragmentManagerImpl,makeInactive,android.support.v4.app.FragmentActivity,invalidateSupportFragment
Threading,Looper1,FlowDroid,android.support.v4.app.FragmentManagerImpl,makeInactive,java.lang.Integer,valueOf
Threading,Looper1,FlowDroid,android.support.v4.app.FragmentManagerImpl,makeInactive,java.util.ArrayList,<init>
Threading,Looper1,FlowDroid,android.support.v4.app.FragmentManagerImpl,makeInactive,java.util.ArrayList,add
Threading,Looper1,FlowDroid,android.support.v4.app.FragmentManagerImpl,makeInactive,java.util.ArrayList,set
Threading,Looper1,FlowDroid,android.support.v4.app.FragmentManagerImpl,moveToState,android.app.Activity,isFinishing
Threading,Looper1,FlowDroid,android.support.v4.app.FragmentManagerImpl,moveToState,android.support.v4.app.Fragment,getLayoutInflater
Threading,Looper1,FlowDroid,android.support.v4.app.FragmentManagerImpl,moveToState,android.support.v4.app.Fragment,onAttach
Threading,Looper1,FlowDroid,android.support.v4.app.FragmentManagerImpl,moveToState,android.support.v4.app.Fragment,onDetach
Threading,Looper1,FlowDroid,android.support.v4.app.FragmentManagerImpl,moveToState,android.support.v4.app.Fragment,onViewCreated
Threading,Looper1,FlowDroid,android.support.v4.app.FragmentManagerImpl,moveToState,android.support.v4.app.Fragment,performActivityCreated
Threading,Looper1,FlowDroid,android.support.v4.app.FragmentManagerImpl,moveToState,android.support.v4.app.Fragment,performCreate
Threading,Looper1,FlowDroid,android.support.v4.app.FragmentManagerImpl,moveToState,android.support.v4.app.Fragment,performCreateView
Threading,Looper1,FlowDroid,android.support.v4.app.FragmentManagerImpl,moveToState,android.support.v4.app.Fragment,performDestroy
Threading,Looper1,FlowDroid,android.support.v4.app.FragmentManagerImpl,moveToState,android.support.v4.app.Fragment,performDestroyView
Threading,Looper1,FlowDroid,android.support.v4.app.FragmentManagerImpl,moveToState,android.support.v4.app.Fragment,performPause
Threading,Looper1,FlowDroid,android.support.v4.app.FragmentManagerImpl,moveToState,android.support.v4.app.Fragment,performReallyStop
Threading,Looper1,FlowDroid,android.support.v4.app.FragmentManagerImpl,moveToState,android.support.v4.app.Fragment,performResume
Threading,Looper1,FlowDroid,android.support.v4.app.FragmentManagerImpl,moveToState,android.support.v4.app.Fragment,performStart
Threading,Looper1,FlowDroid,android.support.v4.app.FragmentManagerImpl,moveToState,android.support.v4.app.Fragment,performStop
Threading,Looper1,FlowDroid,android.support.v4.app.FragmentManagerImpl,moveToState,android.support.v4.app.Fragment,restoreViewState
Threading,Looper1,FlowDroid,android.support.v4.app.FragmentManagerImpl,moveToState,android.support.v4.app.FragmentActivity,onAttachFragment
Threading,Looper1,FlowDroid,android.support.v4.app.FragmentManagerImpl,moveToState,android.support.v4.app.FragmentContainer,findViewById
Threading,Looper1,FlowDroid,android.support.v4.app.FragmentManagerImpl,moveToState,android.support.v4.app.FragmentManagerImpl,loadAnimation
Threading,Looper1,FlowDroid,android.support.v4.app.FragmentManagerImpl,moveToState,android.support.v4.app.FragmentManagerImpl,makeInactive
Threading,Looper1,FlowDroid,android.support.v4.app.FragmentManagerImpl,moveToState,android.support.v4.app.FragmentManagerImpl,moveToState
Threading,Looper1,FlowDroid,android.support.v4.app.FragmentManagerImpl,moveToState,android.support.v4.app.FragmentManagerImpl,startPendingDeferredFragments
Threading,Looper1,FlowDroid,android.support.v4.app.FragmentManagerImpl,moveToState,android.support.v4.app.NoSaveStateFrameLayout,wrap
Threading,Looper1,FlowDroid,android.support.v4.app.FragmentManagerImpl,moveToState,android.view.ViewGroup,addView
Threading,Looper1,FlowDroid,android.support.v4.app.FragmentManagerImpl,moveToState,android.view.ViewGroup,removeView
Threading,Looper1,FlowDroid,android.support.v4.app.FragmentManagerImpl,moveToState,java.util.ArrayList,get
Threading,Looper1,FlowDroid,android.support.v4.app.FragmentManagerImpl,moveToState,java.util.ArrayList,size
Threading,Looper1,FlowDroid,android.support.v4.app.FragmentManagerImpl,popBackStackImmediate,android.support.v4.app.FragmentManagerImpl,checkStateLoss
Threading,Looper1,FlowDroid,android.support.v4.app.FragmentManagerImpl,popBackStackImmediate,android.support.v4.app.FragmentManagerImpl,executePendingTransactions
Threading,Looper1,FlowDroid,android.support.v4.app.FragmentManagerImpl,popBackStackImmediate,android.support.v4.app.FragmentManagerImpl,popBackStackState
Threading,Looper1,FlowDroid,android.support.v4.app.FragmentManagerImpl,saveAllState,android.support.v4.app.FragmentManagerImpl,execPendingActions
Threading,Looper1,FlowDroid,android.support.v4.app.FragmentManagerImpl,saveAllState,android.support.v4.app.FragmentManagerImpl,saveFragmentBasicState
Threading,Looper1,FlowDroid,android.support.v4.app.FragmentManagerImpl,saveAllState,android.support.v4.app.FragmentManagerState,<init>
Threading,Looper1,FlowDroid,android.support.v4.app.FragmentManagerImpl,saveAllState,java.util.ArrayList,get
Threading,Looper1,FlowDroid,android.support.v4.app.FragmentManagerImpl,saveAllState,java.util.ArrayList,size
Threading,Looper1,FlowDroid,android.support.v4.app.FragmentManagerImpl,saveFragmentBasicState,android.os.BaseBundle,isEmpty
Threading,Looper1,FlowDroid,android.support.v4.app.FragmentManagerImpl,saveFragmentBasicState,android.os.Bundle,<init>
Threading,Looper1,FlowDroid,android.support.v4.app.FragmentManagerImpl,saveFragmentBasicState,android.support.v4.app.Fragment,performSaveInstanceState
Threading,Looper1,FlowDroid,android.support.v4.app.FragmentManagerImpl,saveFragmentBasicState,android.support.v4.app.FragmentManagerImpl,saveFragmentViewState
Threading,Looper1,FlowDroid,android.support.v4.app.FragmentManagerImpl,saveFragmentViewState,android.util.SparseArray,<init>
Threading,Looper1,FlowDroid,android.support.v4.app.FragmentManagerImpl,saveFragmentViewState,android.util.SparseArray,clear
Threading,Looper1,FlowDroid,android.support.v4.app.FragmentManagerImpl,saveFragmentViewState,android.util.SparseArray,size
Threading,Looper1,FlowDroid,android.support.v4.app.FragmentManagerImpl,saveFragmentViewState,android.view.View,saveHierarchyState
Threading,Looper1,FlowDroid,android.support.v4.app.FragmentManagerImpl,startPendingDeferredFragments,android.support.v4.app.FragmentManagerImpl,performPendingDeferredStart
Threading,Looper1,FlowDroid,android.support.v4.app.FragmentManagerImpl,startPendingDeferredFragments,java.util.ArrayList,get
Threading,Looper1,FlowDroid,android.support.v4.app.FragmentManagerImpl,startPendingDeferredFragments,java.util.ArrayList,size
Threading,Looper1,FlowDroid,android.support.v4.app.FragmentManagerState,writeToParcel,android.os.Parcel,writeIntArray
Threading,Looper1,FlowDroid,android.support.v4.app.FragmentManagerState,writeToParcel,android.os.Parcel,writeTypedArray
Threading,Looper1,FlowDroid,android.support.v4.app.FragmentState,<init>,java.lang.Class,getName
Threading,Looper1,FlowDroid,android.support.v4.app.FragmentState,<init>,java.lang.Object,getClass
Threading,Looper1,FlowDroid,android.support.v4.app.FragmentState,writeToParcel,android.os.Parcel,writeBundle
Threading,Looper1,FlowDroid,android.support.v4.app.FragmentState,writeToParcel,android.os.Parcel,writeInt
Threading,Looper1,FlowDroid,android.support.v4.app.FragmentState,writeToParcel,android.os.Parcel,writeString
Threading,Looper1,FlowDroid,android.support.v4.app.NavUtils,getParentActivityName,android.app.Activity,getComponentName
Threading,Looper1,FlowDroid,android.support.v4.app.NavUtils,getParentActivityName,android.content.Context,getPackageManager
Threading,Looper1,FlowDroid,android.support.v4.app.NavUtils,getParentActivityName,android.content.pm.PackageManager,getActivityInfo
Threading,Looper1,FlowDroid,android.support.v4.app.NavUtils$NavUtilsImplJB,getParentActivityName,android.support.v4.app.NavUtils$NavUtilsImplBase,getParentActivityName
Threading,Looper1,FlowDroid,android.support.v4.app.NoSaveStateFrameLayout,dispatchSaveInstanceState,android.view.ViewGroup,dispatchFreezeSelfOnly
Threading,Looper1,FlowDroid,android.support.v4.app.NoSaveStateFrameLayout,wrap,android.support.v4.app.NoSaveStateFrameLayout,<init>
Threading,Looper1,FlowDroid,android.support.v4.app.NoSaveStateFrameLayout,wrap,android.view.View,getContext
Threading,Looper1,FlowDroid,android.support.v4.app.NoSaveStateFrameLayout,wrap,android.view.View,getLayoutParams
Threading,Looper1,FlowDroid,android.support.v4.app.NoSaveStateFrameLayout,wrap,android.view.View,setLayoutParams
Threading,Looper1,FlowDroid,android.support.v4.app.NoSaveStateFrameLayout,wrap,android.view.ViewGroup,addView
Threading,Looper1,FlowDroid,android.support.v4.util.SimpleArrayMap,get,android.support.v4.util.SimpleArrayMap,indexOf
Threading,Looper1,FlowDroid,android.support.v4.util.SimpleArrayMap,get,java.lang.Object,hashCode
Threading,Looper1,FlowDroid,android.support.v4.view.MenuItemCompat,setShowAsAction,android.support.v4.internal.view.SupportMenuItem,setShowAsAction
Threading,Looper1,FlowDroid,android.support.v7.app.ActionBarActivity,getMenuInflater,android.support.v7.app.ActionBarActivityDelegate,getMenuInflater
Threading,Looper1,FlowDroid,android.support.v7.app.ActionBarActivity,onBackPressed,android.support.v4.app.FragmentActivity,onBackPressed
Threading,Looper1,FlowDroid,android.support.v7.app.ActionBarActivity,onContentChanged,android.support.v7.app.ActionBarActivityDelegate,onContentChanged
Threading,Looper1,FlowDroid,android.support.v7.app.ActionBarActivity,onCreate,android.support.v7.app.ActionBarActivityDelegate,createDelegate
Threading,Looper1,FlowDroid,android.support.v7.app.ActionBarActivity,onCreatePanelView,android.support.v7.app.ActionBarActivityDelegate,onCreatePanelView
Threading,Looper1,FlowDroid,android.support.v7.app.ActionBarActivity,onPrepareOptionsPanel,android.support.v7.app.ActionBarActivityDelegate,onPrepareOptionsPanel
Threading,Looper1,FlowDroid,android.support.v7.app.ActionBarActivity,onPreparePanel,android.support.v7.app.ActionBarActivityDelegate,onPreparePanel
Threading,Looper1,FlowDroid,android.support.v7.app.ActionBarActivity,onTitleChanged,android.app.Activity,onTitleChanged
Threading,Looper1,FlowDroid,android.support.v7.app.ActionBarActivity,setContentView,android.support.v7.app.ActionBarActivityDelegate,setContentView
Threading,Looper1,FlowDroid,android.support.v7.app.ActionBarActivity,superOnCreatePanelMenu,android.support.v4.app.FragmentActivity,onCreatePanelMenu
Threading,Looper1,FlowDroid,android.support.v7.app.ActionBarActivity,superOnMenuItemSelected,android.support.v4.app.FragmentActivity,onMenuItemSelected
Threading,Looper1,FlowDroid,android.support.v7.app.ActionBarActivity,superOnPrepareOptionsPanel,android.support.v4.app.FragmentActivity,onPrepareOptionsPanel
Threading,Looper1,FlowDroid,android.support.v7.app.ActionBarActivity,superOnPreparePanel,android.support.v4.app.FragmentActivity,onPreparePanel
Threading,Looper1,FlowDroid,android.support.v7.app.ActionBarActivity,superSetContentView,android.app.Activity,setContentView
Threading,Looper1,FlowDroid,android.support.v7.app.ActionBarActivityDelegate,createDelegate,android.support.v7.app.ActionBarActivityDelegateJBMR2,<init>
Threading,Looper1,FlowDroid,android.support.v7.app.ActionBarActivityDelegate,getActionBarThemedContext,android.support.v7.app.ActionBar,getThemedContext
Threading,Looper1,FlowDroid,android.support.v7.app.ActionBarActivityDelegate,getActionBarThemedContext,android.support.v7.app.ActionBarActivityDelegate,getSupportActionBar
Threading,Looper1,FlowDroid,android.support.v7.app.ActionBarActivityDelegate,getMenuInflater,android.support.v7.app.ActionBarActivityDelegate,getActionBarThemedContext
Threading,Looper1,FlowDroid,android.support.v7.app.ActionBarActivityDelegate,getMenuInflater,android.support.v7.internal.view.SupportMenuInflater,<init>
Threading,Looper1,FlowDroid,android.support.v7.app.ActionBarActivityDelegate,getSupportActionBar,android.support.v7.app.ActionBarActivityDelegate,createSupportActionBar
Threading,Looper1,FlowDroid,android.support.v7.app.ActionBarActivityDelegate,getUiOptionsFromMetadata,android.app.Activity,getComponentName
Threading,Looper1,FlowDroid,android.support.v7.app.ActionBarActivityDelegate,getUiOptionsFromMetadata,android.content.ContextWrapper,getPackageManager
Threading,Looper1,FlowDroid,android.support.v7.app.ActionBarActivityDelegate,getUiOptionsFromMetadata,android.content.pm.PackageManager,getActivityInfo
Threading,Looper1,FlowDroid,android.support.v7.app.ActionBarActivityDelegate,onCreate,android.content.Context,obtainStyledAttributes
Threading,Looper1,FlowDroid,android.support.v7.app.ActionBarActivityDelegate,onCreate,android.content.res.TypedArray,getBoolean
Threading,Looper1,FlowDroid,android.support.v7.app.ActionBarActivityDelegate,onCreate,android.content.res.TypedArray,hasValue
Threading,Looper1,FlowDroid,android.support.v7.app.ActionBarActivityDelegate,onCreate,android.content.res.TypedArray,recycle
Threading,Looper1,FlowDroid,android.support.v7.app.ActionBarActivityDelegate,onCreate,android.support.v4.app.NavUtils,getParentActivityName
Threading,Looper1,FlowDroid,android.support.v7.app.ActionBarActivityDelegate,onPrepareOptionsPanel,android.support.v7.app.ActionBarActivity,superOnPrepareOptionsPanel
Threading,Looper1,FlowDroid,android.support.v7.app.ActionBarActivityDelegateICS,createWindowCallbackWrapper,android.support.v7.app.ActionBarActivityDelegateICS$WindowCallbackWrapper,<init>
Threading,Looper1,FlowDroid,android.support.v7.app.ActionBarActivityDelegateICS,onContentChanged,android.support.v7.app.ActionBarActivity,onSupportContentChanged
Threading,Looper1,FlowDroid,android.support.v7.app.ActionBarActivityDelegateICS,onCreate,android.app.Activity,getWindow
Threading,Looper1,FlowDroid,android.support.v7.app.ActionBarActivityDelegateICS,onCreate,android.app.Activity,requestWindowFeature
Threading,Looper1,FlowDroid,android.support.v7.app.ActionBarActivityDelegateICS,onCreate,android.support.v7.app.ActionBarActivityDelegate,getUiOptionsFromMetadata
Threading,Looper1,FlowDroid,android.support.v7.app.ActionBarActivityDelegateICS,onCreate,android.support.v7.app.ActionBarActivityDelegateICS,createWindowCallbackWrapper
Threading,Looper1,FlowDroid,android.support.v7.app.ActionBarActivityDelegateICS,onCreate,android.view.Window,getCallback
Threading,Looper1,FlowDroid,android.support.v7.app.ActionBarActivityDelegateICS,onCreate,android.view.Window,setCallback
Threading,Looper1,FlowDroid,android.support.v7.app.ActionBarActivityDelegateICS,onCreate,java.lang.String,equals
Threading,Looper1,FlowDroid,android.support.v7.app.ActionBarActivityDelegateICS,onCreatePanelMenu,android.support.v7.app.ActionBarActivity,superOnCreatePanelMenu
Threading,Looper1,FlowDroid,android.support.v7.app.ActionBarActivityDelegateICS,onCreatePanelMenu,android.support.v7.internal.view.menu.MenuWrapperFactory,createMenuWrapper
Threading,Looper1,FlowDroid,android.support.v7.app.ActionBarActivityDelegateICS,onMenuItemSelected,android.support.v7.app.ActionBarActivity,superOnMenuItemSelected
Threading,Looper1,FlowDroid,android.support.v7.app.ActionBarActivityDelegateICS,onMenuItemSelected,android.support.v7.internal.view.menu.MenuWrapperFactory,createMenuItemWrapper
Threading,Looper1,FlowDroid,android.support.v7.app.ActionBarActivityDelegateICS,onPreparePanel,android.support.v7.app.ActionBarActivity,superOnPreparePanel
Threading,Looper1,FlowDroid,android.support.v7.app.ActionBarActivityDelegateICS,setContentView,android.support.v7.app.ActionBarActivity,superSetContentView
Threading,Looper1,FlowDroid,android.support.v7.app.ActionBarActivityDelegateICS$WindowCallbackWrapper,dispatchKeyEvent,android.view.Window$Callback,dispatchKeyEvent
Threading,Looper1,FlowDroid,android.support.v7.app.ActionBarActivityDelegateICS$WindowCallbackWrapper,dispatchTouchEvent,android.view.Window$Callback,dispatchTouchEvent
Threading,Looper1,FlowDroid,android.support.v7.app.ActionBarActivityDelegateICS$WindowCallbackWrapper,dispatchTrackballEvent,android.view.Window$Callback,dispatchTrackballEvent
Threading,Looper1,FlowDroid,android.support.v7.app.ActionBarActivityDelegateICS$WindowCallbackWrapper,onAttachedToWindow,android.view.Window$Callback,onAttachedToWindow
Threading,Looper1,FlowDroid,android.support.v7.app.ActionBarActivityDelegateICS$WindowCallbackWrapper,onDetachedFromWindow,android.view.Window$Callback,onDetachedFromWindow
Threading,Looper1,FlowDroid,android.support.v7.app.ActionBarActivityDelegateICS$WindowCallbackWrapper,onMenuOpened,android.view.Window$Callback,onMenuOpened
Threading,Looper1,FlowDroid,android.support.v7.app.ActionBarActivityDelegateICS$WindowCallbackWrapper,onWindowAttributesChanged,android.view.Window$Callback,onWindowAttributesChanged
Threading,Looper1,FlowDroid,android.support.v7.app.ActionBarActivityDelegateICS$WindowCallbackWrapper,onWindowFocusChanged,android.view.Window$Callback,onWindowFocusChanged
Threading,Looper1,FlowDroid,android.support.v7.app.ActionBarActivityDelegateJBMR2,createSupportActionBar,android.support.v7.app.ActionBarImplJBMR2,<init>
Threading,Looper1,FlowDroid,android.support.v7.app.ActionBarImplICS,<init>,android.app.Activity,getActionBar
Threading,Looper1,FlowDroid,android.support.v7.app.ActionBarImplICS,getThemedContext,android.app.ActionBar,getThemedContext
Threading,Looper1,FlowDroid,android.support.v7.internal.view.SupportMenuInflater,inflate,android.content.Context,getResources
Threading,Looper1,FlowDroid,android.support.v7.internal.view.SupportMenuInflater,inflate,android.content.res.Resources,getLayout
Threading,Looper1,FlowDroid,android.support.v7.internal.view.SupportMenuInflater,inflate,android.content.res.XmlResourceParser,close
Threading,Looper1,FlowDroid,android.support.v7.internal.view.SupportMenuInflater,inflate,android.support.v7.internal.view.SupportMenuInflater,parseMenu
Threading,Looper1,FlowDroid,android.support.v7.internal.view.SupportMenuInflater,inflate,android.util.Xml,asAttributeSet
Threading,Looper1,FlowDroid,android.support.v7.internal.view.SupportMenuInflater,parseMenu,android.support.v7.internal.view.SupportMenuInflater$MenuState,<init>
Threading,Looper1,FlowDroid,android.support.v7.internal.view.SupportMenuInflater,parseMenu,android.support.v7.internal.view.SupportMenuInflater$MenuState,access$000
Threading,Looper1,FlowDroid,android.support.v7.internal.view.SupportMenuInflater,parseMenu,android.support.v7.internal.view.SupportMenuInflater$MenuState,addItem
Threading,Looper1,FlowDroid,android.support.v7.internal.view.SupportMenuInflater,parseMenu,android.support.v7.internal.view.SupportMenuInflater$MenuState,hasAddedItem
Threading,Looper1,FlowDroid,android.support.v7.internal.view.SupportMenuInflater,parseMenu,android.support.v7.internal.view.SupportMenuInflater$MenuState,readItem
Threading,Looper1,FlowDroid,android.support.v7.internal.view.SupportMenuInflater,parseMenu,java.lang.String,equals
Threading,Looper1,FlowDroid,android.support.v7.internal.view.SupportMenuInflater,parseMenu,org.xmlpull.v1.XmlPullParser,getEventType
Threading,Looper1,FlowDroid,android.support.v7.internal.view.SupportMenuInflater,parseMenu,org.xmlpull.v1.XmlPullParser,getName
Threading,Looper1,FlowDroid,android.support.v7.internal.view.SupportMenuInflater,parseMenu,org.xmlpull.v1.XmlPullParser,next
Threading,Looper1,FlowDroid,android.support.v7.internal.view.SupportMenuInflater$MenuState,<init>,android.support.v7.internal.view.SupportMenuInflater$MenuState,resetGroup
Threading,Looper1,FlowDroid,android.support.v7.internal.view.SupportMenuInflater$MenuState,addItem,android.support.v7.internal.view.SupportMenuInflater$MenuState,setItem
Threading,Looper1,FlowDroid,android.support.v7.internal.view.SupportMenuInflater$MenuState,addItem,android.view.Menu,add
Threading,Looper1,FlowDroid,android.support.v7.internal.view.SupportMenuInflater$MenuState,readItem,android.content.Context,obtainStyledAttributes
Threading,Looper1,FlowDroid,android.support.v7.internal.view.SupportMenuInflater$MenuState,readItem,android.content.res.TypedArray,getBoolean
Threading,Looper1,FlowDroid,android.support.v7.internal.view.SupportMenuInflater$MenuState,readItem,android.content.res.TypedArray,getInt
Threading,Looper1,FlowDroid,android.support.v7.internal.view.SupportMenuInflater$MenuState,readItem,android.content.res.TypedArray,getResourceId
Threading,Looper1,FlowDroid,android.support.v7.internal.view.SupportMenuInflater$MenuState,readItem,android.content.res.TypedArray,getString
Threading,Looper1,FlowDroid,android.support.v7.internal.view.SupportMenuInflater$MenuState,readItem,android.content.res.TypedArray,getText
Threading,Looper1,FlowDroid,android.support.v7.internal.view.SupportMenuInflater$MenuState,readItem,android.content.res.TypedArray,hasValue
Threading,Looper1,FlowDroid,android.support.v7.internal.view.SupportMenuInflater$MenuState,readItem,android.content.res.TypedArray,recycle
Threading,Looper1,FlowDroid,android.support.v7.internal.view.SupportMenuInflater$MenuState,readItem,android.support.v7.internal.view.SupportMenuInflater,access$100
Threading,Looper1,FlowDroid,android.support.v7.internal.view.SupportMenuInflater$MenuState,readItem,android.support.v7.internal.view.SupportMenuInflater$MenuState,getShortcut
Threading,Looper1,FlowDroid,android.support.v7.internal.view.SupportMenuInflater$MenuState,setItem,android.support.v4.view.MenuItemCompat,setShowAsAction
Threading,Looper1,FlowDroid,android.support.v7.internal.view.SupportMenuInflater$MenuState,setItem,android.view.MenuItem,setAlphabeticShortcut
Threading,Looper1,FlowDroid,android.support.v7.internal.view.SupportMenuInflater$MenuState,setItem,android.view.MenuItem,setCheckable
Threading,Looper1,FlowDroid,android.support.v7.internal.view.SupportMenuInflater$MenuState,setItem,android.view.MenuItem,setChecked
Threading,Looper1,FlowDroid,android.support.v7.internal.view.SupportMenuInflater$MenuState,setItem,android.view.MenuItem,setEnabled
Threading,Looper1,FlowDroid,android.support.v7.internal.view.SupportMenuInflater$MenuState,setItem,android.view.MenuItem,setIcon
Threading,Looper1,FlowDroid,android.support.v7.internal.view.SupportMenuInflater$MenuState,setItem,android.view.MenuItem,setNumericShortcut
Threading,Looper1,FlowDroid,android.support.v7.internal.view.SupportMenuInflater$MenuState,setItem,android.view.MenuItem,setTitleCondensed
Threading,Looper1,FlowDroid,android.support.v7.internal.view.SupportMenuInflater$MenuState,setItem,android.view.MenuItem,setVisible
Threading,Looper1,FlowDroid,android.support.v7.internal.view.menu.BaseMenuWrapper,getMenuItemWrapper,android.support.v7.internal.view.menu.MenuWrapperFactory,createSupportMenuItemWrapper
Threading,Looper1,FlowDroid,android.support.v7.internal.view.menu.BaseMenuWrapper,getMenuItemWrapper,java.util.HashMap,<init>
Threading,Looper1,FlowDroid,android.support.v7.internal.view.menu.BaseMenuWrapper,getMenuItemWrapper,java.util.HashMap,get
Threading,Looper1,FlowDroid,android.support.v7.internal.view.menu.BaseMenuWrapper,getMenuItemWrapper,java.util.HashMap,put
Threading,Looper1,FlowDroid,android.support.v7.internal.view.menu.MenuItemWrapperICS,<init>,android.view.MenuItem,isVisible
Threading,Looper1,FlowDroid,android.support.v7.internal.view.menu.MenuItemWrapperICS,getItemId,android.view.MenuItem,getItemId
Threading,Looper1,FlowDroid,android.support.v7.internal.view.menu.MenuItemWrapperICS,getTitleCondensed,android.view.MenuItem,getTitleCondensed
Threading,Looper1,FlowDroid,android.support.v7.internal.view.menu.MenuItemWrapperICS,setChecked,android.view.MenuItem,setChecked
Threading,Looper1,FlowDroid,android.support.v7.internal.view.menu.MenuItemWrapperICS,setVisible,android.support.v7.internal.view.menu.MenuItemWrapperICS,wrappedSetVisible
Threading,Looper1,FlowDroid,android.support.v7.internal.view.menu.MenuItemWrapperICS,wrappedSetVisible,android.view.MenuItem,setVisible
Threading,Looper1,FlowDroid,android.support.v7.internal.view.menu.MenuWrapperFactory,createMenuItemWrapper,android.support.v7.internal.view.menu.MenuItemWrapperJB,<init>
Threading,Looper1,FlowDroid,android.support.v7.internal.view.menu.MenuWrapperFactory,createMenuWrapper,android.support.v7.internal.view.menu.MenuWrapperICS,<init>
Threading,Looper1,FlowDroid,android.support.v7.internal.view.menu.MenuWrapperFactory,createSupportMenuItemWrapper,android.support.v7.internal.view.menu.MenuItemWrapperJB,<init>
Threading,Looper1,FlowDroid,android.support.v7.internal.view.menu.MenuWrapperICS,add,android.support.v7.internal.view.menu.BaseMenuWrapper,getMenuItemWrapper
Threading,Looper1,FlowDroid,android.support.v7.internal.view.menu.MenuWrapperICS,add,android.view.Menu,add
Threading,Looper1,FlowDroid,de.ecspride.MainActivity,onCreate,android.content.Context,getSystemService
Threading,Looper1,FlowDroid,de.ecspride.MainActivity,onCreate,android.support.v4.app.FragmentManager,beginTransaction
Threading,Looper1,FlowDroid,de.ecspride.MainActivity,onCreate,android.support.v4.app.FragmentTransaction,add
Threading,Looper1,FlowDroid,de.ecspride.MainActivity,onCreate,android.support.v4.app.FragmentTransaction,commit
Threading,Looper1,FlowDroid,de.ecspride.MainActivity,onCreate,android.telephony.TelephonyManager,getDeviceId
Threading,Looper1,FlowDroid,de.ecspride.MainActivity,onCreateOptionsMenu,android.view.MenuInflater,inflate
Threading,Looper1,FlowDroid,de.ecspride.MainActivity,onOptionsItemSelected,android.view.MenuItem,getItemId
Threading,Looper1,FlowDroid,de.ecspride.MainActivity$PlaceholderFragment,onCreateView,android.view.LayoutInflater,inflate
Threading,Looper1,GATOR,android.support.v4.app.FragmentActivity,onCreate,android.view.LayoutInflater,getFactory
Threading,Looper1,GATOR,android.support.v4.app.FragmentActivity,onCreate,android.view.LayoutInflater,setFactory
Threading,Looper1,GATOR,android.support.v4.app.NavUtils,getParentActivityName,android.content.pm.PackageManager,getActivityInfo
Threading,Looper1,GATOR,android.support.v7.app.ActionBarActivityDelegate,getUiOptionsFromMetadata,android.content.pm.PackageManager,getActivityInfo
Threading,Looper1,GATOR,android.support.v7.app.ActionBarActivityDelegateICS,onCreate,android.view.Window,getCallback
Threading,Looper1,GATOR,android.support.v7.app.ActionBarActivityDelegateICS,onCreate,android.view.Window,setCallback
Threading,Looper1,GATOR,android.support.v7.internal.view.SupportMenuInflater,inflate,android.content.res.XmlResourceParser,close
Threading,Looper1,GATOR,android.support.v7.internal.view.SupportMenuInflater,parseMenu,org.xmlpull.v1.XmlPullParser,getEventType
Threading,Looper1,GATOR,android.support.v7.internal.view.SupportMenuInflater,parseMenu,org.xmlpull.v1.XmlPullParser,getName
Threading,Looper1,GATOR,android.support.v7.internal.view.SupportMenuInflater,parseMenu,org.xmlpull.v1.XmlPullParser,next
Threading,Looper1,GATOR,de.ecspride.MainActivity$PlaceholderFragment,onCreateView,android.view.LayoutInflater,inflate
Threading,Looper1,MAMADROID,android.support.v4.app.BackStackRecord,add,android.support.v4.app.BackStackRecord,doAddOp
Threading,Looper1,MAMADROID,android.support.v4.app.BackStackRecord,commit,android.support.v4.app.BackStackRecord,commitInternal
Threading,Looper1,MAMADROID,android.support.v4.app.BackStackRecord,commitInternal,android.support.v4.app.FragmentManagerImpl,enqueueAction
Threading,Looper1,MAMADROID,android.support.v4.app.BackStackRecord,doAddOp,android.support.v4.app.BackStackRecord,addOp
Threading,Looper1,MAMADROID,android.support.v4.app.BackStackRecord,doAddOp,android.support.v4.app.BackStackRecord$Op,<init>
Threading,Looper1,MAMADROID,android.support.v4.app.BackStackRecord,run,android.support.v4.app.BackStackRecord,bumpBackStackNesting
Threading,Looper1,MAMADROID,android.support.v4.app.BackStackRecord,run,android.support.v4.app.FragmentManagerImpl,addFragment
Threading,Looper1,MAMADROID,android.support.v4.app.BackStackRecord,run,android.support.v4.app.FragmentManagerImpl,moveToState
Threading,Looper1,MAMADROID,android.support.v4.app.Fragment,getLayoutInflater,android.app.Activity,getLayoutInflater
Threading,Looper1,MAMADROID,android.support.v4.app.Fragment,onStart,android.support.v4.app.FragmentActivity,getLoaderManager
Threading,Looper1,MAMADROID,android.support.v4.app.Fragment,performActivityCreated,android.support.v4.app.Fragment,onActivityCreated
Threading,Looper1,MAMADROID,android.support.v4.app.Fragment,performCreate,android.support.v4.app.Fragment,onCreate
Threading,Looper1,MAMADROID,android.support.v4.app.Fragment,performCreateView,android.support.v4.app.Fragment,onCreateView
Threading,Looper1,MAMADROID,android.support.v4.app.Fragment,performDestroy,android.support.v4.app.Fragment,onDestroy
Threading,Looper1,MAMADROID,android.support.v4.app.Fragment,performDestroyView,android.support.v4.app.Fragment,onDestroyView
Threading,Looper1,MAMADROID,android.support.v4.app.Fragment,performPause,android.support.v4.app.Fragment,onPause
Threading,Looper1,MAMADROID,android.support.v4.app.Fragment,performResume,android.support.v4.app.Fragment,onResume
Threading,Looper1,MAMADROID,android.support.v4.app.Fragment,performSaveInstanceState,android.support.v4.app.Fragment,onSaveInstanceState
Threading,Looper1,MAMADROID,android.support.v4.app.Fragment,performStart,android.support.v4.app.Fragment,onStart
Threading,Looper1,MAMADROID,android.support.v4.app.Fragment,performStop,android.support.v4.app.Fragment,onStop
Threading,Looper1,MAMADROID,android.support.v4.app.Fragment,restoreViewState,android.support.v4.app.Fragment,onViewStateRestored
Threading,Looper1,MAMADROID,android.support.v4.app.Fragment,setIndex,java.lang.StringBuilder,<init>
Threading,Looper1,MAMADROID,android.support.v4.app.Fragment,setIndex,java.lang.StringBuilder,append
Threading,Looper1,MAMADROID,android.support.v4.app.Fragment,setIndex,java.lang.StringBuilder,toString
Threading,Looper1,MAMADROID,android.support.v4.app.FragmentActivity,doReallyStop,android.os.Handler,removeMessages
Threading,Looper1,MAMADROID,android.support.v4.app.FragmentActivity,doReallyStop,android.support.v4.app.FragmentActivity,onReallyStop
Threading,Looper1,MAMADROID,android.support.v4.app.FragmentActivity,getLoaderManager,android.support.v4.util.SimpleArrayMap,<init>
Threading,Looper1,MAMADROID,android.support.v4.app.FragmentActivity,getLoaderManager,android.support.v4.util.SimpleArrayMap,get
Threading,Looper1,MAMADROID,android.support.v4.app.FragmentActivity,invalidateSupportFragment,android.support.v4.util.SimpleArrayMap,get
Threading,Looper1,MAMADROID,android.support.v4.app.FragmentActivity,onBackPressed,android.app.Activity,finish
Threading,Looper1,MAMADROID,android.support.v4.app.FragmentActivity,onBackPressed,android.support.v4.app.FragmentManagerImpl,popBackStackImmediate
Threading,Looper1,MAMADROID,android.support.v4.app.FragmentActivity,onCreate,android.app.Activity,getLastNonConfigurationInstance
Threading,Looper1,MAMADROID,android.support.v4.app.FragmentActivity,onCreate,android.app.Activity,getLayoutInflater
Threading,Looper1,MAMADROID,android.support.v4.app.FragmentActivity,onCreate,android.support.v4.app.FragmentManagerImpl,attachActivity
Threading,Looper1,MAMADROID,android.support.v4.app.FragmentActivity,onCreate,android.support.v4.app.FragmentManagerImpl,dispatchCreate
Threading,Looper1,MAMADROID,android.support.v4.app.FragmentActivity,onCreate,android.view.LayoutInflater,getFactory
Threading,Looper1,MAMADROID,android.support.v4.app.FragmentActivity,onCreate,android.view.LayoutInflater,setFactory
Threading,Looper1,MAMADROID,android.support.v4.app.FragmentActivity,onCreatePanelMenu,android.app.Activity,getMenuInflater
Threading,Looper1,MAMADROID,android.support.v4.app.FragmentActivity,onCreatePanelMenu,android.app.Activity,onCreatePanelMenu
Threading,Looper1,MAMADROID,android.support.v4.app.FragmentActivity,onCreatePanelMenu,android.support.v4.app.FragmentManagerImpl,dispatchCreateOptionsMenu
Threading,Looper1,MAMADROID,android.support.v4.app.FragmentActivity,onCreateView,android.app.Activity,onCreateView
Threading,Looper1,MAMADROID,android.support.v4.app.FragmentActivity,onCreateView,java.lang.String,equals
Threading,Looper1,MAMADROID,android.support.v4.app.FragmentActivity,onDestroy,android.app.Activity,onDestroy
Threading,Looper1,MAMADROID,android.support.v4.app.FragmentActivity,onDestroy,android.support.v4.app.FragmentActivity,doReallyStop
Threading,Looper1,MAMADROID,android.support.v4.app.FragmentActivity,onDestroy,android.support.v4.app.FragmentManagerImpl,dispatchDestroy
Threading,Looper1,MAMADROID,android.support.v4.app.FragmentActivity,onKeyDown,android.app.Activity,onKeyDown
Threading,Looper1,MAMADROID,android.support.v4.app.FragmentActivity,onMenuItemSelected,android.app.Activity,onMenuItemSelected
Threading,Looper1,MAMADROID,android.support.v4.app.FragmentActivity,onPanelClosed,android.app.Activity,onPanelClosed
Threading,Looper1,MAMADROID,android.support.v4.app.FragmentActivity,onPause,android.app.Activity,onPause
Threading,Looper1,MAMADROID,android.support.v4.app.FragmentActivity,onPause,android.os.Handler,hasMessages
Threading,Looper1,MAMADROID,android.support.v4.app.FragmentActivity,onPause,android.support.v4.app.FragmentManagerImpl,dispatchPause
Threading,Looper1,MAMADROID,android.support.v4.app.FragmentActivity,onPostResume,android.app.Activity,onPostResume
Threading,Looper1,MAMADROID,android.support.v4.app.FragmentActivity,onPostResume,android.os.Handler,removeMessages
Threading,Looper1,MAMADROID,android.support.v4.app.FragmentActivity,onPostResume,android.support.v4.app.FragmentActivity,onResumeFragments
Threading,Looper1,MAMADROID,android.support.v4.app.FragmentActivity,onPostResume,android.support.v4.app.FragmentManagerImpl,execPendingActions
Threading,Looper1,MAMADROID,android.support.v4.app.FragmentActivity,onPrepareOptionsPanel,android.app.Activity,onPreparePanel
Threading,Looper1,MAMADROID,android.support.v4.app.FragmentActivity,onPreparePanel,android.support.v4.app.FragmentActivity,onPrepareOptionsPanel
Threading,Looper1,MAMADROID,android.support.v4.app.FragmentActivity,onPreparePanel,android.support.v4.app.FragmentManagerImpl,dispatchPrepareOptionsMenu
Threading,Looper1,MAMADROID,android.support.v4.app.FragmentActivity,onReallyStop,android.support.v4.app.FragmentManagerImpl,dispatchReallyStop
Threading,Looper1,MAMADROID,android.support.v4.app.FragmentActivity,onResume,android.app.Activity,onResume
Threading,Looper1,MAMADROID,android.support.v4.app.FragmentActivity,onResume,android.os.Handler,sendEmptyMessage
Threading,Looper1,MAMADROID,android.support.v4.app.FragmentActivity,onResume,android.support.v4.app.FragmentManagerImpl,execPendingActions
Threading,Looper1,MAMADROID,android.support.v4.app.FragmentActivity,onResumeFragments,android.support.v4.app.FragmentManagerImpl,dispatchResume
Threading,Looper1,MAMADROID,android.support.v4.app.FragmentActivity,onSaveInstanceState,android.app.Activity,onSaveInstanceState
Threading,Looper1,MAMADROID,android.support.v4.app.FragmentActivity,onSaveInstanceState,android.os.Bundle,putParcelable
Threading,Looper1,MAMADROID,android.support.v4.app.FragmentActivity,onSaveInstanceState,android.support.v4.app.FragmentManagerImpl,saveAllState
Threading,Looper1,MAMADROID,android.support.v4.app.FragmentActivity,onStart,android.app.Activity,onStart
Threading,Looper1,MAMADROID,android.support.v4.app.FragmentActivity,onStart,android.os.Handler,removeMessages
Threading,Looper1,MAMADROID,android.support.v4.app.FragmentActivity,onStart,android.support.v4.app.FragmentManagerImpl,dispatchActivityCreated
Threading,Looper1,MAMADROID,android.support.v4.app.FragmentActivity,onStart,android.support.v4.app.FragmentManagerImpl,dispatchStart
Threading,Looper1,MAMADROID,android.support.v4.app.FragmentActivity,onStart,android.support.v4.app.FragmentManagerImpl,execPendingActions
Threading,Looper1,MAMADROID,android.support.v4.app.FragmentActivity,onStart,android.support.v4.app.FragmentManagerImpl,noteStateNotSaved
Threading,Looper1,MAMADROID,android.support.v4.app.FragmentActivity,onStart,android.support.v4.util.SimpleArrayMap,size
Threading,Looper1,MAMADROID,android.support.v4.app.FragmentActivity,onStop,android.app.Activity,onStop
Threading,Looper1,MAMADROID,android.support.v4.app.FragmentActivity,onStop,android.os.Handler,sendEmptyMessage
Threading,Looper1,MAMADROID,android.support.v4.app.FragmentActivity,onStop,android.support.v4.app.FragmentManagerImpl,dispatchStop
Threading,Looper1,MAMADROID,android.support.v4.app.FragmentActivity$1,handleMessage,android.support.v4.app.FragmentActivity,doReallyStop
Threading,Looper1,MAMADROID,android.support.v4.app.FragmentActivity$2,findViewById,android.app.Activity,findViewById
Threading,Looper1,MAMADROID,android.support.v4.app.FragmentManagerImpl,addFragment,android.support.v4.app.FragmentManagerImpl,makeActive
Threading,Looper1,MAMADROID,android.support.v4.app.FragmentManagerImpl,addFragment,java.util.ArrayList,<init>
Threading,Looper1,MAMADROID,android.support.v4.app.FragmentManagerImpl,addFragment,java.util.ArrayList,add
Threading,Looper1,MAMADROID,android.support.v4.app.FragmentManagerImpl,addFragment,java.util.ArrayList,contains
Threading,Looper1,MAMADROID,android.support.v4.app.FragmentManagerImpl,beginTransaction,android.support.v4.app.BackStackRecord,<init>
Threading,Looper1,MAMADROID,android.support.v4.app.FragmentManagerImpl,dispatchActivityCreated,android.support.v4.app.FragmentManagerImpl,moveToState
Threading,Looper1,MAMADROID,android.support.v4.app.FragmentManagerImpl,dispatchCreate,android.support.v4.app.FragmentManagerImpl,moveToState
Threading,Looper1,MAMADROID,android.support.v4.app.FragmentManagerImpl,dispatchCreateOptionsMenu,android.support.v4.app.Fragment,performCreateOptionsMenu
Threading,Looper1,MAMADROID,android.support.v4.app.FragmentManagerImpl,dispatchCreateOptionsMenu,java.util.ArrayList,get
Threading,Looper1,MAMADROID,android.support.v4.app.FragmentManagerImpl,dispatchCreateOptionsMenu,java.util.ArrayList,size
Threading,Looper1,MAMADROID,android.support.v4.app.FragmentManagerImpl,dispatchDestroy,android.support.v4.app.FragmentManagerImpl,execPendingActions
Threading,Looper1,MAMADROID,android.support.v4.app.FragmentManagerImpl,dispatchDestroy,android.support.v4.app.FragmentManagerImpl,moveToState
Threading,Looper1,MAMADROID,android.support.v4.app.FragmentManagerImpl,dispatchPause,android.support.v4.app.FragmentManagerImpl,moveToState
Threading,Looper1,MAMADROID,android.support.v4.app.FragmentManagerImpl,dispatchPrepareOptionsMenu,android.support.v4.app.Fragment,performPrepareOptionsMenu
Threading,Looper1,MAMADROID,android.support.v4.app.FragmentManagerImpl,dispatchPrepareOptionsMenu,java.util.ArrayList,get
Threading,Looper1,MAMADROID,android.support.v4.app.FragmentManagerImpl,dispatchPrepareOptionsMenu,java.util.ArrayList,size
Threading,Looper1,MAMADROID,android.support.v4.app.FragmentManagerImpl,dispatchReallyStop,android.support.v4.app.FragmentManagerImpl,moveToState
Threading,Looper1,MAMADROID,android.support.v4.app.FragmentManagerImpl,dispatchResume,android.support.v4.app.FragmentManagerImpl,moveToState
Threading,Looper1,MAMADROID,android.support.v4.app.FragmentManagerImpl,dispatchStart,android.support.v4.app.FragmentManagerImpl,moveToState
Threading,Looper1,MAMADROID,android.support.v4.app.FragmentManagerImpl,dispatchStop,android.support.v4.app.FragmentManagerImpl,moveToState
Threading,Looper1,MAMADROID,android.support.v4.app.FragmentManagerImpl,enqueueAction,android.os.Handler,post
Threading,Looper1,MAMADROID,android.support.v4.app.FragmentManagerImpl,enqueueAction,android.os.Handler,removeCallbacks
Threading,Looper1,MAMADROID,android.support.v4.app.FragmentManagerImpl,enqueueAction,android.support.v4.app.FragmentManagerImpl,checkStateLoss
Threading,Looper1,MAMADROID,android.support.v4.app.FragmentManagerImpl,enqueueAction,java.util.ArrayList,<init>
Threading,Looper1,MAMADROID,android.support.v4.app.FragmentManagerImpl,enqueueAction,java.util.ArrayList,add
Threading,Looper1,MAMADROID,android.support.v4.app.FragmentManagerImpl,enqueueAction,java.util.ArrayList,size
Threading,Looper1,MAMADROID,android.support.v4.app.FragmentManagerImpl,execPendingActions,android.os.Handler,getLooper
Threading,Looper1,MAMADROID,android.support.v4.app.FragmentManagerImpl,execPendingActions,android.os.Handler,removeCallbacks
Threading,Looper1,MAMADROID,android.support.v4.app.FragmentManagerImpl,execPendingActions,android.os.Looper,myLooper
Threading,Looper1,MAMADROID,android.support.v4.app.FragmentManagerImpl,execPendingActions,java.lang.Runnable,run
Threading,Looper1,MAMADROID,android.support.v4.app.FragmentManagerImpl,execPendingActions,java.util.ArrayList,clear
Threading,Looper1,MAMADROID,android.support.v4.app.FragmentManagerImpl,execPendingActions,java.util.ArrayList,size
Threading,Looper1,MAMADROID,android.support.v4.app.FragmentManagerImpl,execPendingActions,java.util.ArrayList,toArray
Threading,Looper1,MAMADROID,android.support.v4.app.FragmentManagerImpl,executePendingTransactions,android.support.v4.app.FragmentManagerImpl,execPendingActions
Threading,Looper1,MAMADROID,android.support.v4.app.FragmentManagerImpl,loadAnimation,android.support.v4.app.Fragment,onCreateAnimation
Threading,Looper1,MAMADROID,android.support.v4.app.FragmentManagerImpl,makeActive,android.support.v4.app.Fragment,setIndex
Threading,Looper1,MAMADROID,android.support.v4.app.FragmentManagerImpl,makeActive,java.util.ArrayList,<init>
Threading,Looper1,MAMADROID,android.support.v4.app.FragmentManagerImpl,makeActive,java.util.ArrayList,add
Threading,Looper1,MAMADROID,android.support.v4.app.FragmentManagerImpl,makeActive,java.util.ArrayList,size
Threading,Looper1,MAMADROID,android.support.v4.app.FragmentManagerImpl,makeInactive,android.support.v4.app.Fragment,initState
Threading,Looper1,MAMADROID,android.support.v4.app.FragmentManagerImpl,makeInactive,android.support.v4.app.FragmentActivity,invalidateSupportFragment
Threading,Looper1,MAMADROID,android.support.v4.app.FragmentManagerImpl,makeInactive,java.lang.Integer,valueOf
Threading,Looper1,MAMADROID,android.support.v4.app.FragmentManagerImpl,makeInactive,java.util.ArrayList,<init>
Threading,Looper1,MAMADROID,android.support.v4.app.FragmentManagerImpl,makeInactive,java.util.ArrayList,add
Threading,Looper1,MAMADROID,android.support.v4.app.FragmentManagerImpl,makeInactive,java.util.ArrayList,set
Threading,Looper1,MAMADROID,android.support.v4.app.FragmentManagerImpl,moveToState,android.app.Activity,isFinishing
Threading,Looper1,MAMADROID,android.support.v4.app.FragmentManagerImpl,moveToState,android.support.v4.app.Fragment,getLayoutInflater
Threading,Looper1,MAMADROID,android.support.v4.app.FragmentManagerImpl,moveToState,android.support.v4.app.Fragment,onAttach
Threading,Looper1,MAMADROID,android.support.v4.app.FragmentManagerImpl,moveToState,android.support.v4.app.Fragment,onDetach
Threading,Looper1,MAMADROID,android.support.v4.app.FragmentManagerImpl,moveToState,android.support.v4.app.Fragment,onViewCreated
Threading,Looper1,MAMADROID,android.support.v4.app.FragmentManagerImpl,moveToState,android.support.v4.app.Fragment,performActivityCreated
Threading,Looper1,MAMADROID,android.support.v4.app.FragmentManagerImpl,moveToState,android.support.v4.app.Fragment,performCreate
Threading,Looper1,MAMADROID,android.support.v4.app.FragmentManagerImpl,moveToState,android.support.v4.app.Fragment,performCreateView
Threading,Looper1,MAMADROID,android.support.v4.app.FragmentManagerImpl,moveToState,android.support.v4.app.Fragment,performDestroy
Threading,Looper1,MAMADROID,android.support.v4.app.FragmentManagerImpl,moveToState,android.support.v4.app.Fragment,performDestroyView
Threading,Looper1,MAMADROID,android.support.v4.app.FragmentManagerImpl,moveToState,android.support.v4.app.Fragment,performPause
Threading,Looper1,MAMADROID,android.support.v4.app.FragmentManagerImpl,moveToState,android.support.v4.app.Fragment,performReallyStop
Threading,Looper1,MAMADROID,android.support.v4.app.FragmentManagerImpl,moveToState,android.support.v4.app.Fragment,performResume
Threading,Looper1,MAMADROID,android.support.v4.app.FragmentManagerImpl,moveToState,android.support.v4.app.Fragment,performStart
Threading,Looper1,MAMADROID,android.support.v4.app.FragmentManagerImpl,moveToState,android.support.v4.app.Fragment,performStop
Threading,Looper1,MAMADROID,android.support.v4.app.FragmentManagerImpl,moveToState,android.support.v4.app.Fragment,restoreViewState
Threading,Looper1,MAMADROID,android.support.v4.app.FragmentManagerImpl,moveToState,android.support.v4.app.FragmentActivity,onAttachFragment
Threading,Looper1,MAMADROID,android.support.v4.app.FragmentManagerImpl,moveToState,android.support.v4.app.FragmentContainer,findViewById
Threading,Looper1,MAMADROID,android.support.v4.app.FragmentManagerImpl,moveToState,android.support.v4.app.FragmentManagerImpl,loadAnimation
Threading,Looper1,MAMADROID,android.support.v4.app.FragmentManagerImpl,moveToState,android.support.v4.app.FragmentManagerImpl,makeInactive
Threading,Looper1,MAMADROID,android.support.v4.app.FragmentManagerImpl,moveToState,android.support.v4.app.FragmentManagerImpl,moveToState
Threading,Looper1,MAMADROID,android.support.v4.app.FragmentManagerImpl,moveToState,android.support.v4.app.FragmentManagerImpl,startPendingDeferredFragments
Threading,Looper1,MAMADROID,android.support.v4.app.FragmentManagerImpl,moveToState,android.support.v4.app.NoSaveStateFrameLayout,wrap
Threading,Looper1,MAMADROID,android.support.v4.app.FragmentManagerImpl,moveToState,android.view.ViewGroup,addView
Threading,Looper1,MAMADROID,android.support.v4.app.FragmentManagerImpl,moveToState,android.view.ViewGroup,removeView
Threading,Looper1,MAMADROID,android.support.v4.app.FragmentManagerImpl,moveToState,java.util.ArrayList,get
Threading,Looper1,MAMADROID,android.support.v4.app.FragmentManagerImpl,moveToState,java.util.ArrayList,size
Threading,Looper1,MAMADROID,android.support.v4.app.FragmentManagerImpl,popBackStackImmediate,android.support.v4.app.FragmentManagerImpl,checkStateLoss
Threading,Looper1,MAMADROID,android.support.v4.app.FragmentManagerImpl,popBackStackImmediate,android.support.v4.app.FragmentManagerImpl,executePendingTransactions
Threading,Looper1,MAMADROID,android.support.v4.app.FragmentManagerImpl,popBackStackImmediate,android.support.v4.app.FragmentManagerImpl,popBackStackState
Threading,Looper1,MAMADROID,android.support.v4.app.FragmentManagerImpl,saveAllState,android.support.v4.app.FragmentManagerImpl,execPendingActions
Threading,Looper1,MAMADROID,android.support.v4.app.FragmentManagerImpl,saveAllState,android.support.v4.app.FragmentManagerImpl,saveFragmentBasicState
Threading,Looper1,MAMADROID,android.support.v4.app.FragmentManagerImpl,saveAllState,android.support.v4.app.FragmentManagerState,<init>
Threading,Looper1,MAMADROID,android.support.v4.app.FragmentManagerImpl,saveAllState,java.util.ArrayList,get
Threading,Looper1,MAMADROID,android.support.v4.app.FragmentManagerImpl,saveAllState,java.util.ArrayList,size
Threading,Looper1,MAMADROID,android.support.v4.app.FragmentManagerImpl,saveFragmentBasicState,android.os.BaseBundle,isEmpty
Threading,Looper1,MAMADROID,android.support.v4.app.FragmentManagerImpl,saveFragmentBasicState,android.os.Bundle,<init>
Threading,Looper1,MAMADROID,android.support.v4.app.FragmentManagerImpl,saveFragmentBasicState,android.support.v4.app.Fragment,performSaveInstanceState
Threading,Looper1,MAMADROID,android.support.v4.app.FragmentManagerImpl,saveFragmentBasicState,android.support.v4.app.FragmentManagerImpl,saveFragmentViewState
Threading,Looper1,MAMADROID,android.support.v4.app.FragmentManagerImpl,saveFragmentViewState,android.util.SparseArray,<init>
Threading,Looper1,MAMADROID,android.support.v4.app.FragmentManagerImpl,saveFragmentViewState,android.util.SparseArray,clear
Threading,Looper1,MAMADROID,android.support.v4.app.FragmentManagerImpl,saveFragmentViewState,android.util.SparseArray,size
Threading,Looper1,MAMADROID,android.support.v4.app.FragmentManagerImpl,saveFragmentViewState,android.view.View,saveHierarchyState
Threading,Looper1,MAMADROID,android.support.v4.app.FragmentManagerImpl,startPendingDeferredFragments,android.support.v4.app.FragmentManagerImpl,performPendingDeferredStart
Threading,Looper1,MAMADROID,android.support.v4.app.FragmentManagerImpl,startPendingDeferredFragments,java.util.ArrayList,get
Threading,Looper1,MAMADROID,android.support.v4.app.FragmentManagerImpl,startPendingDeferredFragments,java.util.ArrayList,size
Threading,Looper1,MAMADROID,android.support.v4.app.FragmentManagerState,writeToParcel,android.os.Parcel,writeIntArray
Threading,Looper1,MAMADROID,android.support.v4.app.FragmentManagerState,writeToParcel,android.os.Parcel,writeTypedArray
Threading,Looper1,MAMADROID,android.support.v4.app.FragmentState,<init>,java.lang.Class,getName
Threading,Looper1,MAMADROID,android.support.v4.app.FragmentState,<init>,java.lang.Object,getClass
Threading,Looper1,MAMADROID,android.support.v4.app.FragmentState,writeToParcel,android.os.Parcel,writeBundle
Threading,Looper1,MAMADROID,android.support.v4.app.FragmentState,writeToParcel,android.os.Parcel,writeInt
Threading,Looper1,MAMADROID,android.support.v4.app.FragmentState,writeToParcel,android.os.Parcel,writeString
Threading,Looper1,MAMADROID,android.support.v4.app.NavUtils,getParentActivityName,android.app.Activity,getComponentName
Threading,Looper1,MAMADROID,android.support.v4.app.NavUtils,getParentActivityName,android.content.Context,getPackageManager
Threading,Looper1,MAMADROID,android.support.v4.app.NavUtils,getParentActivityName,android.content.pm.PackageManager,getActivityInfo
Threading,Looper1,MAMADROID,android.support.v4.app.NavUtils$NavUtilsImplJB,getParentActivityName,android.support.v4.app.NavUtils$NavUtilsImplBase,getParentActivityName
Threading,Looper1,MAMADROID,android.support.v4.app.NoSaveStateFrameLayout,dispatchSaveInstanceState,android.view.ViewGroup,dispatchFreezeSelfOnly
Threading,Looper1,MAMADROID,android.support.v4.app.NoSaveStateFrameLayout,wrap,android.support.v4.app.NoSaveStateFrameLayout,<init>
Threading,Looper1,MAMADROID,android.support.v4.app.NoSaveStateFrameLayout,wrap,android.view.View,getContext
Threading,Looper1,MAMADROID,android.support.v4.app.NoSaveStateFrameLayout,wrap,android.view.View,getLayoutParams
Threading,Looper1,MAMADROID,android.support.v4.app.NoSaveStateFrameLayout,wrap,android.view.View,setLayoutParams
Threading,Looper1,MAMADROID,android.support.v4.app.NoSaveStateFrameLayout,wrap,android.view.ViewGroup,addView
Threading,Looper1,MAMADROID,android.support.v4.util.SimpleArrayMap,get,android.support.v4.util.SimpleArrayMap,indexOf
Threading,Looper1,MAMADROID,android.support.v4.util.SimpleArrayMap,get,java.lang.Object,hashCode
Threading,Looper1,MAMADROID,android.support.v4.view.MenuItemCompat,setShowAsAction,android.support.v4.internal.view.SupportMenuItem,setShowAsAction
Threading,Looper1,MAMADROID,android.support.v7.app.ActionBarActivity,getMenuInflater,android.support.v7.app.ActionBarActivityDelegate,getMenuInflater
Threading,Looper1,MAMADROID,android.support.v7.app.ActionBarActivity,onBackPressed,android.support.v4.app.FragmentActivity,onBackPressed
Threading,Looper1,MAMADROID,android.support.v7.app.ActionBarActivity,onContentChanged,android.support.v7.app.ActionBarActivityDelegate,onContentChanged
Threading,Looper1,MAMADROID,android.support.v7.app.ActionBarActivity,onCreate,android.support.v7.app.ActionBarActivityDelegate,createDelegate
Threading,Looper1,MAMADROID,android.support.v7.app.ActionBarActivity,onCreatePanelView,android.support.v7.app.ActionBarActivityDelegate,onCreatePanelView
Threading,Looper1,MAMADROID,android.support.v7.app.ActionBarActivity,onPrepareOptionsPanel,android.support.v7.app.ActionBarActivityDelegate,onPrepareOptionsPanel
Threading,Looper1,MAMADROID,android.support.v7.app.ActionBarActivity,onPreparePanel,android.support.v7.app.ActionBarActivityDelegate,onPreparePanel
Threading,Looper1,MAMADROID,android.support.v7.app.ActionBarActivity,onTitleChanged,android.app.Activity,onTitleChanged
Threading,Looper1,MAMADROID,android.support.v7.app.ActionBarActivity,setContentView,android.support.v7.app.ActionBarActivityDelegate,setContentView
Threading,Looper1,MAMADROID,android.support.v7.app.ActionBarActivity,superOnCreatePanelMenu,android.support.v4.app.FragmentActivity,onCreatePanelMenu
Threading,Looper1,MAMADROID,android.support.v7.app.ActionBarActivity,superOnMenuItemSelected,android.support.v4.app.FragmentActivity,onMenuItemSelected
Threading,Looper1,MAMADROID,android.support.v7.app.ActionBarActivity,superOnPrepareOptionsPanel,android.support.v4.app.FragmentActivity,onPrepareOptionsPanel
Threading,Looper1,MAMADROID,android.support.v7.app.ActionBarActivity,superOnPreparePanel,android.support.v4.app.FragmentActivity,onPreparePanel
Threading,Looper1,MAMADROID,android.support.v7.app.ActionBarActivity,superSetContentView,android.app.Activity,setContentView
Threading,Looper1,MAMADROID,android.support.v7.app.ActionBarActivityDelegate,createDelegate,android.support.v7.app.ActionBarActivityDelegateJBMR2,<init>
Threading,Looper1,MAMADROID,android.support.v7.app.ActionBarActivityDelegate,getActionBarThemedContext,android.support.v7.app.ActionBar,getThemedContext
Threading,Looper1,MAMADROID,android.support.v7.app.ActionBarActivityDelegate,getActionBarThemedContext,android.support.v7.app.ActionBarActivityDelegate,getSupportActionBar
Threading,Looper1,MAMADROID,android.support.v7.app.ActionBarActivityDelegate,getMenuInflater,android.support.v7.app.ActionBarActivityDelegate,getActionBarThemedContext
Threading,Looper1,MAMADROID,android.support.v7.app.ActionBarActivityDelegate,getMenuInflater,android.support.v7.internal.view.SupportMenuInflater,<init>
Threading,Looper1,MAMADROID,android.support.v7.app.ActionBarActivityDelegate,getSupportActionBar,android.support.v7.app.ActionBarActivityDelegate,createSupportActionBar
Threading,Looper1,MAMADROID,android.support.v7.app.ActionBarActivityDelegate,getUiOptionsFromMetadata,android.app.Activity,getComponentName
Threading,Looper1,MAMADROID,android.support.v7.app.ActionBarActivityDelegate,getUiOptionsFromMetadata,android.content.ContextWrapper,getPackageManager
Threading,Looper1,MAMADROID,android.support.v7.app.ActionBarActivityDelegate,getUiOptionsFromMetadata,android.content.pm.PackageManager,getActivityInfo
Threading,Looper1,MAMADROID,android.support.v7.app.ActionBarActivityDelegate,onCreate,android.content.Context,obtainStyledAttributes
Threading,Looper1,MAMADROID,android.support.v7.app.ActionBarActivityDelegate,onCreate,android.content.res.TypedArray,getBoolean
Threading,Looper1,MAMADROID,android.support.v7.app.ActionBarActivityDelegate,onCreate,android.content.res.TypedArray,hasValue
Threading,Looper1,MAMADROID,android.support.v7.app.ActionBarActivityDelegate,onCreate,android.content.res.TypedArray,recycle
Threading,Looper1,MAMADROID,android.support.v7.app.ActionBarActivityDelegate,onCreate,android.support.v4.app.NavUtils,getParentActivityName
Threading,Looper1,MAMADROID,android.support.v7.app.ActionBarActivityDelegate,onPrepareOptionsPanel,android.support.v7.app.ActionBarActivity,superOnPrepareOptionsPanel
Threading,Looper1,MAMADROID,android.support.v7.app.ActionBarActivityDelegateICS,createWindowCallbackWrapper,android.support.v7.app.ActionBarActivityDelegateICS$WindowCallbackWrapper,<init>
Threading,Looper1,MAMADROID,android.support.v7.app.ActionBarActivityDelegateICS,onContentChanged,android.support.v7.app.ActionBarActivity,onSupportContentChanged
Threading,Looper1,MAMADROID,android.support.v7.app.ActionBarActivityDelegateICS,onCreate,android.app.Activity,getWindow
Threading,Looper1,MAMADROID,android.support.v7.app.ActionBarActivityDelegateICS,onCreate,android.app.Activity,requestWindowFeature
Threading,Looper1,MAMADROID,android.support.v7.app.ActionBarActivityDelegateICS,onCreate,android.support.v7.app.ActionBarActivityDelegate,getUiOptionsFromMetadata
Threading,Looper1,MAMADROID,android.support.v7.app.ActionBarActivityDelegateICS,onCreate,android.support.v7.app.ActionBarActivityDelegateICS,createWindowCallbackWrapper
Threading,Looper1,MAMADROID,android.support.v7.app.ActionBarActivityDelegateICS,onCreate,android.view.Window,getCallback
Threading,Looper1,MAMADROID,android.support.v7.app.ActionBarActivityDelegateICS,onCreate,android.view.Window,setCallback
Threading,Looper1,MAMADROID,android.support.v7.app.ActionBarActivityDelegateICS,onCreate,java.lang.String,equals
Threading,Looper1,MAMADROID,android.support.v7.app.ActionBarActivityDelegateICS,onCreatePanelMenu,android.support.v7.app.ActionBarActivity,superOnCreatePanelMenu
Threading,Looper1,MAMADROID,android.support.v7.app.ActionBarActivityDelegateICS,onCreatePanelMenu,android.support.v7.internal.view.menu.MenuWrapperFactory,createMenuWrapper
Threading,Looper1,MAMADROID,android.support.v7.app.ActionBarActivityDelegateICS,onMenuItemSelected,android.support.v7.app.ActionBarActivity,superOnMenuItemSelected
Threading,Looper1,MAMADROID,android.support.v7.app.ActionBarActivityDelegateICS,onMenuItemSelected,android.support.v7.internal.view.menu.MenuWrapperFactory,createMenuItemWrapper
Threading,Looper1,MAMADROID,android.support.v7.app.ActionBarActivityDelegateICS,onPreparePanel,android.support.v7.app.ActionBarActivity,superOnPreparePanel
Threading,Looper1,MAMADROID,android.support.v7.app.ActionBarActivityDelegateICS,setContentView,android.support.v7.app.ActionBarActivity,superSetContentView
Threading,Looper1,MAMADROID,android.support.v7.app.ActionBarActivityDelegateICS$WindowCallbackWrapper,dispatchKeyEvent,android.view.Window$Callback,dispatchKeyEvent
Threading,Looper1,MAMADROID,android.support.v7.app.ActionBarActivityDelegateICS$WindowCallbackWrapper,dispatchTouchEvent,android.view.Window$Callback,dispatchTouchEvent
Threading,Looper1,MAMADROID,android.support.v7.app.ActionBarActivityDelegateICS$WindowCallbackWrapper,dispatchTrackballEvent,android.view.Window$Callback,dispatchTrackballEvent
Threading,Looper1,MAMADROID,android.support.v7.app.ActionBarActivityDelegateICS$WindowCallbackWrapper,onAttachedToWindow,android.view.Window$Callback,onAttachedToWindow
Threading,Looper1,MAMADROID,android.support.v7.app.ActionBarActivityDelegateICS$WindowCallbackWrapper,onDetachedFromWindow,android.view.Window$Callback,onDetachedFromWindow
Threading,Looper1,MAMADROID,android.support.v7.app.ActionBarActivityDelegateICS$WindowCallbackWrapper,onMenuOpened,android.view.Window$Callback,onMenuOpened
Threading,Looper1,MAMADROID,android.support.v7.app.ActionBarActivityDelegateICS$WindowCallbackWrapper,onWindowAttributesChanged,android.view.Window$Callback,onWindowAttributesChanged
Threading,Looper1,MAMADROID,android.support.v7.app.ActionBarActivityDelegateICS$WindowCallbackWrapper,onWindowFocusChanged,android.view.Window$Callback,onWindowFocusChanged
Threading,Looper1,MAMADROID,android.support.v7.app.ActionBarActivityDelegateJBMR2,createSupportActionBar,android.support.v7.app.ActionBarImplJBMR2,<init>
Threading,Looper1,MAMADROID,android.support.v7.app.ActionBarImplICS,<init>,android.app.Activity,getActionBar
Threading,Looper1,MAMADROID,android.support.v7.app.ActionBarImplICS,getThemedContext,android.app.ActionBar,getThemedContext
Threading,Looper1,MAMADROID,android.support.v7.internal.view.SupportMenuInflater,inflate,android.content.Context,getResources
Threading,Looper1,MAMADROID,android.support.v7.internal.view.SupportMenuInflater,inflate,android.content.res.Resources,getLayout
Threading,Looper1,MAMADROID,android.support.v7.internal.view.SupportMenuInflater,inflate,android.content.res.XmlResourceParser,close
Threading,Looper1,MAMADROID,android.support.v7.internal.view.SupportMenuInflater,inflate,android.support.v7.internal.view.SupportMenuInflater,parseMenu
Threading,Looper1,MAMADROID,android.support.v7.internal.view.SupportMenuInflater,inflate,android.util.Xml,asAttributeSet
Threading,Looper1,MAMADROID,android.support.v7.internal.view.SupportMenuInflater,parseMenu,android.support.v7.internal.view.SupportMenuInflater$MenuState,<init>
Threading,Looper1,MAMADROID,android.support.v7.internal.view.SupportMenuInflater,parseMenu,android.support.v7.internal.view.SupportMenuInflater$MenuState,access$000
Threading,Looper1,MAMADROID,android.support.v7.internal.view.SupportMenuInflater,parseMenu,android.support.v7.internal.view.SupportMenuInflater$MenuState,addItem
Threading,Looper1,MAMADROID,android.support.v7.internal.view.SupportMenuInflater,parseMenu,android.support.v7.internal.view.SupportMenuInflater$MenuState,hasAddedItem
Threading,Looper1,MAMADROID,android.support.v7.internal.view.SupportMenuInflater,parseMenu,android.support.v7.internal.view.SupportMenuInflater$MenuState,readItem
Threading,Looper1,MAMADROID,android.support.v7.internal.view.SupportMenuInflater,parseMenu,java.lang.String,equals
Threading,Looper1,MAMADROID,android.support.v7.internal.view.SupportMenuInflater,parseMenu,org.xmlpull.v1.XmlPullParser,getEventType
Threading,Looper1,MAMADROID,android.support.v7.internal.view.SupportMenuInflater,parseMenu,org.xmlpull.v1.XmlPullParser,getName
Threading,Looper1,MAMADROID,android.support.v7.internal.view.SupportMenuInflater,parseMenu,org.xmlpull.v1.XmlPullParser,next
Threading,Looper1,MAMADROID,android.support.v7.internal.view.SupportMenuInflater$MenuState,<init>,android.support.v7.internal.view.SupportMenuInflater$MenuState,resetGroup
Threading,Looper1,MAMADROID,android.support.v7.internal.view.SupportMenuInflater$MenuState,addItem,android.support.v7.internal.view.SupportMenuInflater$MenuState,setItem
Threading,Looper1,MAMADROID,android.support.v7.internal.view.SupportMenuInflater$MenuState,addItem,android.view.Menu,add
Threading,Looper1,MAMADROID,android.support.v7.internal.view.SupportMenuInflater$MenuState,readItem,android.content.Context,obtainStyledAttributes
Threading,Looper1,MAMADROID,android.support.v7.internal.view.SupportMenuInflater$MenuState,readItem,android.content.res.TypedArray,getBoolean
Threading,Looper1,MAMADROID,android.support.v7.internal.view.SupportMenuInflater$MenuState,readItem,android.content.res.TypedArray,getInt
Threading,Looper1,MAMADROID,android.support.v7.internal.view.SupportMenuInflater$MenuState,readItem,android.content.res.TypedArray,getResourceId
Threading,Looper1,MAMADROID,android.support.v7.internal.view.SupportMenuInflater$MenuState,readItem,android.content.res.TypedArray,getString
Threading,Looper1,MAMADROID,android.support.v7.internal.view.SupportMenuInflater$MenuState,readItem,android.content.res.TypedArray,getText
Threading,Looper1,MAMADROID,android.support.v7.internal.view.SupportMenuInflater$MenuState,readItem,android.content.res.TypedArray,hasValue
Threading,Looper1,MAMADROID,android.support.v7.internal.view.SupportMenuInflater$MenuState,readItem,android.content.res.TypedArray,recycle
Threading,Looper1,MAMADROID,android.support.v7.internal.view.SupportMenuInflater$MenuState,readItem,android.support.v7.internal.view.SupportMenuInflater,access$100
Threading,Looper1,MAMADROID,android.support.v7.internal.view.SupportMenuInflater$MenuState,readItem,android.support.v7.internal.view.SupportMenuInflater$MenuState,getShortcut
Threading,Looper1,MAMADROID,android.support.v7.internal.view.SupportMenuInflater$MenuState,setItem,android.support.v4.view.MenuItemCompat,setShowAsAction
Threading,Looper1,MAMADROID,android.support.v7.internal.view.SupportMenuInflater$MenuState,setItem,android.view.MenuItem,setAlphabeticShortcut
Threading,Looper1,MAMADROID,android.support.v7.internal.view.SupportMenuInflater$MenuState,setItem,android.view.MenuItem,setCheckable
Threading,Looper1,MAMADROID,android.support.v7.internal.view.SupportMenuInflater$MenuState,setItem,android.view.MenuItem,setChecked
Threading,Looper1,MAMADROID,android.support.v7.internal.view.SupportMenuInflater$MenuState,setItem,android.view.MenuItem,setEnabled
Threading,Looper1,MAMADROID,android.support.v7.internal.view.SupportMenuInflater$MenuState,setItem,android.view.MenuItem,setIcon
Threading,Looper1,MAMADROID,android.support.v7.internal.view.SupportMenuInflater$MenuState,setItem,android.view.MenuItem,setNumericShortcut
Threading,Looper1,MAMADROID,android.support.v7.internal.view.SupportMenuInflater$MenuState,setItem,android.view.MenuItem,setTitleCondensed
Threading,Looper1,MAMADROID,android.support.v7.internal.view.SupportMenuInflater$MenuState,setItem,android.view.MenuItem,setVisible
Threading,Looper1,MAMADROID,android.support.v7.internal.view.menu.BaseMenuWrapper,getMenuItemWrapper,android.support.v7.internal.view.menu.MenuWrapperFactory,createSupportMenuItemWrapper
Threading,Looper1,MAMADROID,android.support.v7.internal.view.menu.BaseMenuWrapper,getMenuItemWrapper,java.util.HashMap,<init>
Threading,Looper1,MAMADROID,android.support.v7.internal.view.menu.BaseMenuWrapper,getMenuItemWrapper,java.util.HashMap,get
Threading,Looper1,MAMADROID,android.support.v7.internal.view.menu.BaseMenuWrapper,getMenuItemWrapper,java.util.HashMap,put
Threading,Looper1,MAMADROID,android.support.v7.internal.view.menu.MenuItemWrapperICS,<init>,android.view.MenuItem,isVisible
Threading,Looper1,MAMADROID,android.support.v7.internal.view.menu.MenuItemWrapperICS,getItemId,android.view.MenuItem,getItemId
Threading,Looper1,MAMADROID,android.support.v7.internal.view.menu.MenuItemWrapperICS,getTitleCondensed,android.view.MenuItem,getTitleCondensed
Threading,Looper1,MAMADROID,android.support.v7.internal.view.menu.MenuItemWrapperICS,setChecked,android.view.MenuItem,setChecked
Threading,Looper1,MAMADROID,android.support.v7.internal.view.menu.MenuItemWrapperICS,setVisible,android.support.v7.internal.view.menu.MenuItemWrapperICS,wrappedSetVisible
Threading,Looper1,MAMADROID,android.support.v7.internal.view.menu.MenuItemWrapperICS,wrappedSetVisible,android.view.MenuItem,setVisible
Threading,Looper1,MAMADROID,android.support.v7.internal.view.menu.MenuWrapperFactory,createMenuItemWrapper,android.support.v7.internal.view.menu.MenuItemWrapperJB,<init>
Threading,Looper1,MAMADROID,android.support.v7.internal.view.menu.MenuWrapperFactory,createMenuWrapper,android.support.v7.internal.view.menu.MenuWrapperICS,<init>
Threading,Looper1,MAMADROID,android.support.v7.internal.view.menu.MenuWrapperFactory,createSupportMenuItemWrapper,android.support.v7.internal.view.menu.MenuItemWrapperJB,<init>
Threading,Looper1,MAMADROID,android.support.v7.internal.view.menu.MenuWrapperICS,add,android.support.v7.internal.view.menu.BaseMenuWrapper,getMenuItemWrapper
Threading,Looper1,MAMADROID,android.support.v7.internal.view.menu.MenuWrapperICS,add,android.view.Menu,add
Threading,Looper1,MAMADROID,de.ecspride.MainActivity,onCreate,android.content.Context,getSystemService
Threading,Looper1,MAMADROID,de.ecspride.MainActivity,onCreate,android.support.v4.app.FragmentManager,beginTransaction
Threading,Looper1,MAMADROID,de.ecspride.MainActivity,onCreate,android.support.v4.app.FragmentTransaction,add
Threading,Looper1,MAMADROID,de.ecspride.MainActivity,onCreate,android.support.v4.app.FragmentTransaction,commit
Threading,Looper1,MAMADROID,de.ecspride.MainActivity,onCreate,android.telephony.TelephonyManager,getDeviceId
Threading,Looper1,MAMADROID,de.ecspride.MainActivity,onCreateOptionsMenu,android.view.MenuInflater,inflate
Threading,Looper1,MAMADROID,de.ecspride.MainActivity,onOptionsItemSelected,android.view.MenuItem,getItemId
Threading,Looper1,MAMADROID,de.ecspride.MainActivity$PlaceholderFragment,onCreateView,android.view.LayoutInflater,inflate
Threading,Looper1,NATIDROID,android.support.v4.app.FragmentActivity,onCreate,android.view.LayoutInflater,getFactory
Threading,Looper1,NATIDROID,android.support.v4.app.FragmentActivity,onCreate,android.view.LayoutInflater,setFactory
Threading,Looper1,NATIDROID,android.support.v4.app.NavUtils,getParentActivityName,android.content.pm.PackageManager,getActivityInfo
Threading,Looper1,NATIDROID,android.support.v7.app.ActionBarActivityDelegate,getUiOptionsFromMetadata,android.content.pm.PackageManager,getActivityInfo
Threading,Looper1,NATIDROID,android.support.v7.app.ActionBarActivityDelegateICS,onCreate,android.view.Window,getCallback
Threading,Looper1,NATIDROID,android.support.v7.app.ActionBarActivityDelegateICS,onCreate,android.view.Window,setCallback
Threading,Looper1,NATIDROID,android.support.v7.internal.view.SupportMenuInflater,inflate,android.content.res.XmlResourceParser,close
Threading,Looper1,NATIDROID,android.support.v7.internal.view.SupportMenuInflater,parseMenu,org.xmlpull.v1.XmlPullParser,getEventType
Threading,Looper1,NATIDROID,android.support.v7.internal.view.SupportMenuInflater,parseMenu,org.xmlpull.v1.XmlPullParser,getName
Threading,Looper1,NATIDROID,android.support.v7.internal.view.SupportMenuInflater,parseMenu,org.xmlpull.v1.XmlPullParser,next
Threading,Looper1,NATIDROID,de.ecspride.MainActivity$PlaceholderFragment,onCreateView,android.view.LayoutInflater,inflate
