stem,category,package,launcher_activity,apk_path,dynamic_graph_path,dynamic_log_path,status,call_lines,unique_edges,events,throttle_ms,attempts_for_stem,started_at,finished_at,selection_rule
1VPN_v2.0.8_APKPure,,,,,/local-storage/RESEARCH/APKPURE_ANALYSIS/APKPURE_DYNAMIC_ANALYSIS/RESULT/graphs/1VPN_v2.0.8_APKPure_dynamic_callgraph.txt,,graph_only,,,,,0,,,graph present in graph-corpus stem list but no matching row in summary_dynamic.csv
4K Wallpapers_3.20.51_APKPure,,,,,/local-storage/RESEARCH/APKPURE_ANALYSIS/APKPURE_DYNAMIC_ANALYSIS/RESULT/graphs/4K Wallpapers_3.20.51_APKPure_dynamic_callgraph.txt,,graph_only,,,,,0,,,graph present in graph-corpus stem list but no matching row in summary_dynamic.csv
88 Shopee Live Fashion Week_3.54.23_APKPure,shopping,com.shopee.my,com.shopee.app.ui.home.HomeActivity_,/local/APKPURE_DYNAMIC_ANALYSIS/ARTIFACTS/APKPURE_APKS/shopping/88 Shopee Live Fashion Week_3.54.23_APKPure.xapk,/local-storage/RESEARCH/APKPURE_ANALYSIS/APKPURE_DYNAMIC_ANALYSIS/RESULT/graphs/88 Shopee Live Fashion Week_3.54.23_APKPure_dynamic_callgraph.txt,/local-storage/RESEARCH/APKPURE_ANALYSIS/APKPURE_DYNAMIC_ANALYSIS/RESULT/logs/88 Shopee Live Fashion Week_3.54.23_APKPure.log,ok,206942,13561,5000,0,6,2026-04-11T14:41:42,2026-04-11T15:16:29,"status(ok>skipped_existing>error), unique_edges desc, call_lines desc, latest finished_at"
ABC NEWS_2025.07.10895_APKPure,,,,,/local-storage/RESEARCH/APKPURE_ANALYSIS/APKPURE_DYNAMIC_ANALYSIS/RESULT/graphs/ABC NEWS_2025.07.10895_APKPure_dynamic_callgraph.txt,,graph_only,,,,,0,,,graph present in graph-corpus stem list but no matching row in summary_dynamic.csv
AI Diary - Diary with Gen AI_5.00.1_APKPure,,,,,/local-storage/RESEARCH/APKPURE_ANALYSIS/APKPURE_DYNAMIC_ANALYSIS/RESULT/graphs/AI Diary - Diary with Gen AI_5.00.1_APKPure_dynamic_callgraph.txt,,graph_only,,,,,0,,,graph present in graph-corpus stem list but no matching row in summary_dynamic.csv
AI GPS Navigation  Maps_3.20.51_APKPure,,,,,/local-storage/RESEARCH/APKPURE_ANALYSIS/APKPURE_DYNAMIC_ANALYSIS/RESULT/graphs/AI GPS Navigation  Maps_3.20.51_APKPure_dynamic_callgraph.txt,,graph_only,,,,,0,,,graph present in graph-corpus stem list but no matching row in summary_dynamic.csv
AI Interior_1.0.19_APKPure,,,,,/local-storage/RESEARCH/APKPURE_ANALYSIS/APKPURE_DYNAMIC_ANALYSIS/RESULT/graphs/AI Interior_1.0.19_APKPure_dynamic_callgraph.txt,,graph_only,,,,,0,,,graph present in graph-corpus stem list but no matching row in summary_dynamic.csv
AI NoteBook  Memos - Tryty_1.0.7_APKPure,,,,,/local-storage/RESEARCH/APKPURE_ANALYSIS/APKPURE_DYNAMIC_ANALYSIS/RESULT/graphs/AI NoteBook  Memos - Tryty_1.0.7_APKPure_dynamic_callgraph.txt,,graph_only,,,,,0,,,graph present in graph-corpus stem list but no matching row in summary_dynamic.csv
AI Voice Changer_1.0.0_APKPure,,,,,/local-storage/RESEARCH/APKPURE_ANALYSIS/APKPURE_DYNAMIC_ANALYSIS/RESULT/graphs/AI Voice Changer_1.0.0_APKPure_dynamic_callgraph.txt,,graph_only,,,,,0,,,graph present in graph-corpus stem list but no matching row in summary_dynamic.csv
ASES 365_4.0.3_APKPure,,,,,/local-storage/RESEARCH/APKPURE_ANALYSIS/APKPURE_DYNAMIC_ANALYSIS/RESULT/graphs/ASES 365_4.0.3_APKPure_dynamic_callgraph.txt,,graph_only,,,,,0,,,graph present in graph-corpus stem list but no matching row in summary_dynamic.csv
ATON Line_3.4.1_APKPure,,,,,/local-storage/RESEARCH/APKPURE_ANALYSIS/APKPURE_DYNAMIC_ANALYSIS/RESULT/graphs/ATON Line_3.4.1_APKPure_dynamic_callgraph.txt,,graph_only,,,,,0,,,graph present in graph-corpus stem list but no matching row in summary_dynamic.csv
AURA VINDEX_4.3.1_APKPure,,,,,/local-storage/RESEARCH/APKPURE_ANALYSIS/APKPURE_DYNAMIC_ANALYSIS/RESULT/graphs/AURA VINDEX_4.3.1_APKPure_dynamic_callgraph.txt,,graph_only,,,,,0,,,graph present in graph-corpus stem list but no matching row in summary_dynamic.csv
Academia JC_2.0.812_APKPure,,,,,/local-storage/RESEARCH/APKPURE_ANALYSIS/APKPURE_DYNAMIC_ANALYSIS/RESULT/graphs/Academia JC_2.0.812_APKPure_dynamic_callgraph.txt,,graph_only,,,,,0,,,graph present in graph-corpus stem list but no matching row in summary_dynamic.csv
Activate Locate_1.3.6_APKPure,,,,,/local-storage/RESEARCH/APKPURE_ANALYSIS/APKPURE_DYNAMIC_ANALYSIS/RESULT/graphs/Activate Locate_1.3.6_APKPure_dynamic_callgraph.txt,,graph_only,,,,,0,,,graph present in graph-corpus stem list but no matching row in summary_dynamic.csv
Afore SURA_3.0.62_APKPure,,,,,/local-storage/RESEARCH/APKPURE_ANALYSIS/APKPURE_DYNAMIC_ANALYSIS/RESULT/graphs/Afore SURA_3.0.62_APKPure_dynamic_callgraph.txt,,graph_only,,,,,0,,,graph present in graph-corpus stem list but no matching row in summary_dynamic.csv
Ai Khodijah Sholawat 2025_3.20.51_APKPure,,,,,/local-storage/RESEARCH/APKPURE_ANALYSIS/APKPURE_DYNAMIC_ANALYSIS/RESULT/graphs/Ai Khodijah Sholawat 2025_3.20.51_APKPure_dynamic_callgraph.txt,,graph_only,,,,,0,,,graph present in graph-corpus stem list but no matching row in summary_dynamic.csv
Akal ELD for CMV_6.4.5.0_APKPure,,,,,/local-storage/RESEARCH/APKPURE_ANALYSIS/APKPURE_DYNAMIC_ANALYSIS/RESULT/graphs/Akal ELD for CMV_6.4.5.0_APKPure_dynamic_callgraph.txt,,graph_only,,,,,0,,,graph present in graph-corpus stem list but no matching row in summary_dynamic.csv
AlamAldrama_3.20.51_APKPure,,,,,/local-storage/RESEARCH/APKPURE_ANALYSIS/APKPURE_DYNAMIC_ANALYSIS/RESULT/graphs/AlamAldrama_3.20.51_APKPure_dynamic_callgraph.txt,,graph_only,,,,,0,,,graph present in graph-corpus stem list but no matching row in summary_dynamic.csv
AlfredCamera_2025.14.1_APKPure,,,,,/local-storage/RESEARCH/APKPURE_ANALYSIS/APKPURE_DYNAMIC_ANALYSIS/RESULT/graphs/AlfredCamera_2025.14.1_APKPure_dynamic_callgraph.txt,,graph_only,,,,,0,,,graph present in graph-corpus stem list but no matching row in summary_dynamic.csv
All Countries_2.0.2.6_APKPure,,,,,/local-storage/RESEARCH/APKPURE_ANALYSIS/APKPURE_DYNAMIC_ANALYSIS/RESULT/graphs/All Countries_2.0.2.6_APKPure_dynamic_callgraph.txt,,graph_only,,,,,0,,,graph present in graph-corpus stem list but no matching row in summary_dynamic.csv
Alpha_1.4.8_APKPure,,,,,/local-storage/RESEARCH/APKPURE_ANALYSIS/APKPURE_DYNAMIC_ANALYSIS/RESULT/graphs/Alpha_1.4.8_APKPure_dynamic_callgraph.txt,,graph_only,,,,,0,,,graph present in graph-corpus stem list but no matching row in summary_dynamic.csv
American Airlines_2025.23_APKPure,,,,,/local-storage/RESEARCH/APKPURE_ANALYSIS/APKPURE_DYNAMIC_ANALYSIS/RESULT/graphs/American Airlines_2025.23_APKPure_dynamic_callgraph.txt,,graph_only,,,,,0,,,graph present in graph-corpus stem list but no matching row in summary_dynamic.csv
Amo Fast  Easy Cab Rides_1.0.1_APKPure,,,,,/local-storage/RESEARCH/APKPURE_ANALYSIS/APKPURE_DYNAMIC_ANALYSIS/RESULT/graphs/Amo Fast  Easy Cab Rides_1.0.1_APKPure_dynamic_callgraph.txt,,graph_only,,,,,0,,,graph present in graph-corpus stem list but no matching row in summary_dynamic.csv
Anaesthesia Logbook-Log4ASLite_3.3.1_APKPure,,,,,/local-storage/RESEARCH/APKPURE_ANALYSIS/APKPURE_DYNAMIC_ANALYSIS/RESULT/graphs/Anaesthesia Logbook-Log4ASLite_3.3.1_APKPure_dynamic_callgraph.txt,,graph_only,,,,,0,,,graph present in graph-corpus stem list but no matching row in summary_dynamic.csv
Anatomy Learning_3.1.467_APKPure,,,,,/local-storage/RESEARCH/APKPURE_ANALYSIS/APKPURE_DYNAMIC_ANALYSIS/RESULT/graphs/Anatomy Learning_3.1.467_APKPure_dynamic_callgraph.txt,,graph_only,,,,,0,,,graph present in graph-corpus stem list but no matching row in summary_dynamic.csv
Anfac_1.2.6_APKPure,shopping,com.bilantec.anfac,com.bilantec.anfac.MainActivity,/local/APKPURE_DYNAMIC_ANALYSIS/ARTIFACTS/APKPURE_APKS/shopping/Anfac_1.2.6_APKPure.xapk,/local-storage/RESEARCH/APKPURE_ANALYSIS/APKPURE_DYNAMIC_ANALYSIS/RESULT/graphs/Anfac_1.2.6_APKPure_dynamic_callgraph.txt,/local-storage/RESEARCH/APKPURE_ANALYSIS/APKPURE_DYNAMIC_ANALYSIS/RESULT/logs/Anfac_1.2.6_APKPure.log,ok,3431,3431,5000,0,2,2026-04-11T15:25:49,2026-04-11T15:28:36,"status(ok>skipped_existing>error), unique_edges desc, call_lines desc, latest finished_at"
ApoGuidede_3.2.3_APKPure,,,,,/local-storage/RESEARCH/APKPURE_ANALYSIS/APKPURE_DYNAMIC_ANALYSIS/RESULT/graphs/ApoGuidede_3.2.3_APKPure_dynamic_callgraph.txt,,graph_only,,,,,0,,,graph present in graph-corpus stem list but no matching row in summary_dynamic.csv
AppSegreteria Telefonica_2.8.0_APKPure,,,,,/local-storage/RESEARCH/APKPURE_ANALYSIS/APKPURE_DYNAMIC_ANALYSIS/RESULT/graphs/AppSegreteria Telefonica_2.8.0_APKPure_dynamic_callgraph.txt,,graph_only,,,,,0,,,graph present in graph-corpus stem list but no matching row in summary_dynamic.csv
Aqui Anúncios_0.5.5_APKPure,shopping,lkz.aquianuncios,lkz.aquianuncios.MainActivity,/local/APKPURE_DYNAMIC_ANALYSIS/ARTIFACTS/APKPURE_APKS/shopping/Aqui Anúncios_0.5.5_APKPure.xapk,/local-storage/RESEARCH/APKPURE_ANALYSIS/APKPURE_DYNAMIC_ANALYSIS/RESULT/graphs/Aqui Anúncios_0.5.5_APKPure_dynamic_callgraph.txt,/local-storage/RESEARCH/APKPURE_ANALYSIS/APKPURE_DYNAMIC_ANALYSIS/RESULT/logs/Aqui Anúncios_0.5.5_APKPure.log,ok,24824,24810,5000,0,2,2026-04-11T15:28:36,2026-04-11T15:40:45,"status(ok>skipped_existing>error), unique_edges desc, call_lines desc, latest finished_at"
BBC_9.0.4.1_APKPure,,,,,/local-storage/RESEARCH/APKPURE_ANALYSIS/APKPURE_DYNAMIC_ANALYSIS/RESULT/graphs/BBC_9.0.4.1_APKPure_dynamic_callgraph.txt,,graph_only,,,,,0,,,graph present in graph-corpus stem list but no matching row in summary_dynamic.csv
BBCodes for AnySoftKeyboard_5.1.101_APKPure,,,,,/local-storage/RESEARCH/APKPURE_ANALYSIS/APKPURE_DYNAMIC_ANALYSIS/RESULT/graphs/BBCodes for AnySoftKeyboard_5.1.101_APKPure_dynamic_callgraph.txt,,graph_only,,,,,0,,,graph present in graph-corpus stem list but no matching row in summary_dynamic.csv
BCADirecto Mobile_1.0.11_APKPure,,,,,/local-storage/RESEARCH/APKPURE_ANALYSIS/APKPURE_DYNAMIC_ANALYSIS/RESULT/graphs/BCADirecto Mobile_1.0.11_APKPure_dynamic_callgraph.txt,,graph_only,,,,,0,,,graph present in graph-corpus stem list but no matching row in summary_dynamic.csv
BFit App_3.5.12_APKPure,,,,,/local-storage/RESEARCH/APKPURE_ANALYSIS/APKPURE_DYNAMIC_ANALYSIS/RESULT/graphs/BFit App_3.5.12_APKPure_dynamic_callgraph.txt,,graph_only,,,,,0,,,graph present in graph-corpus stem list but no matching row in summary_dynamic.csv
BMS DIGIT_3.1.1_APKPure,,,,,/local-storage/RESEARCH/APKPURE_ANALYSIS/APKPURE_DYNAMIC_ANALYSIS/RESULT/graphs/BMS DIGIT_3.1.1_APKPure_dynamic_callgraph.txt,,graph_only,,,,,0,,,graph present in graph-corpus stem list but no matching row in summary_dynamic.csv
BNF_v3.2.21_APKPure,,,,,/local-storage/RESEARCH/APKPURE_ANALYSIS/APKPURE_DYNAMIC_ANALYSIS/RESULT/graphs/BNF_v3.2.21_APKPure_dynamic_callgraph.txt,,graph_only,,,,,0,,,graph present in graph-corpus stem list but no matching row in summary_dynamic.csv
BTV Plus_25.07.21_APKPure,,,,,/local-storage/RESEARCH/APKPURE_ANALYSIS/APKPURE_DYNAMIC_ANALYSIS/RESULT/graphs/BTV Plus_25.07.21_APKPure_dynamic_callgraph.txt,,graph_only,,,,,0,,,graph present in graph-corpus stem list but no matching row in summary_dynamic.csv
Baby Hug_3.20.51_APKPure,,,,,/local-storage/RESEARCH/APKPURE_ANALYSIS/APKPURE_DYNAMIC_ANALYSIS/RESULT/graphs/Baby Hug_3.20.51_APKPure_dynamic_callgraph.txt,,graph_only,,,,,0,,,graph present in graph-corpus stem list but no matching row in summary_dynamic.csv
Baby Sleep Sounds_3.20.51_APKPure,,,,,/local-storage/RESEARCH/APKPURE_ANALYSIS/APKPURE_DYNAMIC_ANALYSIS/RESULT/graphs/Baby Sleep Sounds_3.20.51_APKPure_dynamic_callgraph.txt,,graph_only,,,,,0,,,graph present in graph-corpus stem list but no matching row in summary_dynamic.csv
Barcelona Metro Map 2025_3.20.51_APKPure,,,,,/local-storage/RESEARCH/APKPURE_ANALYSIS/APKPURE_DYNAMIC_ANALYSIS/RESULT/graphs/Barcelona Metro Map 2025_3.20.51_APKPure_dynamic_callgraph.txt,,graph_only,,,,,0,,,graph present in graph-corpus stem list but no matching row in summary_dynamic.csv
Barcode Scanner_5.0.15 (216)_APKPure,,,,,/local-storage/RESEARCH/APKPURE_ANALYSIS/APKPURE_DYNAMIC_ANALYSIS/RESULT/graphs/Barcode Scanner_5.0.15 (216)_APKPure_dynamic_callgraph.txt,,graph_only,,,,,0,,,graph present in graph-corpus stem list but no matching row in summary_dynamic.csv
Beşiktaş Duvar Kağıtları_3.20.51_APKPure,,,,,/local-storage/RESEARCH/APKPURE_ANALYSIS/APKPURE_DYNAMIC_ANALYSIS/RESULT/graphs/Beşiktaş Duvar Kağıtları_3.20.51_APKPure_dynamic_callgraph.txt,,graph_only,,,,,0,,,graph present in graph-corpus stem list but no matching row in summary_dynamic.csv
Bible app Verse of the day_3.20.51_APKPure,,,,,/local-storage/RESEARCH/APKPURE_ANALYSIS/APKPURE_DYNAMIC_ANALYSIS/RESULT/graphs/Bible app Verse of the day_3.20.51_APKPure_dynamic_callgraph.txt,,graph_only,,,,,0,,,graph present in graph-corpus stem list but no matching row in summary_dynamic.csv
BigL Radio Player v10_3.20.51_APKPure,,,,,/local-storage/RESEARCH/APKPURE_ANALYSIS/APKPURE_DYNAMIC_ANALYSIS/RESULT/graphs/BigL Radio Player v10_3.20.51_APKPure_dynamic_callgraph.txt,,graph_only,,,,,0,,,graph present in graph-corpus stem list but no matching row in summary_dynamic.csv
Bigo Live - Live Streaming App_6.34.4_APKPure,social,sg.bigo.live,sg.bigo.live.home.MainActivity,/local/APKPURE_DYNAMIC_ANALYSIS/ARTIFACTS/APKPURE_APKS/social/Bigo Live - Live Streaming App_6.34.4_APKPure.xapk,/local-storage/RESEARCH/APKPURE_ANALYSIS/APKPURE_DYNAMIC_ANALYSIS/RESULT/graphs/Bigo Live - Live Streaming App_6.34.4_APKPure_dynamic_callgraph.txt,/local-storage/RESEARCH/APKPURE_ANALYSIS/APKPURE_DYNAMIC_ANALYSIS/RESULT/logs/Bigo Live - Live Streaming App_6.34.4_APKPure.log,ok,98826,17640,5000,0,5,2026-04-11T10:05:05,2026-04-11T10:18:19,"status(ok>skipped_existing>error), unique_edges desc, call_lines desc, latest finished_at"
Bip Watchface Collection_6.10.28_APKPure,,,,,/local-storage/RESEARCH/APKPURE_ANALYSIS/APKPURE_DYNAMIC_ANALYSIS/RESULT/graphs/Bip Watchface Collection_6.10.28_APKPure_dynamic_callgraph.txt,,graph_only,,,,,0,,,graph present in graph-corpus stem list but no matching row in summary_dynamic.csv
Black Home_5.0.4_APKPure,,,,,/local-storage/RESEARCH/APKPURE_ANALYSIS/APKPURE_DYNAMIC_ANALYSIS/RESULT/graphs/Black Home_5.0.4_APKPure_dynamic_callgraph.txt,,graph_only,,,,,0,,,graph present in graph-corpus stem list but no matching row in summary_dynamic.csv
Black Wallpapers_4.0.black_APKPure,,,,,/local-storage/RESEARCH/APKPURE_ANALYSIS/APKPURE_DYNAMIC_ANALYSIS/RESULT/graphs/Black Wallpapers_4.0.black_APKPure_dynamic_callgraph.txt,,graph_only,,,,,0,,,graph present in graph-corpus stem list but no matching row in summary_dynamic.csv
Bokeh Live WatchFace Animated_3.20.51_APKPure,,,,,/local-storage/RESEARCH/APKPURE_ANALYSIS/APKPURE_DYNAMIC_ANALYSIS/RESULT/graphs/Bokeh Live WatchFace Animated_3.20.51_APKPure_dynamic_callgraph.txt,,graph_only,,,,,0,,,graph present in graph-corpus stem list but no matching row in summary_dynamic.csv
Boomplay Lite_6.8.85_APKPure,,,,,/local-storage/RESEARCH/APKPURE_ANALYSIS/APKPURE_DYNAMIC_ANALYSIS/RESULT/graphs/Boomplay Lite_6.8.85_APKPure_dynamic_callgraph.txt,,graph_only,,,,,0,,,graph present in graph-corpus stem list but no matching row in summary_dynamic.csv
Bosse_2.17.3_APKPure,,,,,/local-storage/RESEARCH/APKPURE_ANALYSIS/APKPURE_DYNAMIC_ANALYSIS/RESULT/graphs/Bosse_2.17.3_APKPure_dynamic_callgraph.txt,,graph_only,,,,,0,,,graph present in graph-corpus stem list but no matching row in summary_dynamic.csv
Brac Healthcare_1.0.10_APKPure,,,,,/local-storage/RESEARCH/APKPURE_ANALYSIS/APKPURE_DYNAMIC_ANALYSIS/RESULT/graphs/Brac Healthcare_1.0.10_APKPure_dynamic_callgraph.txt,,graph_only,,,,,0,,,graph present in graph-corpus stem list but no matching row in summary_dynamic.csv
Bria_6.20.4_APKPure,,,,,/local-storage/RESEARCH/APKPURE_ANALYSIS/APKPURE_DYNAMIC_ANALYSIS/RESULT/graphs/Bria_6.20.4_APKPure_dynamic_callgraph.txt,,graph_only,,,,,0,,,graph present in graph-corpus stem list but no matching row in summary_dynamic.csv
Britain At War Magazine_7.3.6_APKPure,,,,,/local-storage/RESEARCH/APKPURE_ANALYSIS/APKPURE_DYNAMIC_ANALYSIS/RESULT/graphs/Britain At War Magazine_7.3.6_APKPure_dynamic_callgraph.txt,,graph_only,,,,,0,,,graph present in graph-corpus stem list but no matching row in summary_dynamic.csv
CLIKPAY Money_4.0.55_APKPure,,,,,/local-storage/RESEARCH/APKPURE_ANALYSIS/APKPURE_DYNAMIC_ANALYSIS/RESULT/graphs/CLIKPAY Money_4.0.55_APKPure_dynamic_callgraph.txt,,graph_only,,,,,0,,,graph present in graph-corpus stem list but no matching row in summary_dynamic.csv
CYBEX_2.5.1 (2025.06.30.19.55)_APKPure,,,,,/local-storage/RESEARCH/APKPURE_ANALYSIS/APKPURE_DYNAMIC_ANALYSIS/RESULT/graphs/CYBEX_2.5.1 (2025.06.30.19.55)_APKPure_dynamic_callgraph.txt,,graph_only,,,,,0,,,graph present in graph-corpus stem list but no matching row in summary_dynamic.csv
Cal AI_1.0.97_APKPure,,,,,/local-storage/RESEARCH/APKPURE_ANALYSIS/APKPURE_DYNAMIC_ANALYSIS/RESULT/graphs/Cal AI_1.0.97_APKPure_dynamic_callgraph.txt,,graph_only,,,,,0,,,graph present in graph-corpus stem list but no matching row in summary_dynamic.csv
Callmatez_3.20.51_APKPure,,,,,/local-storage/RESEARCH/APKPURE_ANALYSIS/APKPURE_DYNAMIC_ANALYSIS/RESULT/graphs/Callmatez_3.20.51_APKPure_dynamic_callgraph.txt,,graph_only,,,,,0,,,graph present in graph-corpus stem list but no matching row in summary_dynamic.csv
CamScanner_6.93.0.2507250000_APKPure,,,,,/local-storage/RESEARCH/APKPURE_ANALYSIS/APKPURE_DYNAMIC_ANALYSIS/RESULT/graphs/CamScanner_6.93.0.2507250000_APKPure_dynamic_callgraph.txt,,graph_only,,,,,0,,,graph present in graph-corpus stem list but no matching row in summary_dynamic.csv
Camera Translator  Voice_3.20.51_APKPure,,,,,/local-storage/RESEARCH/APKPURE_ANALYSIS/APKPURE_DYNAMIC_ANALYSIS/RESULT/graphs/Camera Translator  Voice_3.20.51_APKPure_dynamic_callgraph.txt,,graph_only,,,,,0,,,graph present in graph-corpus stem list but no matching row in summary_dynamic.csv
Cammie Chat_2.2.5_APKPure,social,com.cammie.cc.chat,app.duomevideochat.duome.ui.SplashUI,/local/APKPURE_DYNAMIC_ANALYSIS/ARTIFACTS/APKPURE_APKS/social/Cammie Chat_2.2.5_APKPure.xapk,/local-storage/RESEARCH/APKPURE_ANALYSIS/APKPURE_DYNAMIC_ANALYSIS/RESULT/graphs/Cammie Chat_2.2.5_APKPure_dynamic_callgraph.txt,/local-storage/RESEARCH/APKPURE_ANALYSIS/APKPURE_DYNAMIC_ANALYSIS/RESULT/logs/Cammie Chat_2.2.5_APKPure.log,ok,66080,35102,5000,0,7,2026-04-11T09:31:29,2026-04-11T09:46:39,"status(ok>skipped_existing>error), unique_edges desc, call_lines desc, latest finished_at"
Canal 26_5.0.8_APKPure,,,,,/local-storage/RESEARCH/APKPURE_ANALYSIS/APKPURE_DYNAMIC_ANALYSIS/RESULT/graphs/Canal 26_5.0.8_APKPure_dynamic_callgraph.txt,,graph_only,,,,,0,,,graph present in graph-corpus stem list but no matching row in summary_dynamic.csv
Car hire with Centauro_3.10.0_APKPure,,,,,/local-storage/RESEARCH/APKPURE_ANALYSIS/APKPURE_DYNAMIC_ANALYSIS/RESULT/graphs/Car hire with Centauro_3.10.0_APKPure_dynamic_callgraph.txt,,graph_only,,,,,0,,,graph present in graph-corpus stem list but no matching row in summary_dynamic.csv
Cellular signal strength meter_3.20.51_APKPure,,,,,/local-storage/RESEARCH/APKPURE_ANALYSIS/APKPURE_DYNAMIC_ANALYSIS/RESULT/graphs/Cellular signal strength meter_3.20.51_APKPure_dynamic_callgraph.txt,,graph_only,,,,,0,,,graph present in graph-corpus stem list but no matching row in summary_dynamic.csv
Channel 3000_6.0.517_APKPure,,,,,/local-storage/RESEARCH/APKPURE_ANALYSIS/APKPURE_DYNAMIC_ANALYSIS/RESULT/graphs/Channel 3000_6.0.517_APKPure_dynamic_callgraph.txt,,graph_only,,,,,0,,,graph present in graph-corpus stem list but no matching row in summary_dynamic.csv
Cleo_54.0.0_APKPure,,,,,/local-storage/RESEARCH/APKPURE_ANALYSIS/APKPURE_DYNAMIC_ANALYSIS/RESULT/graphs/Cleo_54.0.0_APKPure_dynamic_callgraph.txt,,graph_only,,,,,0,,,graph present in graph-corpus stem list but no matching row in summary_dynamic.csv
Cobrador_2.2.1-general-release_APKPure,,,,,/local-storage/RESEARCH/APKPURE_ANALYSIS/APKPURE_DYNAMIC_ANALYSIS/RESULT/graphs/Cobrador_2.2.1-general-release_APKPure_dynamic_callgraph.txt,,graph_only,,,,,0,,,graph present in graph-corpus stem list but no matching row in summary_dynamic.csv
Comexcel_3.0.11_APKPure,,,,,/local-storage/RESEARCH/APKPURE_ANALYSIS/APKPURE_DYNAMIC_ANALYSIS/RESULT/graphs/Comexcel_3.0.11_APKPure_dynamic_callgraph.txt,,graph_only,,,,,0,,,graph present in graph-corpus stem list but no matching row in summary_dynamic.csv
Common Sense Media_1.10.6_APKPure,,,,,/local-storage/RESEARCH/APKPURE_ANALYSIS/APKPURE_DYNAMIC_ANALYSIS/RESULT/graphs/Common Sense Media_1.10.6_APKPure_dynamic_callgraph.txt,,graph_only,,,,,0,,,graph present in graph-corpus stem list but no matching row in summary_dynamic.csv
Complication Info_3.20.51_APKPure,,,,,/local-storage/RESEARCH/APKPURE_ANALYSIS/APKPURE_DYNAMIC_ANALYSIS/RESULT/graphs/Complication Info_3.20.51_APKPure_dynamic_callgraph.txt,,graph_only,,,,,0,,,graph present in graph-corpus stem list but no matching row in summary_dynamic.csv
ComunidadFeliz_5.0.4_APKPure,,,,,/local-storage/RESEARCH/APKPURE_ANALYSIS/APKPURE_DYNAMIC_ANALYSIS/RESULT/graphs/ComunidadFeliz_5.0.4_APKPure_dynamic_callgraph.txt,,graph_only,,,,,0,,,graph present in graph-corpus stem list but no matching row in summary_dynamic.csv
CutelChatMeet_2.6.0_APKPure,social,com.chatwm.live,com.nwide.useraccount.activity.SplashActivity,/local/APKPURE_DYNAMIC_ANALYSIS/ARTIFACTS/APKPURE_APKS/social/CutelChatMeet_2.6.0_APKPure.xapk,/local-storage/RESEARCH/APKPURE_ANALYSIS/APKPURE_DYNAMIC_ANALYSIS/RESULT/graphs/CutelChatMeet_2.6.0_APKPure_dynamic_callgraph.txt,/local-storage/RESEARCH/APKPURE_ANALYSIS/APKPURE_DYNAMIC_ANALYSIS/RESULT/logs/CutelChatMeet_2.6.0_APKPure.log,error,,,5000,0,5,2026-04-11T10:39:19,2026-04-11T10:40:41,"status(ok>skipped_existing>error), unique_edges desc, call_lines desc, latest finished_at"
DADAM42_3.20.51_APKPure,,,,,/local-storage/RESEARCH/APKPURE_ANALYSIS/APKPURE_DYNAMIC_ANALYSIS/RESULT/graphs/DADAM42_3.20.51_APKPure_dynamic_callgraph.txt,,graph_only,,,,,0,,,graph present in graph-corpus stem list but no matching row in summary_dynamic.csv
DIY Emoji Funny Emoji Maker_1.2.8_APKPure,,,,,/local-storage/RESEARCH/APKPURE_ANALYSIS/APKPURE_DYNAMIC_ANALYSIS/RESULT/graphs/DIY Emoji Funny Emoji Maker_1.2.8_APKPure_dynamic_callgraph.txt,,graph_only,,,,,0,,,graph present in graph-corpus stem list but no matching row in summary_dynamic.csv
DamonSX2 Pro - PS2 Emulator_3.20.51_APKPure,,,,,/local-storage/RESEARCH/APKPURE_ANALYSIS/APKPURE_DYNAMIC_ANALYSIS/RESULT/graphs/DamonSX2 Pro - PS2 Emulator_3.20.51_APKPure_dynamic_callgraph.txt,,graph_only,,,,,0,,,graph present in graph-corpus stem list but no matching row in summary_dynamic.csv
Deep Caption_7.4.0_APKPure,,,,,/local-storage/RESEARCH/APKPURE_ANALYSIS/APKPURE_DYNAMIC_ANALYSIS/RESULT/graphs/Deep Caption_7.4.0_APKPure_dynamic_callgraph.txt,,graph_only,,,,,0,,,graph present in graph-corpus stem list but no matching row in summary_dynamic.csv
DepthFX Wallpaper_DFX_W_6.1.3_APKPure,,,,,/local-storage/RESEARCH/APKPURE_ANALYSIS/APKPURE_DYNAMIC_ANALYSIS/RESULT/graphs/DepthFX Wallpaper_DFX_W_6.1.3_APKPure_dynamic_callgraph.txt,,graph_only,,,,,0,,,graph present in graph-corpus stem list but no matching row in summary_dynamic.csv
Dharan Hospital_1.0.20_APKPure,,,,,/local-storage/RESEARCH/APKPURE_ANALYSIS/APKPURE_DYNAMIC_ANALYSIS/RESULT/graphs/Dharan Hospital_1.0.20_APKPure_dynamic_callgraph.txt,,graph_only,,,,,0,,,graph present in graph-corpus stem list but no matching row in summary_dynamic.csv
Document Scanner - PDF Scanner_16.0.57_APKPure,,,,,/local-storage/RESEARCH/APKPURE_ANALYSIS/APKPURE_DYNAMIC_ANALYSIS/RESULT/graphs/Document Scanner - PDF Scanner_16.0.57_APKPure_dynamic_callgraph.txt,,graph_only,,,,,0,,,graph present in graph-corpus stem list but no matching row in summary_dynamic.csv
Dolphin Mobile_9.0.1003_APKPure,,,,,/local-storage/RESEARCH/APKPURE_ANALYSIS/APKPURE_DYNAMIC_ANALYSIS/RESULT/graphs/Dolphin Mobile_9.0.1003_APKPure_dynamic_callgraph.txt,,graph_only,,,,,0,,,graph present in graph-corpus stem list but no matching row in summary_dynamic.csv
Drink Now_2.1.0_APKPure,,,,,/local-storage/RESEARCH/APKPURE_ANALYSIS/APKPURE_DYNAMIC_ANALYSIS/RESULT/graphs/Drink Now_2.1.0_APKPure_dynamic_callgraph.txt,,graph_only,,,,,0,,,graph present in graph-corpus stem list but no matching row in summary_dynamic.csv
Duo Voice_4.4.29_APKPure,,,,,/local-storage/RESEARCH/APKPURE_ANALYSIS/APKPURE_DYNAMIC_ANALYSIS/RESULT/graphs/Duo Voice_4.4.29_APKPure_dynamic_callgraph.txt,,graph_only,,,,,0,,,graph present in graph-corpus stem list but no matching row in summary_dynamic.csv
DynaMedex_5.2.2_APKPure,,,,,/local-storage/RESEARCH/APKPURE_ANALYSIS/APKPURE_DYNAMIC_ANALYSIS/RESULT/graphs/DynaMedex_5.2.2_APKPure_dynamic_callgraph.txt,,graph_only,,,,,0,,,graph present in graph-corpus stem list but no matching row in summary_dynamic.csv
Easy Fix Handyman Technology_2.0.6_APKPure,,,,,/local-storage/RESEARCH/APKPURE_ANALYSIS/APKPURE_DYNAMIC_ANALYSIS/RESULT/graphs/Easy Fix Handyman Technology_2.0.6_APKPure_dynamic_callgraph.txt,,graph_only,,,,,0,,,graph present in graph-corpus stem list but no matching row in summary_dynamic.csv
EasyLogon_2.1.0_APKPure,,,,,/local-storage/RESEARCH/APKPURE_ANALYSIS/APKPURE_DYNAMIC_ANALYSIS/RESULT/graphs/EasyLogon_2.1.0_APKPure_dynamic_callgraph.txt,,graph_only,,,,,0,,,graph present in graph-corpus stem list but no matching row in summary_dynamic.csv
EcoNet Smart Home_1.1.0_APKPure,,,,,/local-storage/RESEARCH/APKPURE_ANALYSIS/APKPURE_DYNAMIC_ANALYSIS/RESULT/graphs/EcoNet Smart Home_1.1.0_APKPure_dynamic_callgraph.txt,,graph_only,,,,,0,,,graph present in graph-corpus stem list but no matching row in summary_dynamic.csv
Edouard_1.49.1_APKPure,,,,,/local-storage/RESEARCH/APKPURE_ANALYSIS/APKPURE_DYNAMIC_ANALYSIS/RESULT/graphs/Edouard_1.49.1_APKPure_dynamic_callgraph.txt,,graph_only,,,,,0,,,graph present in graph-corpus stem list but no matching row in summary_dynamic.csv
Elika - Pregnancy Tracking_3.8.4_APKPure,,,,,/local-storage/RESEARCH/APKPURE_ANALYSIS/APKPURE_DYNAMIC_ANALYSIS/RESULT/graphs/Elika - Pregnancy Tracking_3.8.4_APKPure_dynamic_callgraph.txt,,graph_only,,,,,0,,,graph present in graph-corpus stem list but no matching row in summary_dynamic.csv
Elika Bebek_2.0.21_APKPure,,,,,/local-storage/RESEARCH/APKPURE_ANALYSIS/APKPURE_DYNAMIC_ANALYSIS/RESULT/graphs/Elika Bebek_2.0.21_APKPure_dynamic_callgraph.txt,,graph_only,,,,,0,,,graph present in graph-corpus stem list but no matching row in summary_dynamic.csv
English Speaking Practice_v3.4.6_APKPure,,,,,/local-storage/RESEARCH/APKPURE_ANALYSIS/APKPURE_DYNAMIC_ANALYSIS/RESULT/graphs/English Speaking Practice_v3.4.6_APKPure_dynamic_callgraph.txt,,graph_only,,,,,0,,,graph present in graph-corpus stem list but no matching row in summary_dynamic.csv
Esquel - Bus_3.20.51_APKPure,,,,,/local-storage/RESEARCH/APKPURE_ANALYSIS/APKPURE_DYNAMIC_ANALYSIS/RESULT/graphs/Esquel - Bus_3.20.51_APKPure_dynamic_callgraph.txt,,graph_only,,,,,0,,,graph present in graph-corpus stem list but no matching row in summary_dynamic.csv
Export Comments_2.0.3_APKPure,,,,,/local-storage/RESEARCH/APKPURE_ANALYSIS/APKPURE_DYNAMIC_ANALYSIS/RESULT/graphs/Export Comments_2.0.3_APKPure_dynamic_callgraph.txt,,graph_only,,,,,0,,,graph present in graph-corpus stem list but no matching row in summary_dynamic.csv
FM Splendor 885_3.20.51_APKPure,,,,,/local-storage/RESEARCH/APKPURE_ANALYSIS/APKPURE_DYNAMIC_ANALYSIS/RESULT/graphs/FM Splendor 885_3.20.51_APKPure_dynamic_callgraph.txt,,graph_only,,,,,0,,,graph present in graph-corpus stem list but no matching row in summary_dynamic.csv
FPHSA Portal_4.06.0_APKPure,,,,,/local-storage/RESEARCH/APKPURE_ANALYSIS/APKPURE_DYNAMIC_ANALYSIS/RESULT/graphs/FPHSA Portal_4.06.0_APKPure_dynamic_callgraph.txt,,graph_only,,,,,0,,,graph present in graph-corpus stem list but no matching row in summary_dynamic.csv
Facebook Lite_471.0.0.0.4_APKPure,social,com.facebook.lite,com.facebook.lite.MainActivity,/local/APKPURE_DYNAMIC_ANALYSIS/ARTIFACTS/APKPURE_APKS/social/Facebook Lite_471.0.0.0.4_APKPure.apk,/local-storage/RESEARCH/APKPURE_ANALYSIS/APKPURE_DYNAMIC_ANALYSIS/RESULT/graphs/Facebook Lite_471.0.0.0.4_APKPure_dynamic_callgraph.txt,/local-storage/RESEARCH/APKPURE_ANALYSIS/APKPURE_DYNAMIC_ANALYSIS/RESULT/logs/Facebook Lite_471.0.0.0.4_APKPure.log,ok,9919,440,5000,0,4,2026-04-11T10:18:59,2026-04-11T10:22:53,"status(ok>skipped_existing>error), unique_edges desc, call_lines desc, latest finished_at"
Family locator and GPS tracker_2.0.12_APKPure,,,,,/local-storage/RESEARCH/APKPURE_ANALYSIS/APKPURE_DYNAMIC_ANALYSIS/RESULT/graphs/Family locator and GPS tracker_2.0.12_APKPure_dynamic_callgraph.txt,,graph_only,,,,,0,,,graph present in graph-corpus stem list but no matching row in summary_dynamic.csv
Family360_3.7.1_APKPure,,,,,/local-storage/RESEARCH/APKPURE_ANALYSIS/APKPURE_DYNAMIC_ANALYSIS/RESULT/graphs/Family360_3.7.1_APKPure_dynamic_callgraph.txt,,graph_only,,,,,0,,,graph present in graph-corpus stem list but no matching row in summary_dynamic.csv
Fammy_8.2.29.0722_APKPure,,,,,/local-storage/RESEARCH/APKPURE_ANALYSIS/APKPURE_DYNAMIC_ANALYSIS/RESULT/graphs/Fammy_8.2.29.0722_APKPure_dynamic_callgraph.txt,,graph_only,,,,,0,,,graph present in graph-corpus stem list but no matching row in summary_dynamic.csv
Fancy keyboard fonts  Emoji_3.20.51_APKPure,,,,,/local-storage/RESEARCH/APKPURE_ANALYSIS/APKPURE_DYNAMIC_ANALYSIS/RESULT/graphs/Fancy keyboard fonts  Emoji_3.20.51_APKPure_dynamic_callgraph.txt,,graph_only,,,,,0,,,graph present in graph-corpus stem list but no matching row in summary_dynamic.csv
File Manager_3.6.0_APKPure,,,,,/local-storage/RESEARCH/APKPURE_ANALYSIS/APKPURE_DYNAMIC_ANALYSIS/RESULT/graphs/File Manager_3.6.0_APKPure_dynamic_callgraph.txt,,graph_only,,,,,0,,,graph present in graph-corpus stem list but no matching row in summary_dynamic.csv
File Recovery Restore Data_3.20.51_APKPure,,,,,/local-storage/RESEARCH/APKPURE_ANALYSIS/APKPURE_DYNAMIC_ANALYSIS/RESULT/graphs/File Recovery Restore Data_3.20.51_APKPure_dynamic_callgraph.txt,,graph_only,,,,,0,,,graph present in graph-corpus stem list but no matching row in summary_dynamic.csv
FindMesa_3.0.6_APKPure,,,,,/local-storage/RESEARCH/APKPURE_ANALYSIS/APKPURE_DYNAMIC_ANALYSIS/RESULT/graphs/FindMesa_3.0.6_APKPure_dynamic_callgraph.txt,,graph_only,,,,,0,,,graph present in graph-corpus stem list but no matching row in summary_dynamic.csv
Firda_2.5.17_APKPure,,,,,/local-storage/RESEARCH/APKPURE_ANALYSIS/APKPURE_DYNAMIC_ANALYSIS/RESULT/graphs/Firda_2.5.17_APKPure_dynamic_callgraph.txt,,graph_only,,,,,0,,,graph present in graph-corpus stem list but no matching row in summary_dynamic.csv
Fit with Coco_3.25.0_APKPure,,,,,/local-storage/RESEARCH/APKPURE_ANALYSIS/APKPURE_DYNAMIC_ANALYSIS/RESULT/graphs/Fit with Coco_3.25.0_APKPure_dynamic_callgraph.txt,,graph_only,,,,,0,,,graph present in graph-corpus stem list but no matching row in summary_dynamic.csv
Flouci_5.5.187_APKPure,,,,,/local-storage/RESEARCH/APKPURE_ANALYSIS/APKPURE_DYNAMIC_ANALYSIS/RESULT/graphs/Flouci_5.5.187_APKPure_dynamic_callgraph.txt,,graph_only,,,,,0,,,graph present in graph-corpus stem list but no matching row in summary_dynamic.csv
FlowView_1.4.8_APKPure,,,,,/local-storage/RESEARCH/APKPURE_ANALYSIS/APKPURE_DYNAMIC_ANALYSIS/RESULT/graphs/FlowView_1.4.8_APKPure_dynamic_callgraph.txt,,graph_only,,,,,0,,,graph present in graph-corpus stem list but no matching row in summary_dynamic.csv
Folha de SPaulo_5.9.0_APKPure,,,,,/local-storage/RESEARCH/APKPURE_ANALYSIS/APKPURE_DYNAMIC_ANALYSIS/RESULT/graphs/Folha de SPaulo_5.9.0_APKPure_dynamic_callgraph.txt,,graph_only,,,,,0,,,graph present in graph-corpus stem list but no matching row in summary_dynamic.csv
Fonts Keyboard Themes_2.0.58_APKPure,,,,,/local-storage/RESEARCH/APKPURE_ANALYSIS/APKPURE_DYNAMIC_ANALYSIS/RESULT/graphs/Fonts Keyboard Themes_2.0.58_APKPure_dynamic_callgraph.txt,,graph_only,,,,,0,,,graph present in graph-corpus stem list but no matching row in summary_dynamic.csv
Fountain_1.2.14_APKPure,,,,,/local-storage/RESEARCH/APKPURE_ANALYSIS/APKPURE_DYNAMIC_ANALYSIS/RESULT/graphs/Fountain_1.2.14_APKPure_dynamic_callgraph.txt,,graph_only,,,,,0,,,graph present in graph-corpus stem list but no matching row in summary_dynamic.csv
FreeSet_0.0.035_APKPure,,,,,/local-storage/RESEARCH/APKPURE_ANALYSIS/APKPURE_DYNAMIC_ANALYSIS/RESULT/graphs/FreeSet_0.0.035_APKPure_dynamic_callgraph.txt,,graph_only,,,,,0,,,graph present in graph-corpus stem list but no matching row in summary_dynamic.csv
Full Code_3.20.51_APKPure,,,,,/local-storage/RESEARCH/APKPURE_ANALYSIS/APKPURE_DYNAMIC_ANALYSIS/RESULT/graphs/Full Code_3.20.51_APKPure_dynamic_callgraph.txt,,graph_only,,,,,0,,,graph present in graph-corpus stem list but no matching row in summary_dynamic.csv
Fusion Fitness_3.20.51_APKPure,,,,,/local-storage/RESEARCH/APKPURE_ANALYSIS/APKPURE_DYNAMIC_ANALYSIS/RESULT/graphs/Fusion Fitness_3.20.51_APKPure_dynamic_callgraph.txt,,graph_only,,,,,0,,,graph present in graph-corpus stem list but no matching row in summary_dynamic.csv
GAPhealth_1.0.48_APKPure,,,,,/local-storage/RESEARCH/APKPURE_ANALYSIS/APKPURE_DYNAMIC_ANALYSIS/RESULT/graphs/GAPhealth_1.0.48_APKPure_dynamic_callgraph.txt,,graph_only,,,,,0,,,graph present in graph-corpus stem list but no matching row in summary_dynamic.csv
GPS Mobi_3.20.51_APKPure,,,,,/local-storage/RESEARCH/APKPURE_ANALYSIS/APKPURE_DYNAMIC_ANALYSIS/RESULT/graphs/GPS Mobi_3.20.51_APKPure_dynamic_callgraph.txt,,graph_only,,,,,0,,,graph present in graph-corpus stem list but no matching row in summary_dynamic.csv
Gafanhoto_3.20.51_APKPure,shopping,copyleft.by.pc,copyleft.by.pc.MainActivity,/local/APKPURE_DYNAMIC_ANALYSIS/ARTIFACTS/APKPURE_APKS/shopping/Gafanhoto_3.20.51_APKPure.xapk,/local-storage/RESEARCH/APKPURE_ANALYSIS/APKPURE_DYNAMIC_ANALYSIS/RESULT/graphs/Gafanhoto_3.20.51_APKPure_dynamic_callgraph.txt,/local-storage/RESEARCH/APKPURE_ANALYSIS/APKPURE_DYNAMIC_ANALYSIS/RESULT/logs/Gafanhoto_3.20.51_APKPure.log,ok,101394,36480,5000,0,2,2026-04-11T15:50:38,2026-04-11T15:57:37,"status(ok>skipped_existing>error), unique_edges desc, call_lines desc, latest finished_at"
Game Aim Converter_1.3.190_APKPure,,,,,/local-storage/RESEARCH/APKPURE_ANALYSIS/APKPURE_DYNAMIC_ANALYSIS/RESULT/graphs/Game Aim Converter_1.3.190_APKPure_dynamic_callgraph.txt,,graph_only,,,,,0,,,graph present in graph-corpus stem list but no matching row in summary_dynamic.csv
Georgian for AnySoftKeyboard_5.1.101_APKPure,,,,,/local-storage/RESEARCH/APKPURE_ANALYSIS/APKPURE_DYNAMIC_ANALYSIS/RESULT/graphs/Georgian for AnySoftKeyboard_5.1.101_APKPure_dynamic_callgraph.txt,,graph_only,,,,,0,,,graph present in graph-corpus stem list but no matching row in summary_dynamic.csv
Gesture Lock Screen_3.20.51_APKPure,,,,,/local-storage/RESEARCH/APKPURE_ANALYSIS/APKPURE_DYNAMIC_ANALYSIS/RESULT/graphs/Gesture Lock Screen_3.20.51_APKPure_dynamic_callgraph.txt,,graph_only,,,,,0,,,graph present in graph-corpus stem list but no matching row in summary_dynamic.csv
Ghost Box_3.20.51_APKPure,,,,,/local-storage/RESEARCH/APKPURE_ANALYSIS/APKPURE_DYNAMIC_ANALYSIS/RESULT/graphs/Ghost Box_3.20.51_APKPure_dynamic_callgraph.txt,,graph_only,,,,,0,,,graph present in graph-corpus stem list but no matching row in summary_dynamic.csv
Goodsomnia Lab_3.0.3_APKPure,,,,,/local-storage/RESEARCH/APKPURE_ANALYSIS/APKPURE_DYNAMIC_ANALYSIS/RESULT/graphs/Goodsomnia Lab_3.0.3_APKPure_dynamic_callgraph.txt,,graph_only,,,,,0,,,graph present in graph-corpus stem list but no matching row in summary_dynamic.csv
Google Earth_10.85.0.1_APKPure,,,,,/local-storage/RESEARCH/APKPURE_ANALYSIS/APKPURE_DYNAMIC_ANALYSIS/RESULT/graphs/Google Earth_10.85.0.1_APKPure_dynamic_callgraph.txt,,graph_only,,,,,0,,,graph present in graph-corpus stem list but no matching row in summary_dynamic.csv
Google Maps Go_3.20.51_APKPure,,,,,/local-storage/RESEARCH/APKPURE_ANALYSIS/APKPURE_DYNAMIC_ANALYSIS/RESULT/graphs/Google Maps Go_3.20.51_APKPure_dynamic_callgraph.txt,,graph_only,,,,,0,,,graph present in graph-corpus stem list but no matching row in summary_dynamic.csv
Greely To Go_3.20.51_APKPure,,,,,/local-storage/RESEARCH/APKPURE_ANALYSIS/APKPURE_DYNAMIC_ANALYSIS/RESULT/graphs/Greely To Go_3.20.51_APKPure_dynamic_callgraph.txt,,graph_only,,,,,0,,,graph present in graph-corpus stem list but no matching row in summary_dynamic.csv
Grok_1.0.12-release.00_APKPure,,,,,/local-storage/RESEARCH/APKPURE_ANALYSIS/APKPURE_DYNAMIC_ANALYSIS/RESULT/graphs/Grok_1.0.12-release.00_APKPure_dynamic_callgraph.txt,,graph_only,,,,,0,,,graph present in graph-corpus stem list but no matching row in summary_dynamic.csv
HA-Fit_2.2.8_APKPure,,,,,/local-storage/RESEARCH/APKPURE_ANALYSIS/APKPURE_DYNAMIC_ANALYSIS/RESULT/graphs/HA-Fit_2.2.8_APKPure_dynamic_callgraph.txt,,graph_only,,,,,0,,,graph present in graph-corpus stem list but no matching row in summary_dynamic.csv
HALO_1.2.7_APKPure,,,,,/local-storage/RESEARCH/APKPURE_ANALYSIS/APKPURE_DYNAMIC_ANALYSIS/RESULT/graphs/HALO_1.2.7_APKPure_dynamic_callgraph.txt,,graph_only,,,,,0,,,graph present in graph-corpus stem list but no matching row in summary_dynamic.csv
HEGO_7.24.0_APKPure,,,,,/local-storage/RESEARCH/APKPURE_ANALYSIS/APKPURE_DYNAMIC_ANALYSIS/RESULT/graphs/HEGO_7.24.0_APKPure_dynamic_callgraph.txt,,graph_only,,,,,0,,,graph present in graph-corpus stem list but no matching row in summary_dynamic.csv
HI 15 Icon pack_10.9.2_APKPure,,,,,/local-storage/RESEARCH/APKPURE_ANALYSIS/APKPURE_DYNAMIC_ANALYSIS/RESULT/graphs/HI 15 Icon pack_10.9.2_APKPure_dynamic_callgraph.txt,,graph_only,,,,,0,,,graph present in graph-corpus stem list but no matching row in summary_dynamic.csv
Happy Go Lucky Dog NJ_2.3.46_APKPure,,,,,/local-storage/RESEARCH/APKPURE_ANALYSIS/APKPURE_DYNAMIC_ANALYSIS/RESULT/graphs/Happy Go Lucky Dog NJ_2.3.46_APKPure_dynamic_callgraph.txt,,graph_only,,,,,0,,,graph present in graph-corpus stem list but no matching row in summary_dynamic.csv
Happy birthday ringtone_1.0.5_APKPure,,,,,/local-storage/RESEARCH/APKPURE_ANALYSIS/APKPURE_DYNAMIC_ANALYSIS/RESULT/graphs/Happy birthday ringtone_1.0.5_APKPure_dynamic_callgraph.txt,,graph_only,,,,,0,,,graph present in graph-corpus stem list but no matching row in summary_dynamic.csv
HappyMod_3.2.1_APKPure,,,,,/local-storage/RESEARCH/APKPURE_ANALYSIS/APKPURE_DYNAMIC_ANALYSIS/RESULT/graphs/HappyMod_3.2.1_APKPure_dynamic_callgraph.txt,,graph_only,,,,,0,,,graph present in graph-corpus stem list but no matching row in summary_dynamic.csv
Harpa Cristã Cifrada_3.3.3_APKPure,,,,,/local-storage/RESEARCH/APKPURE_ANALYSIS/APKPURE_DYNAMIC_ANALYSIS/RESULT/graphs/Harpa Cristã Cifrada_3.3.3_APKPure_dynamic_callgraph.txt,,graph_only,,,,,0,,,graph present in graph-corpus stem list but no matching row in summary_dynamic.csv
Hava_1.68.4_APKPure,,,,,/local-storage/RESEARCH/APKPURE_ANALYSIS/APKPURE_DYNAMIC_ANALYSIS/RESULT/graphs/Hava_1.68.4_APKPure_dynamic_callgraph.txt,,graph_only,,,,,0,,,graph present in graph-corpus stem list but no matching row in summary_dynamic.csv
Healthify_3.20.51_APKPure,,,,,/local-storage/RESEARCH/APKPURE_ANALYSIS/APKPURE_DYNAMIC_ANALYSIS/RESULT/graphs/Healthify_3.20.51_APKPure_dynamic_callgraph.txt,,graph_only,,,,,0,,,graph present in graph-corpus stem list but no matching row in summary_dynamic.csv
HereNOW Connect_4.3.0_APKPure,,,,,/local-storage/RESEARCH/APKPURE_ANALYSIS/APKPURE_DYNAMIC_ANALYSIS/RESULT/graphs/HereNOW Connect_4.3.0_APKPure_dynamic_callgraph.txt,,graph_only,,,,,0,,,graph present in graph-corpus stem list but no matching row in summary_dynamic.csv
Heros Journey_4.3.6_APKPure,,,,,/local-storage/RESEARCH/APKPURE_ANALYSIS/APKPURE_DYNAMIC_ANALYSIS/RESULT/graphs/Heros Journey_4.3.6_APKPure_dynamic_callgraph.txt,,graph_only,,,,,0,,,graph present in graph-corpus stem list but no matching row in summary_dynamic.csv
Home Assistant_2025.7.2-full_APKPure,,,,,/local-storage/RESEARCH/APKPURE_ANALYSIS/APKPURE_DYNAMIC_ANALYSIS/RESULT/graphs/Home Assistant_2025.7.2-full_APKPure_dynamic_callgraph.txt,,graph_only,,,,,0,,,graph present in graph-corpus stem list but no matching row in summary_dynamic.csv
Homiladorlik davri_2.6.0_APKPure,,,,,/local-storage/RESEARCH/APKPURE_ANALYSIS/APKPURE_DYNAMIC_ANALYSIS/RESULT/graphs/Homiladorlik davri_2.6.0_APKPure_dynamic_callgraph.txt,,graph_only,,,,,0,,,graph present in graph-corpus stem list but no matching row in summary_dynamic.csv
Hoppy_3.10.10_APKPure,,,,,/local-storage/RESEARCH/APKPURE_ANALYSIS/APKPURE_DYNAMIC_ANALYSIS/RESULT/graphs/Hoppy_3.10.10_APKPure_dynamic_callgraph.txt,,graph_only,,,,,0,,,graph present in graph-corpus stem list but no matching row in summary_dynamic.csv
HouseCare_1.1.6_APKPure,,,,,/local-storage/RESEARCH/APKPURE_ANALYSIS/APKPURE_DYNAMIC_ANALYSIS/RESULT/graphs/HouseCare_1.1.6_APKPure_dynamic_callgraph.txt,,graph_only,,,,,0,,,graph present in graph-corpus stem list but no matching row in summary_dynamic.csv
Huawei Health_15.1.6.310_APKPure,,,,,/local-storage/RESEARCH/APKPURE_ANALYSIS/APKPURE_DYNAMIC_ANALYSIS/RESULT/graphs/Huawei Health_15.1.6.310_APKPure_dynamic_callgraph.txt,,graph_only,,,,,0,,,graph present in graph-corpus stem list but no matching row in summary_dynamic.csv
Husky Dog Wallpapers_4.0.husky_APKPure,,,,,/local-storage/RESEARCH/APKPURE_ANALYSIS/APKPURE_DYNAMIC_ANALYSIS/RESULT/graphs/Husky Dog Wallpapers_4.0.husky_APKPure_dynamic_callgraph.txt,,graph_only,,,,,0,,,graph present in graph-corpus stem list but no matching row in summary_dynamic.csv
HyperCar_2.0.26_APKPure,,,,,/local-storage/RESEARCH/APKPURE_ANALYSIS/APKPURE_DYNAMIC_ANALYSIS/RESULT/graphs/HyperCar_2.0.26_APKPure_dynamic_callgraph.txt,,graph_only,,,,,0,,,graph present in graph-corpus stem list but no matching row in summary_dynamic.csv
IGAMES PS2_1.0.18_APKPure,,,,,/local-storage/RESEARCH/APKPURE_ANALYSIS/APKPURE_DYNAMIC_ANALYSIS/RESULT/graphs/IGAMES PS2_1.0.18_APKPure_dynamic_callgraph.txt,,graph_only,,,,,0,,,graph present in graph-corpus stem list but no matching row in summary_dynamic.csv
Icmav London_46.2.0_APKPure,,,,,/local-storage/RESEARCH/APKPURE_ANALYSIS/APKPURE_DYNAMIC_ANALYSIS/RESULT/graphs/Icmav London_46.2.0_APKPure_dynamic_callgraph.txt,,graph_only,,,,,0,,,graph present in graph-corpus stem list but no matching row in summary_dynamic.csv
Indonesian Morning to Night_9.12.13.0_APKPure,,,,,/local-storage/RESEARCH/APKPURE_ANALYSIS/APKPURE_DYNAMIC_ANALYSIS/RESULT/graphs/Indonesian Morning to Night_9.12.13.0_APKPure_dynamic_callgraph.txt,,graph_only,,,,,0,,,graph present in graph-corpus stem list but no matching row in summary_dynamic.csv
Infobip Messaging_5.4.0_APKPure,,,,,/local-storage/RESEARCH/APKPURE_ANALYSIS/APKPURE_DYNAMIC_ANALYSIS/RESULT/graphs/Infobip Messaging_5.4.0_APKPure_dynamic_callgraph.txt,,graph_only,,,,,0,,,graph present in graph-corpus stem list but no matching row in summary_dynamic.csv
Inspired Minds_4.14.0_APKPure,,,,,/local-storage/RESEARCH/APKPURE_ANALYSIS/APKPURE_DYNAMIC_ANALYSIS/RESULT/graphs/Inspired Minds_4.14.0_APKPure_dynamic_callgraph.txt,,graph_only,,,,,0,,,graph present in graph-corpus stem list but no matching row in summary_dynamic.csv
Instabridge WiFi Hotspot Map_22.2025.09.03.1916_APKPure,,,,,/local-storage/RESEARCH/APKPURE_ANALYSIS/APKPURE_DYNAMIC_ANALYSIS/RESULT/graphs/Instabridge WiFi Hotspot Map_22.2025.09.03.1916_APKPure_dynamic_callgraph.txt,,graph_only,,,,,0,,,graph present in graph-corpus stem list but no matching row in summary_dynamic.csv
Ira_1.7.5_APKPure,,,,,/local-storage/RESEARCH/APKPURE_ANALYSIS/APKPURE_DYNAMIC_ANALYSIS/RESULT/graphs/Ira_1.7.5_APKPure_dynamic_callgraph.txt,,graph_only,,,,,0,,,graph present in graph-corpus stem list but no matching row in summary_dynamic.csv
Iron Will_1.2.12_APKPure,,,,,/local-storage/RESEARCH/APKPURE_ANALYSIS/APKPURE_DYNAMIC_ANALYSIS/RESULT/graphs/Iron Will_1.2.12_APKPure_dynamic_callgraph.txt,,graph_only,,,,,0,,,graph present in graph-corpus stem list but no matching row in summary_dynamic.csv
ItluMee_1.0.5_APKPure,,,,,/local-storage/RESEARCH/APKPURE_ANALYSIS/APKPURE_DYNAMIC_ANALYSIS/RESULT/graphs/ItluMee_1.0.5_APKPure_dynamic_callgraph.txt,,graph_only,,,,,0,,,graph present in graph-corpus stem list but no matching row in summary_dynamic.csv
JEREM_3.20.51_APKPure,shopping,com.bestapp.jerem,com.bestapp.jerem.MainActivity,/local/APKPURE_DYNAMIC_ANALYSIS/ARTIFACTS/APKPURE_APKS/shopping/JEREM_3.20.51_APKPure.xapk,/local-storage/RESEARCH/APKPURE_ANALYSIS/APKPURE_DYNAMIC_ANALYSIS/RESULT/graphs/JEREM_3.20.51_APKPure_dynamic_callgraph.txt,/local-storage/RESEARCH/APKPURE_ANALYSIS/APKPURE_DYNAMIC_ANALYSIS/RESULT/logs/JEREM_3.20.51_APKPure.log,ok,11432,11432,5000,0,2,2026-04-11T15:57:37,2026-04-11T16:02:25,"status(ok>skipped_existing>error), unique_edges desc, call_lines desc, latest finished_at"
JUIDECH_1.6.5_APKPure,,,,,/local-storage/RESEARCH/APKPURE_ANALYSIS/APKPURE_DYNAMIC_ANALYSIS/RESULT/graphs/JUIDECH_1.6.5_APKPure_dynamic_callgraph.txt,,graph_only,,,,,0,,,graph present in graph-corpus stem list but no matching row in summary_dynamic.csv
Jeedom App_1.0.1_APKPure,,,,,/local-storage/RESEARCH/APKPURE_ANALYSIS/APKPURE_DYNAMIC_ANALYSIS/RESULT/graphs/Jeedom App_1.0.1_APKPure_dynamic_callgraph.txt,,graph_only,,,,,0,,,graph present in graph-corpus stem list but no matching row in summary_dynamic.csv
Joaquim Chaves Saúde_4.2.0_APKPure,,,,,/local-storage/RESEARCH/APKPURE_ANALYSIS/APKPURE_DYNAMIC_ANALYSIS/RESULT/graphs/Joaquim Chaves Saúde_4.2.0_APKPure_dynamic_callgraph.txt,,graph_only,,,,,0,,,graph present in graph-corpus stem list but no matching row in summary_dynamic.csv
KFC_8.9.8_APKPure,,,,,/local-storage/RESEARCH/APKPURE_ANALYSIS/APKPURE_DYNAMIC_ANALYSIS/RESULT/graphs/KFC_8.9.8_APKPure_dynamic_callgraph.txt,,graph_only,,,,,0,,,graph present in graph-corpus stem list but no matching row in summary_dynamic.csv
Kanz_2.10.6_APKPure,shopping,saja.ecommerce.yarin,saja.ecommerce.yarin.MainActivity,/local/APKPURE_DYNAMIC_ANALYSIS/ARTIFACTS/APKPURE_APKS/shopping/Kanz_2.10.6_APKPure.xapk,/local-storage/RESEARCH/APKPURE_ANALYSIS/APKPURE_DYNAMIC_ANALYSIS/RESULT/graphs/Kanz_2.10.6_APKPure_dynamic_callgraph.txt,/local-storage/RESEARCH/APKPURE_ANALYSIS/APKPURE_DYNAMIC_ANALYSIS/RESULT/logs/Kanz_2.10.6_APKPure.log,ok,12447,12447,5000,0,2,2026-04-11T16:06:26,2026-04-11T16:09:22,"status(ok>skipped_existing>error), unique_edges desc, call_lines desc, latest finished_at"
Kağıthane Belediyesi_3.0.8_APKPure,,,,,/local-storage/RESEARCH/APKPURE_ANALYSIS/APKPURE_DYNAMIC_ANALYSIS/RESULT/graphs/Kağıthane Belediyesi_3.0.8_APKPure_dynamic_callgraph.txt,,graph_only,,,,,0,,,graph present in graph-corpus stem list but no matching row in summary_dynamic.csv
Keys Cafe - Make your keyboard_3.2.9_APKPure,,,,,/local-storage/RESEARCH/APKPURE_ANALYSIS/APKPURE_DYNAMIC_ANALYSIS/RESULT/graphs/Keys Cafe - Make your keyboard_3.2.9_APKPure_dynamic_callgraph.txt,,graph_only,,,,,0,,,graph present in graph-corpus stem list but no matching row in summary_dynamic.csv
Kiki Local Chat  People Near_1.1.31_APKPure,,,,,/local-storage/RESEARCH/APKPURE_ANALYSIS/APKPURE_DYNAMIC_ANALYSIS/RESULT/graphs/Kiki Local Chat  People Near_1.1.31_APKPure_dynamic_callgraph.txt,,graph_only,,,,,0,,,graph present in graph-corpus stem list but no matching row in summary_dynamic.csv
Konexon_3.0.0_APKPure,social,com.yelrom.konexon,com.yelrom.konexon.MainActivity,/local/APKPURE_DYNAMIC_ANALYSIS/ARTIFACTS/APKPURE_APKS/social/Konexon_3.0.0_APKPure.xapk,/local-storage/RESEARCH/APKPURE_ANALYSIS/APKPURE_DYNAMIC_ANALYSIS/RESULT/graphs/Konexon_3.0.0_APKPure_dynamic_callgraph.txt,/local-storage/RESEARCH/APKPURE_ANALYSIS/APKPURE_DYNAMIC_ANALYSIS/RESULT/logs/Konexon_3.0.0_APKPure.log,error,,,5000,0,1,2026-04-11T10:42:47,2026-04-11T10:43:52,"status(ok>skipped_existing>error), unique_edges desc, call_lines desc, latest finished_at"
LEcho_4.62.1_APKPure,,,,,/local-storage/RESEARCH/APKPURE_ANALYSIS/APKPURE_DYNAMIC_ANALYSIS/RESULT/graphs/LEcho_4.62.1_APKPure_dynamic_callgraph.txt,,graph_only,,,,,0,,,graph present in graph-corpus stem list but no matching row in summary_dynamic.csv
LV Radio_3.20.51_APKPure,,,,,/local-storage/RESEARCH/APKPURE_ANALYSIS/APKPURE_DYNAMIC_ANALYSIS/RESULT/graphs/LV Radio_3.20.51_APKPure_dynamic_callgraph.txt,,graph_only,,,,,0,,,graph present in graph-corpus stem list but no matching row in summary_dynamic.csv
Labayh_2.4.59_APKPure,,,,,/local-storage/RESEARCH/APKPURE_ANALYSIS/APKPURE_DYNAMIC_ANALYSIS/RESULT/graphs/Labayh_2.4.59_APKPure_dynamic_callgraph.txt,,graph_only,,,,,0,,,graph present in graph-corpus stem list but no matching row in summary_dynamic.csv
Large Text Notepad-Senior Note_1.1.0_APKPure,,,,,/local-storage/RESEARCH/APKPURE_ANALYSIS/APKPURE_DYNAMIC_ANALYSIS/RESULT/graphs/Large Text Notepad-Senior Note_1.1.0_APKPure_dynamic_callgraph.txt,,graph_only,,,,,0,,,graph present in graph-corpus stem list but no matching row in summary_dynamic.csv
Lark Player_6.25.6_APKPure,,,,,/local-storage/RESEARCH/APKPURE_ANALYSIS/APKPURE_DYNAMIC_ANALYSIS/RESULT/graphs/Lark Player_6.25.6_APKPure_dynamic_callgraph.txt,,graph_only,,,,,0,,,graph present in graph-corpus stem list but no matching row in summary_dynamic.csv
Lawrence Transit On Demand_4.0.62_APKPure,,,,,/local-storage/RESEARCH/APKPURE_ANALYSIS/APKPURE_DYNAMIC_ANALYSIS/RESULT/graphs/Lawrence Transit On Demand_4.0.62_APKPure_dynamic_callgraph.txt,,graph_only,,,,,0,,,graph present in graph-corpus stem list but no matching row in summary_dynamic.csv
Le Droit_6.0.5_APKPure,,,,,/local-storage/RESEARCH/APKPURE_ANALYSIS/APKPURE_DYNAMIC_ANALYSIS/RESULT/graphs/Le Droit_6.0.5_APKPure_dynamic_callgraph.txt,,graph_only,,,,,0,,,graph present in graph-corpus stem list but no matching row in summary_dynamic.csv
Leap - Your Health Companion_1.7.3_APKPure,,,,,/local-storage/RESEARCH/APKPURE_ANALYSIS/APKPURE_DYNAMIC_ANALYSIS/RESULT/graphs/Leap - Your Health Companion_1.7.3_APKPure_dynamic_callgraph.txt,,graph_only,,,,,0,,,graph present in graph-corpus stem list but no matching row in summary_dynamic.csv
Leap VPN_1.1.52_APKPure,,,,,/local-storage/RESEARCH/APKPURE_ANALYSIS/APKPURE_DYNAMIC_ANALYSIS/RESULT/graphs/Leap VPN_1.1.52_APKPure_dynamic_callgraph.txt,,graph_only,,,,,0,,,graph present in graph-corpus stem list but no matching row in summary_dynamic.csv
Life360_25.28.0_APKPure,,,,,/local-storage/RESEARCH/APKPURE_ANALYSIS/APKPURE_DYNAMIC_ANALYSIS/RESULT/graphs/Life360_25.28.0_APKPure_dynamic_callgraph.txt,,graph_only,,,,,0,,,graph present in graph-corpus stem list but no matching row in summary_dynamic.csv
Life360_25.29.1_APKPure,,,,,/local-storage/RESEARCH/APKPURE_ANALYSIS/APKPURE_DYNAMIC_ANALYSIS/RESULT/graphs/Life360_25.29.1_APKPure_dynamic_callgraph.txt,,graph_only,,,,,0,,,graph present in graph-corpus stem list but no matching row in summary_dynamic.csv
"Linky AI Chat, Play, Connect_2.34.2_APKPure",,,,,"/local-storage/RESEARCH/APKPURE_ANALYSIS/APKPURE_DYNAMIC_ANALYSIS/RESULT/graphs/Linky AI Chat, Play, Connect_2.34.2_APKPure_dynamic_callgraph.txt",,graph_only,,,,,0,,,graph present in graph-corpus stem list but no matching row in summary_dynamic.csv
Liquid Canvas_2.1.7_APKPure,,,,,/local-storage/RESEARCH/APKPURE_ANALYSIS/APKPURE_DYNAMIC_ANALYSIS/RESULT/graphs/Liquid Canvas_2.1.7_APKPure_dynamic_callgraph.txt,,graph_only,,,,,0,,,graph present in graph-corpus stem list but no matching row in summary_dynamic.csv
LiveTex Messaging_3.20.51_APKPure,,,,,/local-storage/RESEARCH/APKPURE_ANALYSIS/APKPURE_DYNAMIC_ANALYSIS/RESULT/graphs/LiveTex Messaging_3.20.51_APKPure_dynamic_callgraph.txt,,graph_only,,,,,0,,,graph present in graph-corpus stem list but no matching row in summary_dynamic.csv
LocaToWeb_8.1.8_APKPure,,,,,/local-storage/RESEARCH/APKPURE_ANALYSIS/APKPURE_DYNAMIC_ANALYSIS/RESULT/graphs/LocaToWeb_8.1.8_APKPure_dynamic_callgraph.txt,,graph_only,,,,,0,,,graph present in graph-corpus stem list but no matching row in summary_dynamic.csv
Lollipop_5.0.15_APKPure,,,,,/local-storage/RESEARCH/APKPURE_ANALYSIS/APKPURE_DYNAMIC_ANALYSIS/RESULT/graphs/Lollipop_5.0.15_APKPure_dynamic_callgraph.txt,,graph_only,,,,,0,,,graph present in graph-corpus stem list but no matching row in summary_dynamic.csv
Lullabies - toddlers songs_1.3.0_APKPure,,,,,/local-storage/RESEARCH/APKPURE_ANALYSIS/APKPURE_DYNAMIC_ANALYSIS/RESULT/graphs/Lullabies - toddlers songs_1.3.0_APKPure_dynamic_callgraph.txt,,graph_only,,,,,0,,,graph present in graph-corpus stem list but no matching row in summary_dynamic.csv
LuluboxPro_6.22.0_APKPure,,,,,/local-storage/RESEARCH/APKPURE_ANALYSIS/APKPURE_DYNAMIC_ANALYSIS/RESULT/graphs/LuluboxPro_6.22.0_APKPure_dynamic_callgraph.txt,,graph_only,,,,,0,,,graph present in graph-corpus stem list but no matching row in summary_dynamic.csv
Lun_2.0.0_APKPure,,,,,/local-storage/RESEARCH/APKPURE_ANALYSIS/APKPURE_DYNAMIC_ANALYSIS/RESULT/graphs/Lun_2.0.0_APKPure_dynamic_callgraph.txt,,graph_only,,,,,0,,,graph present in graph-corpus stem list but no matching row in summary_dynamic.csv
Lunatask_2.1.4_APKPure,,,,,/local-storage/RESEARCH/APKPURE_ANALYSIS/APKPURE_DYNAMIC_ANALYSIS/RESULT/graphs/Lunatask_2.1.4_APKPure_dynamic_callgraph.txt,,graph_only,,,,,0,,,graph present in graph-corpus stem list but no matching row in summary_dynamic.csv
LyfeOS_2.0.4_APKPure,,,,,/local-storage/RESEARCH/APKPURE_ANALYSIS/APKPURE_DYNAMIC_ANALYSIS/RESULT/graphs/LyfeOS_2.0.4_APKPure_dynamic_callgraph.txt,,graph_only,,,,,0,,,graph present in graph-corpus stem list but no matching row in summary_dynamic.csv
Lịch Vạn Niên 2025_1.4.4_APKPure,,,,,/local-storage/RESEARCH/APKPURE_ANALYSIS/APKPURE_DYNAMIC_ANALYSIS/RESULT/graphs/Lịch Vạn Niên 2025_1.4.4_APKPure_dynamic_callgraph.txt,,graph_only,,,,,0,,,graph present in graph-corpus stem list but no matching row in summary_dynamic.csv
MA GPX_2.25.52_APKPure,,,,,/local-storage/RESEARCH/APKPURE_ANALYSIS/APKPURE_DYNAMIC_ANALYSIS/RESULT/graphs/MA GPX_2.25.52_APKPure_dynamic_callgraph.txt,,graph_only,,,,,0,,,graph present in graph-corpus stem list but no matching row in summary_dynamic.csv
MBTI CHAT_1.6.1_APKPure,,,,,/local-storage/RESEARCH/APKPURE_ANALYSIS/APKPURE_DYNAMIC_ANALYSIS/RESULT/graphs/MBTI CHAT_1.6.1_APKPure_dynamic_callgraph.txt,,graph_only,,,,,0,,,graph present in graph-corpus stem list but no matching row in summary_dynamic.csv
MIKA Live Streaming Chat_3.2.9.0_APKPure,,,,,/local-storage/RESEARCH/APKPURE_ANALYSIS/APKPURE_DYNAMIC_ANALYSIS/RESULT/graphs/MIKA Live Streaming Chat_3.2.9.0_APKPure_dynamic_callgraph.txt,,graph_only,,,,,0,,,graph present in graph-corpus stem list but no matching row in summary_dynamic.csv
MLBS_3.5.4_APKPure,,,,,/local-storage/RESEARCH/APKPURE_ANALYSIS/APKPURE_DYNAMIC_ANALYSIS/RESULT/graphs/MLBS_3.5.4_APKPure_dynamic_callgraph.txt,,graph_only,,,,,0,,,graph present in graph-corpus stem list but no matching row in summary_dynamic.csv
MPStore_25.2.13_APKPure,shopping,id.co.aviana.m_pulsa,id.co.aviana.m_pulsa.MainActivity,/local/APKPURE_DYNAMIC_ANALYSIS/ARTIFACTS/APKPURE_APKS/shopping/MPStore_25.2.13_APKPure.xapk,/local-storage/RESEARCH/APKPURE_ANALYSIS/APKPURE_DYNAMIC_ANALYSIS/RESULT/graphs/MPStore_25.2.13_APKPure_dynamic_callgraph.txt,/local-storage/RESEARCH/APKPURE_ANALYSIS/APKPURE_DYNAMIC_ANALYSIS/RESULT/logs/MPStore_25.2.13_APKPure.log,ok,29598,29405,5000,0,2,2026-04-11T16:16:56,2026-04-11T16:20:12,"status(ok>skipped_existing>error), unique_edges desc, call_lines desc, latest finished_at"
MUUVR_2.0.4_APKPure,,,,,/local-storage/RESEARCH/APKPURE_ANALYSIS/APKPURE_DYNAMIC_ANALYSIS/RESULT/graphs/MUUVR_2.0.4_APKPure_dynamic_callgraph.txt,,graph_only,,,,,0,,,graph present in graph-corpus stem list but no matching row in summary_dynamic.csv
MWW_3.20.51_APKPure,,,,,/local-storage/RESEARCH/APKPURE_ANALYSIS/APKPURE_DYNAMIC_ANALYSIS/RESULT/graphs/MWW_3.20.51_APKPure_dynamic_callgraph.txt,,graph_only,,,,,0,,,graph present in graph-corpus stem list but no matching row in summary_dynamic.csv
Magic Cookie_3.20.51_APKPure,,,,,/local-storage/RESEARCH/APKPURE_ANALYSIS/APKPURE_DYNAMIC_ANALYSIS/RESULT/graphs/Magic Cookie_3.20.51_APKPure_dynamic_callgraph.txt,,graph_only,,,,,0,,,graph present in graph-corpus stem list but no matching row in summary_dynamic.csv
Makro_3.20.51_APKPure,shopping,za.co.makro.shopping,za.co.makro.shopping.SplashActivity,/local/APKPURE_DYNAMIC_ANALYSIS/ARTIFACTS/APKPURE_APKS/shopping/Makro_3.20.51_APKPure.xapk,/local-storage/RESEARCH/APKPURE_ANALYSIS/APKPURE_DYNAMIC_ANALYSIS/RESULT/graphs/Makro_3.20.51_APKPure_dynamic_callgraph.txt,/local-storage/RESEARCH/APKPURE_ANALYSIS/APKPURE_DYNAMIC_ANALYSIS/RESULT/logs/Makro_3.20.51_APKPure.log,ok,47280,47210,5000,0,2,2026-04-11T16:20:12,2026-04-11T16:28:50,"status(ok>skipped_existing>error), unique_edges desc, call_lines desc, latest finished_at"
Material You 2_1.1.9_APKPure,,,,,/local-storage/RESEARCH/APKPURE_ANALYSIS/APKPURE_DYNAMIC_ANALYSIS/RESULT/graphs/Material You 2_1.1.9_APKPure_dynamic_callgraph.txt,,graph_only,,,,,0,,,graph present in graph-corpus stem list but no matching row in summary_dynamic.csv
Matthew Henry Commentary Bible_3.20.51_APKPure,,,,,/local-storage/RESEARCH/APKPURE_ANALYSIS/APKPURE_DYNAMIC_ANALYSIS/RESULT/graphs/Matthew Henry Commentary Bible_3.20.51_APKPure_dynamic_callgraph.txt,,graph_only,,,,,0,,,graph present in graph-corpus stem list but no matching row in summary_dynamic.csv
McDonalds_3.28.0_APKPure,,,,,/local-storage/RESEARCH/APKPURE_ANALYSIS/APKPURE_DYNAMIC_ANALYSIS/RESULT/graphs/McDonalds_3.28.0_APKPure_dynamic_callgraph.txt,,graph_only,,,,,0,,,graph present in graph-corpus stem list but no matching row in summary_dynamic.csv
Medium_4.5.1283173_APKPure,,,,,/local-storage/RESEARCH/APKPURE_ANALYSIS/APKPURE_DYNAMIC_ANALYSIS/RESULT/graphs/Medium_4.5.1283173_APKPure_dynamic_callgraph.txt,,graph_only,,,,,0,,,graph present in graph-corpus stem list but no matching row in summary_dynamic.csv
Melody FM_3.20.51_APKPure,,,,,/local-storage/RESEARCH/APKPURE_ANALYSIS/APKPURE_DYNAMIC_ANALYSIS/RESULT/graphs/Melody FM_3.20.51_APKPure_dynamic_callgraph.txt,,graph_only,,,,,0,,,graph present in graph-corpus stem list but no matching row in summary_dynamic.csv
Men Kegel Trainer_1.0.1_APKPure,,,,,/local-storage/RESEARCH/APKPURE_ANALYSIS/APKPURE_DYNAMIC_ANALYSIS/RESULT/graphs/Men Kegel Trainer_1.0.1_APKPure_dynamic_callgraph.txt,,graph_only,,,,,0,,,graph present in graph-corpus stem list but no matching row in summary_dynamic.csv
Metin2Earth_3.3.5_APKPure,,,,,/local-storage/RESEARCH/APKPURE_ANALYSIS/APKPURE_DYNAMIC_ANALYSIS/RESULT/graphs/Metin2Earth_3.3.5_APKPure_dynamic_callgraph.txt,,graph_only,,,,,0,,,graph present in graph-corpus stem list but no matching row in summary_dynamic.csv
Mexican Stickers_3.119.0_APKPure,,,,,/local-storage/RESEARCH/APKPURE_ANALYSIS/APKPURE_DYNAMIC_ANALYSIS/RESULT/graphs/Mexican Stickers_3.119.0_APKPure_dynamic_callgraph.txt,,graph_only,,,,,0,,,graph present in graph-corpus stem list but no matching row in summary_dynamic.csv
Middle Plaza_4.5.14_APKPure,,,,,/local-storage/RESEARCH/APKPURE_ANALYSIS/APKPURE_DYNAMIC_ANALYSIS/RESULT/graphs/Middle Plaza_4.5.14_APKPure_dynamic_callgraph.txt,,graph_only,,,,,0,,,graph present in graph-corpus stem list but no matching row in summary_dynamic.csv
MightyWeb - Website To App_5.1.1_APKPure,,,,,/local-storage/RESEARCH/APKPURE_ANALYSIS/APKPURE_DYNAMIC_ANALYSIS/RESULT/graphs/MightyWeb - Website To App_5.1.1_APKPure_dynamic_callgraph.txt,,graph_only,,,,,0,,,graph present in graph-corpus stem list but no matching row in summary_dynamic.csv
MijnDSW_15.7.0_APKPure,,,,,/local-storage/RESEARCH/APKPURE_ANALYSIS/APKPURE_DYNAMIC_ANALYSIS/RESULT/graphs/MijnDSW_15.7.0_APKPure_dynamic_callgraph.txt,,graph_only,,,,,0,,,graph present in graph-corpus stem list but no matching row in summary_dynamic.csv
Mindfulness with Petit BamBou_5.8.0_APKPure,,,,,/local-storage/RESEARCH/APKPURE_ANALYSIS/APKPURE_DYNAMIC_ANALYSIS/RESULT/graphs/Mindfulness with Petit BamBou_5.8.0_APKPure_dynamic_callgraph.txt,,graph_only,,,,,0,,,graph present in graph-corpus stem list but no matching row in summary_dynamic.csv
Moovit_5.173.0.1734_APKPure,,,,,/local-storage/RESEARCH/APKPURE_ANALYSIS/APKPURE_DYNAMIC_ANALYSIS/RESULT/graphs/Moovit_5.173.0.1734_APKPure_dynamic_callgraph.txt,,graph_only,,,,,0,,,graph present in graph-corpus stem list but no matching row in summary_dynamic.csv
Motorcycle sound ringtone_1.0.6_APKPure,,,,,/local-storage/RESEARCH/APKPURE_ANALYSIS/APKPURE_DYNAMIC_ANALYSIS/RESULT/graphs/Motorcycle sound ringtone_1.0.6_APKPure_dynamic_callgraph.txt,,graph_only,,,,,0,,,graph present in graph-corpus stem list but no matching row in summary_dynamic.csv
Mountain River Theme_3.20.51_APKPure,,,,,/local-storage/RESEARCH/APKPURE_ANALYSIS/APKPURE_DYNAMIC_ANALYSIS/RESULT/graphs/Mountain River Theme_3.20.51_APKPure_dynamic_callgraph.txt,,graph_only,,,,,0,,,graph present in graph-corpus stem list but no matching row in summary_dynamic.csv
Music  Beat Maker Jam Pad_3.20.51_APKPure,,,,,/local-storage/RESEARCH/APKPURE_ANALYSIS/APKPURE_DYNAMIC_ANALYSIS/RESULT/graphs/Music  Beat Maker Jam Pad_3.20.51_APKPure_dynamic_callgraph.txt,,graph_only,,,,,0,,,graph present in graph-corpus stem list but no matching row in summary_dynamic.csv
Musica Electronica_3.20.51_APKPure,,,,,/local-storage/RESEARCH/APKPURE_ANALYSIS/APKPURE_DYNAMIC_ANALYSIS/RESULT/graphs/Musica Electronica_3.20.51_APKPure_dynamic_callgraph.txt,,graph_only,,,,,0,,,graph present in graph-corpus stem list but no matching row in summary_dynamic.csv
My Device_4.0.0_APKPure,,,,,/local-storage/RESEARCH/APKPURE_ANALYSIS/APKPURE_DYNAMIC_ANALYSIS/RESULT/graphs/My Device_4.0.0_APKPure_dynamic_callgraph.txt,,graph_only,,,,,0,,,graph present in graph-corpus stem list but no matching row in summary_dynamic.csv
My QuitBuddy_6.0.6_APKPure,,,,,/local-storage/RESEARCH/APKPURE_ANALYSIS/APKPURE_DYNAMIC_ANALYSIS/RESULT/graphs/My QuitBuddy_6.0.6_APKPure_dynamic_callgraph.txt,,graph_only,,,,,0,,,graph present in graph-corpus stem list but no matching row in summary_dynamic.csv
MyISS_2025.2.425281461_APKPure,,,,,/local-storage/RESEARCH/APKPURE_ANALYSIS/APKPURE_DYNAMIC_ANALYSIS/RESULT/graphs/MyISS_2025.2.425281461_APKPure_dynamic_callgraph.txt,,graph_only,,,,,0,,,graph present in graph-corpus stem list but no matching row in summary_dynamic.csv
Mylo_1.07.10_APKPure,,,,,/local-storage/RESEARCH/APKPURE_ANALYSIS/APKPURE_DYNAMIC_ANALYSIS/RESULT/graphs/Mylo_1.07.10_APKPure_dynamic_callgraph.txt,,graph_only,,,,,0,,,graph present in graph-corpus stem list but no matching row in summary_dynamic.csv
NREGA Mobile Monitoring System_3.2.2_APKPure,,,,,/local-storage/RESEARCH/APKPURE_ANALYSIS/APKPURE_DYNAMIC_ANALYSIS/RESULT/graphs/NREGA Mobile Monitoring System_3.2.2_APKPure_dynamic_callgraph.txt,,graph_only,,,,,0,,,graph present in graph-corpus stem list but no matching row in summary_dynamic.csv
NanoControl_3.20.51_APKPure,,,,,/local-storage/RESEARCH/APKPURE_ANALYSIS/APKPURE_DYNAMIC_ANALYSIS/RESULT/graphs/NanoControl_3.20.51_APKPure_dynamic_callgraph.txt,,graph_only,,,,,0,,,graph present in graph-corpus stem list but no matching row in summary_dynamic.csv
Nexly Ins_2.2.5_APKPure,,,,,/local-storage/RESEARCH/APKPURE_ANALYSIS/APKPURE_DYNAMIC_ANALYSIS/RESULT/graphs/Nexly Ins_2.2.5_APKPure_dynamic_callgraph.txt,,graph_only,,,,,0,,,graph present in graph-corpus stem list but no matching row in summary_dynamic.csv
NoBroker_7.9.9_APKPure,,,,,/local-storage/RESEARCH/APKPURE_ANALYSIS/APKPURE_DYNAMIC_ANALYSIS/RESULT/graphs/NoBroker_7.9.9_APKPure_dynamic_callgraph.txt,,graph_only,,,,,0,,,graph present in graph-corpus stem list but no matching row in summary_dynamic.csv
Node VPN_2.8.0_APKPure,,,,,/local-storage/RESEARCH/APKPURE_ANALYSIS/APKPURE_DYNAMIC_ANALYSIS/RESULT/graphs/Node VPN_2.8.0_APKPure_dynamic_callgraph.txt,,graph_only,,,,,0,,,graph present in graph-corpus stem list but no matching row in summary_dynamic.csv
NoiseFit_4.8.0_APKPure,,,,,/local-storage/RESEARCH/APKPURE_ANALYSIS/APKPURE_DYNAMIC_ANALYSIS/RESULT/graphs/NoiseFit_4.8.0_APKPure_dynamic_callgraph.txt,,graph_only,,,,,0,,,graph present in graph-corpus stem list but no matching row in summary_dynamic.csv
Noticias Venezuela_6.1.0_APKPure,,,,,/local-storage/RESEARCH/APKPURE_ANALYSIS/APKPURE_DYNAMIC_ANALYSIS/RESULT/graphs/Noticias Venezuela_6.1.0_APKPure_dynamic_callgraph.txt,,graph_only,,,,,0,,,graph present in graph-corpus stem list but no matching row in summary_dynamic.csv
Nursing Mnemonics cards_1.0.0_APKPure,,,,,/local-storage/RESEARCH/APKPURE_ANALYSIS/APKPURE_DYNAMIC_ANALYSIS/RESULT/graphs/Nursing Mnemonics cards_1.0.0_APKPure_dynamic_callgraph.txt,,graph_only,,,,,0,,,graph present in graph-corpus stem list but no matching row in summary_dynamic.csv
NutriSmart_0.7.6_APKPure,,,,,/local-storage/RESEARCH/APKPURE_ANALYSIS/APKPURE_DYNAMIC_ANALYSIS/RESULT/graphs/NutriSmart_0.7.6_APKPure_dynamic_callgraph.txt,,graph_only,,,,,0,,,graph present in graph-corpus stem list but no matching row in summary_dynamic.csv
OHPT_2.7.1_APKPure,,,,,/local-storage/RESEARCH/APKPURE_ANALYSIS/APKPURE_DYNAMIC_ANALYSIS/RESULT/graphs/OHPT_2.7.1_APKPure_dynamic_callgraph.txt,,graph_only,,,,,0,,,graph present in graph-corpus stem list but no matching row in summary_dynamic.csv
Odečty elektrické energie CZ_3.20.51_APKPure,,,,,/local-storage/RESEARCH/APKPURE_ANALYSIS/APKPURE_DYNAMIC_ANALYSIS/RESULT/graphs/Odečty elektrické energie CZ_3.20.51_APKPure_dynamic_callgraph.txt,,graph_only,,,,,0,,,graph present in graph-corpus stem list but no matching row in summary_dynamic.csv
Ola Operator_1.6.1.21_APKPure,,,,,/local-storage/RESEARCH/APKPURE_ANALYSIS/APKPURE_DYNAMIC_ANALYSIS/RESULT/graphs/Ola Operator_1.6.1.21_APKPure_dynamic_callgraph.txt,,graph_only,,,,,0,,,graph present in graph-corpus stem list but no matching row in summary_dynamic.csv
Omint_5.3.0_APKPure,,,,,/local-storage/RESEARCH/APKPURE_ANALYSIS/APKPURE_DYNAMIC_ANALYSIS/RESULT/graphs/Omint_5.3.0_APKPure_dynamic_callgraph.txt,,graph_only,,,,,0,,,graph present in graph-corpus stem list but no matching row in summary_dynamic.csv
OneStare_1.0.0.4_APKPure,social,com.onestare.twa,com.onestare.twa.LauncherActivity,/local/APKPURE_DYNAMIC_ANALYSIS/ARTIFACTS/APKPURE_APKS/social/OneStare_1.0.0.4_APKPure.xapk,/local-storage/RESEARCH/APKPURE_ANALYSIS/APKPURE_DYNAMIC_ANALYSIS/RESULT/graphs/OneStare_1.0.0.4_APKPure_dynamic_callgraph.txt,/local-storage/RESEARCH/APKPURE_ANALYSIS/APKPURE_DYNAMIC_ANALYSIS/RESULT/logs/OneStare_1.0.0.4_APKPure.log,ok,663,663,5000,0,1,2026-04-11T14:18:40,2026-04-11T14:23:02,"status(ok>skipped_existing>error), unique_edges desc, call_lines desc, latest finished_at"
OpenEvidence_2.7.1_APKPure,,,,,/local-storage/RESEARCH/APKPURE_ANALYSIS/APKPURE_DYNAMIC_ANALYSIS/RESULT/graphs/OpenEvidence_2.7.1_APKPure_dynamic_callgraph.txt,,graph_only,,,,,0,,,graph present in graph-corpus stem list but no matching row in summary_dynamic.csv
Ori_1.0.0_APKPure,,,,,/local-storage/RESEARCH/APKPURE_ANALYSIS/APKPURE_DYNAMIC_ANALYSIS/RESULT/graphs/Ori_1.0.0_APKPure_dynamic_callgraph.txt,,graph_only,,,,,0,,,graph present in graph-corpus stem list but no matching row in summary_dynamic.csv
Oxford Handbook of Anesthesia_2.8.47_APKPure,,,,,/local-storage/RESEARCH/APKPURE_ANALYSIS/APKPURE_DYNAMIC_ANALYSIS/RESULT/graphs/Oxford Handbook of Anesthesia_2.8.47_APKPure_dynamic_callgraph.txt,,graph_only,,,,,0,,,graph present in graph-corpus stem list but no matching row in summary_dynamic.csv
PELNI PPID_1.0.0_APKPure,,,,,/local-storage/RESEARCH/APKPURE_ANALYSIS/APKPURE_DYNAMIC_ANALYSIS/RESULT/graphs/PELNI PPID_1.0.0_APKPure_dynamic_callgraph.txt,,graph_only,,,,,0,,,graph present in graph-corpus stem list but no matching row in summary_dynamic.csv
PESONA_4.0.0_APKPure,,,,,/local-storage/RESEARCH/APKPURE_ANALYSIS/APKPURE_DYNAMIC_ANALYSIS/RESULT/graphs/PESONA_4.0.0_APKPure_dynamic_callgraph.txt,,graph_only,,,,,0,,,graph present in graph-corpus stem list but no matching row in summary_dynamic.csv
PGT GFX Launcher  Optimizer_0.20.6_APKPure,,,,,/local-storage/RESEARCH/APKPURE_ANALYSIS/APKPURE_DYNAMIC_ANALYSIS/RESULT/graphs/PGT GFX Launcher  Optimizer_0.20.6_APKPure_dynamic_callgraph.txt,,graph_only,,,,,0,,,graph present in graph-corpus stem list but no matching row in summary_dynamic.csv
PPSS22 Emulator_3.20.51_APKPure,,,,,/local-storage/RESEARCH/APKPURE_ANALYSIS/APKPURE_DYNAMIC_ANALYSIS/RESULT/graphs/PPSS22 Emulator_3.20.51_APKPure_dynamic_callgraph.txt,,graph_only,,,,,0,,,graph present in graph-corpus stem list but no matching row in summary_dynamic.csv
PRO1 Connect_2.1.3+1965_APKPure,,,,,/local-storage/RESEARCH/APKPURE_ANALYSIS/APKPURE_DYNAMIC_ANALYSIS/RESULT/graphs/PRO1 Connect_2.1.3+1965_APKPure_dynamic_callgraph.txt,,graph_only,,,,,0,,,graph present in graph-corpus stem list but no matching row in summary_dynamic.csv
Pampers Club_3.2523.4_APKPure,,,,,/local-storage/RESEARCH/APKPURE_ANALYSIS/APKPURE_DYNAMIC_ANALYSIS/RESULT/graphs/Pampers Club_3.2523.4_APKPure_dynamic_callgraph.txt,,graph_only,,,,,0,,,graph present in graph-corpus stem list but no matching row in summary_dynamic.csv
Peerlist_1.1.61_APKPure,,,,,/local-storage/RESEARCH/APKPURE_ANALYSIS/APKPURE_DYNAMIC_ANALYSIS/RESULT/graphs/Peerlist_1.1.61_APKPure_dynamic_callgraph.txt,,graph_only,,,,,0,,,graph present in graph-corpus stem list but no matching row in summary_dynamic.csv
Pharmacy Resources Guide_7.7.25_APKPure,,,,,/local-storage/RESEARCH/APKPURE_ANALYSIS/APKPURE_DYNAMIC_ANALYSIS/RESULT/graphs/Pharmacy Resources Guide_7.7.25_APKPure_dynamic_callgraph.txt,,graph_only,,,,,0,,,graph present in graph-corpus stem list but no matching row in summary_dynamic.csv
PickMe Driver_33.0.2L_APKPure,,,,,/local-storage/RESEARCH/APKPURE_ANALYSIS/APKPURE_DYNAMIC_ANALYSIS/RESULT/graphs/PickMe Driver_33.0.2L_APKPure_dynamic_callgraph.txt,,graph_only,,,,,0,,,graph present in graph-corpus stem list but no matching row in summary_dynamic.csv
Planner 5D_2.40.0_APKPure,,,,,/local-storage/RESEARCH/APKPURE_ANALYSIS/APKPURE_DYNAMIC_ANALYSIS/RESULT/graphs/Planner 5D_2.40.0_APKPure_dynamic_callgraph.txt,,graph_only,,,,,0,,,graph present in graph-corpus stem list but no matching row in summary_dynamic.csv
PollApp_1.4.7_APKPure,,,,,/local-storage/RESEARCH/APKPURE_ANALYSIS/APKPURE_DYNAMIC_ANALYSIS/RESULT/graphs/PollApp_1.4.7_APKPure_dynamic_callgraph.txt,,graph_only,,,,,0,,,graph present in graph-corpus stem list but no matching row in summary_dynamic.csv
Pop Up_1.0.2_APKPure,,,,,/local-storage/RESEARCH/APKPURE_ANALYSIS/APKPURE_DYNAMIC_ANALYSIS/RESULT/graphs/Pop Up_1.0.2_APKPure_dynamic_callgraph.txt,,graph_only,,,,,0,,,graph present in graph-corpus stem list but no matching row in summary_dynamic.csv
Pota Music_1.0.12_APKPure,,,,,/local-storage/RESEARCH/APKPURE_ANALYSIS/APKPURE_DYNAMIC_ANALYSIS/RESULT/graphs/Pota Music_1.0.12_APKPure_dynamic_callgraph.txt,,graph_only,,,,,0,,,graph present in graph-corpus stem list but no matching row in summary_dynamic.csv
Pregnancy   Tracker App_7.0.1_APKPure,,,,,/local-storage/RESEARCH/APKPURE_ANALYSIS/APKPURE_DYNAMIC_ANALYSIS/RESULT/graphs/Pregnancy   Tracker App_7.0.1_APKPure_dynamic_callgraph.txt,,graph_only,,,,,0,,,graph present in graph-corpus stem list but no matching row in summary_dynamic.csv
Pregnancy  New Mom Wellness_1.0.0_APKPure,,,,,/local-storage/RESEARCH/APKPURE_ANALYSIS/APKPURE_DYNAMIC_ANALYSIS/RESULT/graphs/Pregnancy  New Mom Wellness_1.0.0_APKPure_dynamic_callgraph.txt,,graph_only,,,,,0,,,graph present in graph-corpus stem list but no matching row in summary_dynamic.csv
Pregnancy Tracker and Baby App_355.0.1_APKPure,,,,,/local-storage/RESEARCH/APKPURE_ANALYSIS/APKPURE_DYNAMIC_ANALYSIS/RESULT/graphs/Pregnancy Tracker and Baby App_355.0.1_APKPure_dynamic_callgraph.txt,,graph_only,,,,,0,,,graph present in graph-corpus stem list but no matching row in summary_dynamic.csv
PrepWizard_4.0.30_APKPure,,,,,/local-storage/RESEARCH/APKPURE_ANALYSIS/APKPURE_DYNAMIC_ANALYSIS/RESULT/graphs/PrepWizard_4.0.30_APKPure_dynamic_callgraph.txt,,graph_only,,,,,0,,,graph present in graph-corpus stem list but no matching row in summary_dynamic.csv
Proof of Life_3.20.51_APKPure,,,,,/local-storage/RESEARCH/APKPURE_ANALYSIS/APKPURE_DYNAMIC_ANALYSIS/RESULT/graphs/Proof of Life_3.20.51_APKPure_dynamic_callgraph.txt,,graph_only,,,,,0,,,graph present in graph-corpus stem list but no matching row in summary_dynamic.csv
Ps Controller_3.20.51_APKPure,,,,,/local-storage/RESEARCH/APKPURE_ANALYSIS/APKPURE_DYNAMIC_ANALYSIS/RESULT/graphs/Ps Controller_3.20.51_APKPure_dynamic_callgraph.txt,,graph_only,,,,,0,,,graph present in graph-corpus stem list but no matching row in summary_dynamic.csv
Recovery Deleted Photo  Video_3.20.51_APKPure,,,,,/local-storage/RESEARCH/APKPURE_ANALYSIS/APKPURE_DYNAMIC_ANALYSIS/RESULT/graphs/Recovery Deleted Photo  Video_3.20.51_APKPure_dynamic_callgraph.txt,,graph_only,,,,,0,,,graph present in graph-corpus stem list but no matching row in summary_dynamic.csv
Restify_1.0.24_APKPure,,,,,/local-storage/RESEARCH/APKPURE_ANALYSIS/APKPURE_DYNAMIC_ANALYSIS/RESULT/graphs/Restify_1.0.24_APKPure_dynamic_callgraph.txt,,graph_only,,,,,0,,,graph present in graph-corpus stem list but no matching row in summary_dynamic.csv
Revolt_1.3.6a_APKPure,,,,,/local-storage/RESEARCH/APKPURE_ANALYSIS/APKPURE_DYNAMIC_ANALYSIS/RESULT/graphs/Revolt_1.3.6a_APKPure_dynamic_callgraph.txt,,graph_only,,,,,0,,,graph present in graph-corpus stem list but no matching row in summary_dynamic.csv
Rolling Around_3.20.51_APKPure,,,,,/local-storage/RESEARCH/APKPURE_ANALYSIS/APKPURE_DYNAMIC_ANALYSIS/RESULT/graphs/Rolling Around_3.20.51_APKPure_dynamic_callgraph.txt,,graph_only,,,,,0,,,graph present in graph-corpus stem list but no matching row in summary_dynamic.csv
Rádio Sertão FM - IbimirimPE_3.20.51_APKPure,,,,,/local-storage/RESEARCH/APKPURE_ANALYSIS/APKPURE_DYNAMIC_ANALYSIS/RESULT/graphs/Rádio Sertão FM - IbimirimPE_3.20.51_APKPure_dynamic_callgraph.txt,,graph_only,,,,,0,,,graph present in graph-corpus stem list but no matching row in summary_dynamic.csv
S4U R3D TWO_1.0.8_APKPure,,,,,/local-storage/RESEARCH/APKPURE_ANALYSIS/APKPURE_DYNAMIC_ANALYSIS/RESULT/graphs/S4U R3D TWO_1.0.8_APKPure_dynamic_callgraph.txt,,graph_only,,,,,0,,,graph present in graph-corpus stem list but no matching row in summary_dynamic.csv
SPAX_2.5.1_APKPure,,,,,/local-storage/RESEARCH/APKPURE_ANALYSIS/APKPURE_DYNAMIC_ANALYSIS/RESULT/graphs/SPAX_2.5.1_APKPure_dynamic_callgraph.txt,,graph_only,,,,,0,,,graph present in graph-corpus stem list but no matching row in summary_dynamic.csv
STOW_2.6.1_APKPure,,,,,/local-storage/RESEARCH/APKPURE_ANALYSIS/APKPURE_DYNAMIC_ANALYSIS/RESULT/graphs/STOW_2.6.1_APKPure_dynamic_callgraph.txt,,graph_only,,,,,0,,,graph present in graph-corpus stem list but no matching row in summary_dynamic.csv
SZ ePaper_8.0.47_APKPure,,,,,/local-storage/RESEARCH/APKPURE_ANALYSIS/APKPURE_DYNAMIC_ANALYSIS/RESULT/graphs/SZ ePaper_8.0.47_APKPure_dynamic_callgraph.txt,,graph_only,,,,,0,,,graph present in graph-corpus stem list but no matching row in summary_dynamic.csv
Samsung Galaxy SmartTag_3.20.51_APKPure,,,,,/local-storage/RESEARCH/APKPURE_ANALYSIS/APKPURE_DYNAMIC_ANALYSIS/RESULT/graphs/Samsung Galaxy SmartTag_3.20.51_APKPure_dynamic_callgraph.txt,,graph_only,,,,,0,,,graph present in graph-corpus stem list but no matching row in summary_dynamic.csv
Scorpion Wallpapers_2.0.5_APKPure,,,,,/local-storage/RESEARCH/APKPURE_ANALYSIS/APKPURE_DYNAMIC_ANALYSIS/RESULT/graphs/Scorpion Wallpapers_2.0.5_APKPure_dynamic_callgraph.txt,,graph_only,,,,,0,,,graph present in graph-corpus stem list but no matching row in summary_dynamic.csv
Selia_1.16.23_APKPure,,,,,/local-storage/RESEARCH/APKPURE_ANALYSIS/APKPURE_DYNAMIC_ANALYSIS/RESULT/graphs/Selia_1.16.23_APKPure_dynamic_callgraph.txt,,graph_only,,,,,0,,,graph present in graph-corpus stem list but no matching row in summary_dynamic.csv
Serbian for AnySoftKeyboard_5.1.101_APKPure,,,,,/local-storage/RESEARCH/APKPURE_ANALYSIS/APKPURE_DYNAMIC_ANALYSIS/RESULT/graphs/Serbian for AnySoftKeyboard_5.1.101_APKPure_dynamic_callgraph.txt,,graph_only,,,,,0,,,graph present in graph-corpus stem list but no matching row in summary_dynamic.csv
Setlist Search setlistfm_3.20.51_APKPure,,,,,/local-storage/RESEARCH/APKPURE_ANALYSIS/APKPURE_DYNAMIC_ANALYSIS/RESULT/graphs/Setlist Search setlistfm_3.20.51_APKPure_dynamic_callgraph.txt,,graph_only,,,,,0,,,graph present in graph-corpus stem list but no matching row in summary_dynamic.csv
Shaadiorgpk - RishtaPakistan_4.1.6_APKPure,,,,,/local-storage/RESEARCH/APKPURE_ANALYSIS/APKPURE_DYNAMIC_ANALYSIS/RESULT/graphs/Shaadiorgpk - RishtaPakistan_4.1.6_APKPure_dynamic_callgraph.txt,,graph_only,,,,,0,,,graph present in graph-corpus stem list but no matching row in summary_dynamic.csv
Shanashel_1.1.8_APKPure,,,,,/local-storage/RESEARCH/APKPURE_ANALYSIS/APKPURE_DYNAMIC_ANALYSIS/RESULT/graphs/Shanashel_1.1.8_APKPure_dynamic_callgraph.txt,,graph_only,,,,,0,,,graph present in graph-corpus stem list but no matching row in summary_dynamic.csv
ShareTime_3.20.51_APKPure,,,,,/local-storage/RESEARCH/APKPURE_ANALYSIS/APKPURE_DYNAMIC_ANALYSIS/RESULT/graphs/ShareTime_3.20.51_APKPure_dynamic_callgraph.txt,,graph_only,,,,,0,,,graph present in graph-corpus stem list but no matching row in summary_dynamic.csv
Sinhala Baby Names_4.0.2_APKPure,,,,,/local-storage/RESEARCH/APKPURE_ANALYSIS/APKPURE_DYNAMIC_ANALYSIS/RESULT/graphs/Sinhala Baby Names_4.0.2_APKPure_dynamic_callgraph.txt,,graph_only,,,,,0,,,graph present in graph-corpus stem list but no matching row in summary_dynamic.csv
SinhalaGPT_6.0.1_APKPure,,,,,/local-storage/RESEARCH/APKPURE_ANALYSIS/APKPURE_DYNAMIC_ANALYSIS/RESULT/graphs/SinhalaGPT_6.0.1_APKPure_dynamic_callgraph.txt,,graph_only,,,,,0,,,graph present in graph-corpus stem list but no matching row in summary_dynamic.csv
Siscon Condômino 2_1.6.0_APKPure,,,,,/local-storage/RESEARCH/APKPURE_ANALYSIS/APKPURE_DYNAMIC_ANALYSIS/RESULT/graphs/Siscon Condômino 2_1.6.0_APKPure_dynamic_callgraph.txt,,graph_only,,,,,0,,,graph present in graph-corpus stem list but no matching row in summary_dynamic.csv
Sleep Sounds  White Noise_1.4.6_APKPure,,,,,/local-storage/RESEARCH/APKPURE_ANALYSIS/APKPURE_DYNAMIC_ANALYSIS/RESULT/graphs/Sleep Sounds  White Noise_1.4.6_APKPure_dynamic_callgraph.txt,,graph_only,,,,,0,,,graph present in graph-corpus stem list but no matching row in summary_dynamic.csv
Snuggle Sounds_3.2.3_APKPure,,,,,/local-storage/RESEARCH/APKPURE_ANALYSIS/APKPURE_DYNAMIC_ANALYSIS/RESULT/graphs/Snuggle Sounds_3.2.3_APKPure_dynamic_callgraph.txt,,graph_only,,,,,0,,,graph present in graph-corpus stem list but no matching row in summary_dynamic.csv
Somisa Sede Virtual_1.0.0_APKPure,,,,,/local-storage/RESEARCH/APKPURE_ANALYSIS/APKPURE_DYNAMIC_ANALYSIS/RESULT/graphs/Somisa Sede Virtual_1.0.0_APKPure_dynamic_callgraph.txt,,graph_only,,,,,0,,,graph present in graph-corpus stem list but no matching row in summary_dynamic.csv
Son Depremler_1.3.183_APKPure,,,,,/local-storage/RESEARCH/APKPURE_ANALYSIS/APKPURE_DYNAMIC_ANALYSIS/RESULT/graphs/Son Depremler_1.3.183_APKPure_dynamic_callgraph.txt,,graph_only,,,,,0,,,graph present in graph-corpus stem list but no matching row in summary_dynamic.csv
Sorry Stickers_3.20.51_APKPure,,,,,/local-storage/RESEARCH/APKPURE_ANALYSIS/APKPURE_DYNAMIC_ANALYSIS/RESULT/graphs/Sorry Stickers_3.20.51_APKPure_dynamic_callgraph.txt,,graph_only,,,,,0,,,graph present in graph-corpus stem list but no matching row in summary_dynamic.csv
South Africa Lotto Results_3.1.7_APKPure,,,,,/local-storage/RESEARCH/APKPURE_ANALYSIS/APKPURE_DYNAMIC_ANALYSIS/RESULT/graphs/South Africa Lotto Results_3.1.7_APKPure_dynamic_callgraph.txt,,graph_only,,,,,0,,,graph present in graph-corpus stem list but no matching row in summary_dynamic.csv
Spur_4.1.0_APKPure,,,,,/local-storage/RESEARCH/APKPURE_ANALYSIS/APKPURE_DYNAMIC_ANALYSIS/RESULT/graphs/Spur_4.1.0_APKPure_dynamic_callgraph.txt,,graph_only,,,,,0,,,graph present in graph-corpus stem list but no matching row in summary_dynamic.csv
StepUp Community_1.5.1_APKPure,,,,,/local-storage/RESEARCH/APKPURE_ANALYSIS/APKPURE_DYNAMIC_ANALYSIS/RESULT/graphs/StepUp Community_1.5.1_APKPure_dynamic_callgraph.txt,,graph_only,,,,,0,,,graph present in graph-corpus stem list but no matching row in summary_dynamic.csv
Strava_3.20.51_APKPure,,,,,/local-storage/RESEARCH/APKPURE_ANALYSIS/APKPURE_DYNAMIC_ANALYSIS/RESULT/graphs/Strava_3.20.51_APKPure_dynamic_callgraph.txt,,graph_only,,,,,0,,,graph present in graph-corpus stem list but no matching row in summary_dynamic.csv
Street View Live Camera 360_1.0.3_APKPure,,,,,/local-storage/RESEARCH/APKPURE_ANALYSIS/APKPURE_DYNAMIC_ANALYSIS/RESULT/graphs/Street View Live Camera 360_1.0.3_APKPure_dynamic_callgraph.txt,,graph_only,,,,,0,,,graph present in graph-corpus stem list but no matching row in summary_dynamic.csv
Street View Map-Route Planner_1.5.7_APKPure,,,,,/local-storage/RESEARCH/APKPURE_ANALYSIS/APKPURE_DYNAMIC_ANALYSIS/RESULT/graphs/Street View Map-Route Planner_1.5.7_APKPure_dynamic_callgraph.txt,,graph_only,,,,,0,,,graph present in graph-corpus stem list but no matching row in summary_dynamic.csv
Substack_2.59.2_APKPure,,,,,/local-storage/RESEARCH/APKPURE_ANALYSIS/APKPURE_DYNAMIC_ANALYSIS/RESULT/graphs/Substack_2.59.2_APKPure_dynamic_callgraph.txt,,graph_only,,,,,0,,,graph present in graph-corpus stem list but no matching row in summary_dynamic.csv
Sumis_1.26.1_APKPure,,,,,/local-storage/RESEARCH/APKPURE_ANALYSIS/APKPURE_DYNAMIC_ANALYSIS/RESULT/graphs/Sumis_1.26.1_APKPure_dynamic_callgraph.txt,,graph_only,,,,,0,,,graph present in graph-corpus stem list but no matching row in summary_dynamic.csv
Sunrise Ocean Vector Theme_3.20.51_APKPure,,,,,/local-storage/RESEARCH/APKPURE_ANALYSIS/APKPURE_DYNAMIC_ANALYSIS/RESULT/graphs/Sunrise Ocean Vector Theme_3.20.51_APKPure_dynamic_callgraph.txt,,graph_only,,,,,0,,,graph present in graph-corpus stem list but no matching row in summary_dynamic.csv
Surf Browser_3.20.51_APKPure,,,,,/local-storage/RESEARCH/APKPURE_ANALYSIS/APKPURE_DYNAMIC_ANALYSIS/RESULT/graphs/Surf Browser_3.20.51_APKPure_dynamic_callgraph.txt,,graph_only,,,,,0,,,graph present in graph-corpus stem list but no matching row in summary_dynamic.csv
Swiggy_4.84.2_APKPure,,,,,/local-storage/RESEARCH/APKPURE_ANALYSIS/APKPURE_DYNAMIC_ANALYSIS/RESULT/graphs/Swiggy_4.84.2_APKPure_dynamic_callgraph.txt,,graph_only,,,,,0,,,graph present in graph-corpus stem list but no matching row in summary_dynamic.csv
Swipe_1.2.7_APKPure,,,,,/local-storage/RESEARCH/APKPURE_ANALYSIS/APKPURE_DYNAMIC_ANALYSIS/RESULT/graphs/Swipe_1.2.7_APKPure_dynamic_callgraph.txt,,graph_only,,,,,0,,,graph present in graph-corpus stem list but no matching row in summary_dynamic.csv
TanCep_1.7.1_APKPure,,,,,/local-storage/RESEARCH/APKPURE_ANALYSIS/APKPURE_DYNAMIC_ANALYSIS/RESULT/graphs/TanCep_1.7.1_APKPure_dynamic_callgraph.txt,,graph_only,,,,,0,,,graph present in graph-corpus stem list but no matching row in summary_dynamic.csv
Tarifario Radio Taxi PDC_1.7.3_APKPure,,,,,/local-storage/RESEARCH/APKPURE_ANALYSIS/APKPURE_DYNAMIC_ANALYSIS/RESULT/graphs/Tarifario Radio Taxi PDC_1.7.3_APKPure_dynamic_callgraph.txt,,graph_only,,,,,0,,,graph present in graph-corpus stem list but no matching row in summary_dynamic.csv
Taxi Coop Est_3.20.51_APKPure,,,,,/local-storage/RESEARCH/APKPURE_ANALYSIS/APKPURE_DYNAMIC_ANALYSIS/RESULT/graphs/Taxi Coop Est_3.20.51_APKPure_dynamic_callgraph.txt,,graph_only,,,,,0,,,graph present in graph-corpus stem list but no matching row in summary_dynamic.csv
Taxi Lévis 4000_3.20.51_APKPure,,,,,/local-storage/RESEARCH/APKPURE_ANALYSIS/APKPURE_DYNAMIC_ANALYSIS/RESULT/graphs/Taxi Lévis 4000_3.20.51_APKPure_dynamic_callgraph.txt,,graph_only,,,,,0,,,graph present in graph-corpus stem list but no matching row in summary_dynamic.csv
The Amen Regimen_0.8.52_APKPure,,,,,/local-storage/RESEARCH/APKPURE_ANALYSIS/APKPURE_DYNAMIC_ANALYSIS/RESULT/graphs/The Amen Regimen_0.8.52_APKPure_dynamic_callgraph.txt,,graph_only,,,,,0,,,graph present in graph-corpus stem list but no matching row in summary_dynamic.csv
Themes  Wallpaper Keyboard_1.2.2_APKPure,,,,,/local-storage/RESEARCH/APKPURE_ANALYSIS/APKPURE_DYNAMIC_ANALYSIS/RESULT/graphs/Themes  Wallpaper Keyboard_1.2.2_APKPure_dynamic_callgraph.txt,,graph_only,,,,,0,,,graph present in graph-corpus stem list but no matching row in summary_dynamic.csv
Themes_3.20.51_APKPure,,,,,/local-storage/RESEARCH/APKPURE_ANALYSIS/APKPURE_DYNAMIC_ANALYSIS/RESULT/graphs/Themes_3.20.51_APKPure_dynamic_callgraph.txt,,graph_only,,,,,0,,,graph present in graph-corpus stem list but no matching row in summary_dynamic.csv
TikTok Lite_40.0.2_APKPure,,,,,/local-storage/RESEARCH/APKPURE_ANALYSIS/APKPURE_DYNAMIC_ANALYSIS/RESULT/graphs/TikTok Lite_40.0.2_APKPure_dynamic_callgraph.txt,,graph_only,,,,,0,,,graph present in graph-corpus stem list but no matching row in summary_dynamic.csv
Time Zone Map_3.20.51_APKPure,,,,,/local-storage/RESEARCH/APKPURE_ANALYSIS/APKPURE_DYNAMIC_ANALYSIS/RESULT/graphs/Time Zone Map_3.20.51_APKPure_dynamic_callgraph.txt,,graph_only,,,,,0,,,graph present in graph-corpus stem list but no matching row in summary_dynamic.csv
Titan HST_6.56.1_APKPure,,,,,/local-storage/RESEARCH/APKPURE_ANALYSIS/APKPURE_DYNAMIC_ANALYSIS/RESULT/graphs/Titan HST_6.56.1_APKPure_dynamic_callgraph.txt,,graph_only,,,,,0,,,graph present in graph-corpus stem list but no matching row in summary_dynamic.csv
Tone Excuse me my lord_3.20.51_APKPure,,,,,/local-storage/RESEARCH/APKPURE_ANALYSIS/APKPURE_DYNAMIC_ANALYSIS/RESULT/graphs/Tone Excuse me my lord_3.20.51_APKPure_dynamic_callgraph.txt,,graph_only,,,,,0,,,graph present in graph-corpus stem list but no matching row in summary_dynamic.csv
Trinity Metro On-Demand_4.22.2_APKPure,,,,,/local-storage/RESEARCH/APKPURE_ANALYSIS/APKPURE_DYNAMIC_ANALYSIS/RESULT/graphs/Trinity Metro On-Demand_4.22.2_APKPure_dynamic_callgraph.txt,,graph_only,,,,,0,,,graph present in graph-corpus stem list but no matching row in summary_dynamic.csv
Trio Student_1.02.1_APKPure,,,,,/local-storage/RESEARCH/APKPURE_ANALYSIS/APKPURE_DYNAMIC_ANALYSIS/RESULT/graphs/Trio Student_1.02.1_APKPure_dynamic_callgraph.txt,,graph_only,,,,,0,,,graph present in graph-corpus stem list but no matching row in summary_dynamic.csv
Twitter Lite_3.1.1_APKPure,,,,,/local-storage/RESEARCH/APKPURE_ANALYSIS/APKPURE_DYNAMIC_ANALYSIS/RESULT/graphs/Twitter Lite_3.1.1_APKPure_dynamic_callgraph.txt,,graph_only,,,,,0,,,graph present in graph-corpus stem list but no matching row in summary_dynamic.csv
UNICE_1.0.8_APKPure,,,,,/local-storage/RESEARCH/APKPURE_ANALYSIS/APKPURE_DYNAMIC_ANALYSIS/RESULT/graphs/UNICE_1.0.8_APKPure_dynamic_callgraph.txt,,graph_only,,,,,0,,,graph present in graph-corpus stem list but no matching row in summary_dynamic.csv
Ultimate Image Zoomer_3.20.51_APKPure,,,,,/local-storage/RESEARCH/APKPURE_ANALYSIS/APKPURE_DYNAMIC_ANALYSIS/RESULT/graphs/Ultimate Image Zoomer_3.20.51_APKPure_dynamic_callgraph.txt,,graph_only,,,,,0,,,graph present in graph-corpus stem list but no matching row in summary_dynamic.csv
Universal TV Remote Control_2.9.1_APKPure,,,,,/local-storage/RESEARCH/APKPURE_ANALYSIS/APKPURE_DYNAMIC_ANALYSIS/RESULT/graphs/Universal TV Remote Control_2.9.1_APKPure_dynamic_callgraph.txt,,graph_only,,,,,0,,,graph present in graph-corpus stem list but no matching row in summary_dynamic.csv
V-Tell VPN_1.0.16_APKPure,,,,,/local-storage/RESEARCH/APKPURE_ANALYSIS/APKPURE_DYNAMIC_ANALYSIS/RESULT/graphs/V-Tell VPN_1.0.16_APKPure_dynamic_callgraph.txt,,graph_only,,,,,0,,,graph present in graph-corpus stem list but no matching row in summary_dynamic.csv
V380S_6.1.0_APKPure,,,,,/local-storage/RESEARCH/APKPURE_ANALYSIS/APKPURE_DYNAMIC_ANALYSIS/RESULT/graphs/V380S_6.1.0_APKPure_dynamic_callgraph.txt,,graph_only,,,,,0,,,graph present in graph-corpus stem list but no matching row in summary_dynamic.csv
VAVILA HOTELS  PROPERTIES_1.0.13_APKPure,,,,,/local-storage/RESEARCH/APKPURE_ANALYSIS/APKPURE_DYNAMIC_ANALYSIS/RESULT/graphs/VAVILA HOTELS  PROPERTIES_1.0.13_APKPure_dynamic_callgraph.txt,,graph_only,,,,,0,,,graph present in graph-corpus stem list but no matching row in summary_dynamic.csv
VIBit_4.0.7_APKPure,,,,,/local-storage/RESEARCH/APKPURE_ANALYSIS/APKPURE_DYNAMIC_ANALYSIS/RESULT/graphs/VIBit_4.0.7_APKPure_dynamic_callgraph.txt,,graph_only,,,,,0,,,graph present in graph-corpus stem list but no matching row in summary_dynamic.csv
Vademecum Internacional_2.13.0_APKPure,,,,,/local-storage/RESEARCH/APKPURE_ANALYSIS/APKPURE_DYNAMIC_ANALYSIS/RESULT/graphs/Vademecum Internacional_2.13.0_APKPure_dynamic_callgraph.txt,,graph_only,,,,,0,,,graph present in graph-corpus stem list but no matching row in summary_dynamic.csv
Vedha Fish Farm_3.20.51_APKPure,,,,,/local-storage/RESEARCH/APKPURE_ANALYSIS/APKPURE_DYNAMIC_ANALYSIS/RESULT/graphs/Vedha Fish Farm_3.20.51_APKPure_dynamic_callgraph.txt,,graph_only,,,,,0,,,graph present in graph-corpus stem list but no matching row in summary_dynamic.csv
Vezet_1.39.0_APKPure,,,,,/local-storage/RESEARCH/APKPURE_ANALYSIS/APKPURE_DYNAMIC_ANALYSIS/RESULT/graphs/Vezet_1.39.0_APKPure_dynamic_callgraph.txt,,graph_only,,,,,0,,,graph present in graph-corpus stem list but no matching row in summary_dynamic.csv
Virtofy Viewer_1.2.5_APKPure,,,,,/local-storage/RESEARCH/APKPURE_ANALYSIS/APKPURE_DYNAMIC_ANALYSIS/RESULT/graphs/Virtofy Viewer_1.2.5_APKPure_dynamic_callgraph.txt,,graph_only,,,,,0,,,graph present in graph-corpus stem list but no matching row in summary_dynamic.csv
WTTR - Truth Time Radio_11.0.74_APKPure,,,,,/local-storage/RESEARCH/APKPURE_ANALYSIS/APKPURE_DYNAMIC_ANALYSIS/RESULT/graphs/WTTR - Truth Time Radio_11.0.74_APKPure_dynamic_callgraph.txt,,graph_only,,,,,0,,,graph present in graph-corpus stem list but no matching row in summary_dynamic.csv
Walk City_1.0.35_APKPure,,,,,/local-storage/RESEARCH/APKPURE_ANALYSIS/APKPURE_DYNAMIC_ANALYSIS/RESULT/graphs/Walk City_1.0.35_APKPure_dynamic_callgraph.txt,,graph_only,,,,,0,,,graph present in graph-corpus stem list but no matching row in summary_dynamic.csv
Watcher_1.0.0_APKPure,,,,,/local-storage/RESEARCH/APKPURE_ANALYSIS/APKPURE_DYNAMIC_ANALYSIS/RESULT/graphs/Watcher_1.0.0_APKPure_dynamic_callgraph.txt,,graph_only,,,,,0,,,graph present in graph-corpus stem list but no matching row in summary_dynamic.csv
Waze_5.9.0.2_APKPure,,,,,/local-storage/RESEARCH/APKPURE_ANALYSIS/APKPURE_DYNAMIC_ANALYSIS/RESULT/graphs/Waze_5.9.0.2_APKPure_dynamic_callgraph.txt,,graph_only,,,,,0,,,graph present in graph-corpus stem list but no matching row in summary_dynamic.csv
WeJoy_1.9.6_APKPure,,,,,/local-storage/RESEARCH/APKPURE_ANALYSIS/APKPURE_DYNAMIC_ANALYSIS/RESULT/graphs/WeJoy_1.9.6_APKPure_dynamic_callgraph.txt,,graph_only,,,,,0,,,graph present in graph-corpus stem list but no matching row in summary_dynamic.csv
WeMoms_4.63.00_APKPure,,,,,/local-storage/RESEARCH/APKPURE_ANALYSIS/APKPURE_DYNAMIC_ANALYSIS/RESULT/graphs/WeMoms_4.63.00_APKPure_dynamic_callgraph.txt,,graph_only,,,,,0,,,graph present in graph-corpus stem list but no matching row in summary_dynamic.csv
Website_3.20.51_APKPure,,,,,/local-storage/RESEARCH/APKPURE_ANALYSIS/APKPURE_DYNAMIC_ANALYSIS/RESULT/graphs/Website_3.20.51_APKPure_dynamic_callgraph.txt,,graph_only,,,,,0,,,graph present in graph-corpus stem list but no matching row in summary_dynamic.csv
WeedPro_3.20.51_APKPure,,,,,/local-storage/RESEARCH/APKPURE_ANALYSIS/APKPURE_DYNAMIC_ANALYSIS/RESULT/graphs/WeedPro_3.20.51_APKPure_dynamic_callgraph.txt,,graph_only,,,,,0,,,graph present in graph-corpus stem list but no matching row in summary_dynamic.csv
Wells Fargo Center_24.31.0_APKPure,,,,,/local-storage/RESEARCH/APKPURE_ANALYSIS/APKPURE_DYNAMIC_ANALYSIS/RESULT/graphs/Wells Fargo Center_24.31.0_APKPure_dynamic_callgraph.txt,,graph_only,,,,,0,,,graph present in graph-corpus stem list but no matching row in summary_dynamic.csv
Whatch_4.1.4_APKPure,,,,,/local-storage/RESEARCH/APKPURE_ANALYSIS/APKPURE_DYNAMIC_ANALYSIS/RESULT/graphs/Whatch_4.1.4_APKPure_dynamic_callgraph.txt,,graph_only,,,,,0,,,graph present in graph-corpus stem list but no matching row in summary_dynamic.csv
WhatsApp Business_2.25.18.82_APKPure,,,,,/local-storage/RESEARCH/APKPURE_ANALYSIS/APKPURE_DYNAMIC_ANALYSIS/RESULT/graphs/WhatsApp Business_2.25.18.82_APKPure_dynamic_callgraph.txt,,graph_only,,,,,0,,,graph present in graph-corpus stem list but no matching row in summary_dynamic.csv
Whyp_0.72.2_APKPure,,,,,/local-storage/RESEARCH/APKPURE_ANALYSIS/APKPURE_DYNAMIC_ANALYSIS/RESULT/graphs/Whyp_0.72.2_APKPure_dynamic_callgraph.txt,,graph_only,,,,,0,,,graph present in graph-corpus stem list but no matching row in summary_dynamic.csv
WiFi Password Show Key Master_1.0.5_APKPure,,,,,/local-storage/RESEARCH/APKPURE_ANALYSIS/APKPURE_DYNAMIC_ANALYSIS/RESULT/graphs/WiFi Password Show Key Master_1.0.5_APKPure_dynamic_callgraph.txt,,graph_only,,,,,0,,,graph present in graph-corpus stem list but no matching row in summary_dynamic.csv
Wifi Password Wifi Hotspot_1.1.7_APKPure,,,,,/local-storage/RESEARCH/APKPURE_ANALYSIS/APKPURE_DYNAMIC_ANALYSIS/RESULT/graphs/Wifi Password Wifi Hotspot_1.1.7_APKPure_dynamic_callgraph.txt,,graph_only,,,,,0,,,graph present in graph-corpus stem list but no matching row in summary_dynamic.csv
WinWin_1.30.0-release_APKPure,,,,,/local-storage/RESEARCH/APKPURE_ANALYSIS/APKPURE_DYNAMIC_ANALYSIS/RESULT/graphs/WinWin_1.30.0-release_APKPure_dynamic_callgraph.txt,,graph_only,,,,,0,,,graph present in graph-corpus stem list but no matching row in summary_dynamic.csv
World Clock  Widget_2.7.8_APKPure,,,,,/local-storage/RESEARCH/APKPURE_ANALYSIS/APKPURE_DYNAMIC_ANALYSIS/RESULT/graphs/World Clock  Widget_2.7.8_APKPure_dynamic_callgraph.txt,,graph_only,,,,,0,,,graph present in graph-corpus stem list but no matching row in summary_dynamic.csv
World News_2.7.1_APKPure,,,,,/local-storage/RESEARCH/APKPURE_ANALYSIS/APKPURE_DYNAMIC_ANALYSIS/RESULT/graphs/World News_2.7.1_APKPure_dynamic_callgraph.txt,,graph_only,,,,,0,,,graph present in graph-corpus stem list but no matching row in summary_dynamic.csv
Xiaomi Home_10.8.621_APKPure,,,,,/local-storage/RESEARCH/APKPURE_ANALYSIS/APKPURE_DYNAMIC_ANALYSIS/RESULT/graphs/Xiaomi Home_10.8.621_APKPure_dynamic_callgraph.txt,,graph_only,,,,,0,,,graph present in graph-corpus stem list but no matching row in summary_dynamic.csv
Xperia 1 IV theme for launcher_3.20.51_APKPure,,,,,/local-storage/RESEARCH/APKPURE_ANALYSIS/APKPURE_DYNAMIC_ANALYSIS/RESULT/graphs/Xperia 1 IV theme for launcher_3.20.51_APKPure_dynamic_callgraph.txt,,graph_only,,,,,0,,,graph present in graph-corpus stem list but no matching row in summary_dynamic.csv
YellowZap_2.4.17_APKPure,,,,,/local-storage/RESEARCH/APKPURE_ANALYSIS/APKPURE_DYNAMIC_ANALYSIS/RESULT/graphs/YellowZap_2.4.17_APKPure_dynamic_callgraph.txt,,graph_only,,,,,0,,,graph present in graph-corpus stem list but no matching row in summary_dynamic.csv
ZArchiver_1.0.10_APKPure,,,,,/local-storage/RESEARCH/APKPURE_ANALYSIS/APKPURE_DYNAMIC_ANALYSIS/RESULT/graphs/ZArchiver_1.0.10_APKPure_dynamic_callgraph.txt,,graph_only,,,,,0,,,graph present in graph-corpus stem list but no matching row in summary_dynamic.csv
ZVV_2.9.2_APKPure,,,,,/local-storage/RESEARCH/APKPURE_ANALYSIS/APKPURE_DYNAMIC_ANALYSIS/RESULT/graphs/ZVV_2.9.2_APKPure_dynamic_callgraph.txt,,graph_only,,,,,0,,,graph present in graph-corpus stem list but no matching row in summary_dynamic.csv
Zepto_25.7.1_APKPure,,,,,/local-storage/RESEARCH/APKPURE_ANALYSIS/APKPURE_DYNAMIC_ANALYSIS/RESULT/graphs/Zepto_25.7.1_APKPure_dynamic_callgraph.txt,,graph_only,,,,,0,,,graph present in graph-corpus stem list but no matching row in summary_dynamic.csv
drug eye index_3.20.51_APKPure,,,,,/local-storage/RESEARCH/APKPURE_ANALYSIS/APKPURE_DYNAMIC_ANALYSIS/RESULT/graphs/drug eye index_3.20.51_APKPure_dynamic_callgraph.txt,,graph_only,,,,,0,,,graph present in graph-corpus stem list but no matching row in summary_dynamic.csv
duksmaps_3.20.51_APKPure,,,,,/local-storage/RESEARCH/APKPURE_ANALYSIS/APKPURE_DYNAMIC_ANALYSIS/RESULT/graphs/duksmaps_3.20.51_APKPure_dynamic_callgraph.txt,,graph_only,,,,,0,,,graph present in graph-corpus stem list but no matching row in summary_dynamic.csv
dydo_3.20.51_APKPure,,,,,/local-storage/RESEARCH/APKPURE_ANALYSIS/APKPURE_DYNAMIC_ANALYSIS/RESULT/graphs/dydo_3.20.51_APKPure_dynamic_callgraph.txt,,graph_only,,,,,0,,,graph present in graph-corpus stem list but no matching row in summary_dynamic.csv
eKavach_4.0.87_APKPure,,,,,/local-storage/RESEARCH/APKPURE_ANALYSIS/APKPURE_DYNAMIC_ANALYSIS/RESULT/graphs/eKavach_4.0.87_APKPure_dynamic_callgraph.txt,,graph_only,,,,,0,,,graph present in graph-corpus stem list but no matching row in summary_dynamic.csv
i-Neighbour_4.6.0_APKPure,,,,,/local-storage/RESEARCH/APKPURE_ANALYSIS/APKPURE_DYNAMIC_ANALYSIS/RESULT/graphs/i-Neighbour_4.6.0_APKPure_dynamic_callgraph.txt,,graph_only,,,,,0,,,graph present in graph-corpus stem list but no matching row in summary_dynamic.csv
iOS Emojis For Android_3.20.51_APKPure,,,,,/local-storage/RESEARCH/APKPURE_ANALYSIS/APKPURE_DYNAMIC_ANALYSIS/RESULT/graphs/iOS Emojis For Android_3.20.51_APKPure_dynamic_callgraph.txt,,graph_only,,,,,0,,,graph present in graph-corpus stem list but no matching row in summary_dynamic.csv
iR Radio_1.0.1_APKPure,,,,,/local-storage/RESEARCH/APKPURE_ANALYSIS/APKPURE_DYNAMIC_ANALYSIS/RESULT/graphs/iR Radio_1.0.1_APKPure_dynamic_callgraph.txt,,graph_only,,,,,0,,,graph present in graph-corpus stem list but no matching row in summary_dynamic.csv
mcpro24fps demo_3.20.51_APKPure,,,,,/local-storage/RESEARCH/APKPURE_ANALYSIS/APKPURE_DYNAMIC_ANALYSIS/RESULT/graphs/mcpro24fps demo_3.20.51_APKPure_dynamic_callgraph.txt,,graph_only,,,,,0,,,graph present in graph-corpus stem list but no matching row in summary_dynamic.csv
phoenix_3.3.9_APKPure,,,,,/local-storage/RESEARCH/APKPURE_ANALYSIS/APKPURE_DYNAMIC_ANALYSIS/RESULT/graphs/phoenix_3.3.9_APKPure_dynamic_callgraph.txt,,graph_only,,,,,0,,,graph present in graph-corpus stem list but no matching row in summary_dynamic.csv
racine_1.4.45_APKPure,,,,,/local-storage/RESEARCH/APKPURE_ANALYSIS/APKPURE_DYNAMIC_ANALYSIS/RESULT/graphs/racine_1.4.45_APKPure_dynamic_callgraph.txt,,graph_only,,,,,0,,,graph present in graph-corpus stem list but no matching row in summary_dynamic.csv
skaigr_6.9.5_APKPure,,,,,/local-storage/RESEARCH/APKPURE_ANALYSIS/APKPURE_DYNAMIC_ANALYSIS/RESULT/graphs/skaigr_6.9.5_APKPure_dynamic_callgraph.txt,,graph_only,,,,,0,,,graph present in graph-corpus stem list but no matching row in summary_dynamic.csv
swype_6.9.3_APKPure,,,,,/local-storage/RESEARCH/APKPURE_ANALYSIS/APKPURE_DYNAMIC_ANALYSIS/RESULT/graphs/swype_6.9.3_APKPure_dynamic_callgraph.txt,,graph_only,,,,,0,,,graph present in graph-corpus stem list but no matching row in summary_dynamic.csv
А_1.17.00_APKPure,,,,,/local-storage/RESEARCH/APKPURE_ANALYSIS/APKPURE_DYNAMIC_ANALYSIS/RESULT/graphs/А_1.17.00_APKPure_dynamic_callgraph.txt,,graph_only,,,,,0,,,graph present in graph-corpus stem list but no matching row in summary_dynamic.csv
ВиК_2.0.1_APKPure,,,,,/local-storage/RESEARCH/APKPURE_ANALYSIS/APKPURE_DYNAMIC_ANALYSIS/RESULT/graphs/ВиК_2.0.1_APKPure_dynamic_callgraph.txt,,graph_only,,,,,0,,,graph present in graph-corpus stem list but no matching row in summary_dynamic.csv
Ниармедик - сеть клиник_2.6.28_APKPure,,,,,/local-storage/RESEARCH/APKPURE_ANALYSIS/APKPURE_DYNAMIC_ANALYSIS/RESULT/graphs/Ниармедик - сеть клиник_2.6.28_APKPure_dynamic_callgraph.txt,,graph_only,,,,,0,,,graph present in graph-corpus stem list but no matching row in summary_dynamic.csv
خضر عباس بدون نت  كلمات_2025.125.1_APKPure,,,,,/local-storage/RESEARCH/APKPURE_ANALYSIS/APKPURE_DYNAMIC_ANALYSIS/RESULT/graphs/خضر عباس بدون نت  كلمات_2025.125.1_APKPure_dynamic_callgraph.txt,,graph_only,,,,,0,,,graph present in graph-corpus stem list but no matching row in summary_dynamic.csv
سامي يوسف بدون انترنت_5.0.2_APKPure,,,,,/local-storage/RESEARCH/APKPURE_ANALYSIS/APKPURE_DYNAMIC_ANALYSIS/RESULT/graphs/سامي يوسف بدون انترنت_5.0.2_APKPure_dynamic_callgraph.txt,,graph_only,,,,,0,,,graph present in graph-corpus stem list but no matching row in summary_dynamic.csv
مامانا  بارداری هفته به هفته_1.6.4_APKPure,,,,,/local-storage/RESEARCH/APKPURE_ANALYSIS/APKPURE_DYNAMIC_ANALYSIS/RESULT/graphs/مامانا  بارداری هفته به هفته_1.6.4_APKPure_dynamic_callgraph.txt,,graph_only,,,,,0,,,graph present in graph-corpus stem list but no matching row in summary_dynamic.csv
محمد الحلفي بدون نت  كلمات_2025.125.0_APKPure,,,,,/local-storage/RESEARCH/APKPURE_ANALYSIS/APKPURE_DYNAMIC_ANALYSIS/RESULT/graphs/محمد الحلفي بدون نت  كلمات_2025.125.0_APKPure_dynamic_callgraph.txt,,graph_only,,,,,0,,,graph present in graph-corpus stem list but no matching row in summary_dynamic.csv
مشاري العفاسي قران بدون نت_2.3.1_APKPure,,,,,/local-storage/RESEARCH/APKPURE_ANALYSIS/APKPURE_DYNAMIC_ANALYSIS/RESULT/graphs/مشاري العفاسي قران بدون نت_2.3.1_APKPure_dynamic_callgraph.txt,,graph_only,,,,,0,,,graph present in graph-corpus stem list but no matching row in summary_dynamic.csv
발밤발밤_0.1.24_APKPure,,,,,/local-storage/RESEARCH/APKPURE_ANALYSIS/APKPURE_DYNAMIC_ANALYSIS/RESULT/graphs/발밤발밤_0.1.24_APKPure_dynamic_callgraph.txt,,graph_only,,,,,0,,,graph present in graph-corpus stem list but no matching row in summary_dynamic.csv
육아 일기 오늘쓰담_1.0.15_APKPure,,,,,/local-storage/RESEARCH/APKPURE_ANALYSIS/APKPURE_DYNAMIC_ANALYSIS/RESULT/graphs/육아 일기 오늘쓰담_1.0.15_APKPure_dynamic_callgraph.txt,,graph_only,,,,,0,,,graph present in graph-corpus stem list but no matching row in summary_dynamic.csv
