category,benchmark,tool,caller_class,caller_method,callee_receiver,callee_method,primary_tag,all_tags
Aliasing,Merge1,FLOWDROID,android.support.v4.app.BackStackRecord,add,android.support.v4.app.BackStackRecord,doAddOp,other,
Aliasing,Merge1,FLOWDROID,android.support.v4.app.BackStackRecord,commit,android.support.v4.app.BackStackRecord,commitInternal,other,
Aliasing,Merge1,FLOWDROID,android.support.v4.app.BackStackRecord,commitInternal,android.support.v4.app.FragmentManagerImpl,enqueueAction,other,
Aliasing,Merge1,FLOWDROID,android.support.v4.app.BackStackRecord,doAddOp,android.support.v4.app.BackStackRecord,addOp,other,
Aliasing,Merge1,FLOWDROID,android.support.v4.app.BackStackRecord,doAddOp,android.support.v4.app.BackStackRecord$Op,<init>,other,
Aliasing,Merge1,FLOWDROID,android.support.v4.app.Fragment,<clinit>,android.support.v4.util.SimpleArrayMap,<init>,other,
Aliasing,Merge1,FLOWDROID,android.support.v4.app.FragmentActivity,onCreate,android.app.Activity,getLastNonConfigurationInstance,component,component
Aliasing,Merge1,FLOWDROID,android.support.v4.app.FragmentActivity,onCreate,android.app.Activity,getLayoutInflater,component,component
Aliasing,Merge1,FLOWDROID,android.support.v4.app.FragmentActivity,onCreate,android.support.v4.app.FragmentManagerImpl,attachActivity,other,
Aliasing,Merge1,FLOWDROID,android.support.v4.app.FragmentActivity,onCreate,android.support.v4.app.FragmentManagerImpl,dispatchCreate,other,
Aliasing,Merge1,FLOWDROID,android.support.v4.app.FragmentActivity,onCreate,android.view.LayoutInflater,getFactory,other,
Aliasing,Merge1,FLOWDROID,android.support.v4.app.FragmentActivity,onCreate,android.view.LayoutInflater,setFactory,other,
Aliasing,Merge1,FLOWDROID,android.support.v4.app.FragmentActivity,onCreateView,android.app.Activity,onCreateView,callback,callback|component|entrypoint
Aliasing,Merge1,FLOWDROID,android.support.v4.app.FragmentActivity,onCreateView,java.lang.String,equals,other,
Aliasing,Merge1,FLOWDROID,android.support.v4.app.FragmentManagerImpl,beginTransaction,android.support.v4.app.BackStackRecord,<init>,other,
Aliasing,Merge1,FLOWDROID,android.support.v4.app.FragmentManagerImpl,dispatchCreate,android.support.v4.app.FragmentManagerImpl,moveToState,other,
Aliasing,Merge1,FLOWDROID,android.support.v4.app.FragmentManagerImpl,enqueueAction,android.os.Handler,post,other,
Aliasing,Merge1,FLOWDROID,android.support.v4.app.FragmentManagerImpl,enqueueAction,android.os.Handler,removeCallbacks,other,
Aliasing,Merge1,FLOWDROID,android.support.v4.app.FragmentManagerImpl,enqueueAction,android.support.v4.app.FragmentManagerImpl,checkStateLoss,other,
Aliasing,Merge1,FLOWDROID,android.support.v4.app.FragmentManagerImpl,enqueueAction,java.util.ArrayList,<init>,other,
Aliasing,Merge1,FLOWDROID,android.support.v4.app.FragmentManagerImpl,enqueueAction,java.util.ArrayList,add,other,
Aliasing,Merge1,FLOWDROID,android.support.v4.app.FragmentManagerImpl,enqueueAction,java.util.ArrayList,size,other,
Aliasing,Merge1,FLOWDROID,android.support.v4.app.FragmentManagerImpl,moveToState,android.support.v4.app.FragmentManagerImpl,moveToState,other,
Aliasing,Merge1,FLOWDROID,android.support.v4.app.NavUtils,getParentActivityName,android.app.Activity,getComponentName,component,component
Aliasing,Merge1,FLOWDROID,android.support.v4.app.NavUtils,getParentActivityName,android.content.Context,getPackageManager,ipc,ipc
Aliasing,Merge1,FLOWDROID,android.support.v4.app.NavUtils,getParentActivityName,android.content.pm.PackageManager,getActivityInfo,other,
Aliasing,Merge1,FLOWDROID,android.support.v4.app.NavUtils$NavUtilsImplJB,getParentActivityName,android.support.v4.app.NavUtils$NavUtilsImplBase,getParentActivityName,other,
Aliasing,Merge1,FLOWDROID,android.support.v7.app.ActionBarActivity,onContentChanged,android.support.v7.app.ActionBarActivityDelegate,onContentChanged,callback,callback
Aliasing,Merge1,FLOWDROID,android.support.v7.app.ActionBarActivity,onCreate,android.support.v7.app.ActionBarActivityDelegate,createDelegate,other,
Aliasing,Merge1,FLOWDROID,android.support.v7.app.ActionBarActivity,setContentView,android.support.v7.app.ActionBarActivityDelegate,setContentView,other,
Aliasing,Merge1,FLOWDROID,android.support.v7.app.ActionBarActivity,superSetContentView,android.app.Activity,setContentView,component,component
Aliasing,Merge1,FLOWDROID,android.support.v7.app.ActionBarActivityDelegate,createDelegate,android.support.v7.app.ActionBarActivityDelegateJBMR2,<init>,other,
Aliasing,Merge1,FLOWDROID,android.support.v7.app.ActionBarActivityDelegate,getUiOptionsFromMetadata,android.app.Activity,getComponentName,component,component
Aliasing,Merge1,FLOWDROID,android.support.v7.app.ActionBarActivityDelegate,getUiOptionsFromMetadata,android.content.ContextWrapper,getPackageManager,ipc,ipc
Aliasing,Merge1,FLOWDROID,android.support.v7.app.ActionBarActivityDelegate,getUiOptionsFromMetadata,android.content.pm.PackageManager,getActivityInfo,other,
Aliasing,Merge1,FLOWDROID,android.support.v7.app.ActionBarActivityDelegate,onCreate,android.content.Context,obtainStyledAttributes,ipc,ipc
Aliasing,Merge1,FLOWDROID,android.support.v7.app.ActionBarActivityDelegate,onCreate,android.content.res.TypedArray,getBoolean,other,
Aliasing,Merge1,FLOWDROID,android.support.v7.app.ActionBarActivityDelegate,onCreate,android.content.res.TypedArray,hasValue,other,
Aliasing,Merge1,FLOWDROID,android.support.v7.app.ActionBarActivityDelegate,onCreate,android.content.res.TypedArray,recycle,other,
Aliasing,Merge1,FLOWDROID,android.support.v7.app.ActionBarActivityDelegate,onCreate,android.support.v4.app.NavUtils,getParentActivityName,other,
Aliasing,Merge1,FLOWDROID,android.support.v7.app.ActionBarActivityDelegateICS,createWindowCallbackWrapper,android.support.v7.app.ActionBarActivityDelegateICS$WindowCallbackWrapper,<init>,other,
Aliasing,Merge1,FLOWDROID,android.support.v7.app.ActionBarActivityDelegateICS,onContentChanged,android.support.v7.app.ActionBarActivity,onSupportContentChanged,callback,callback|entrypoint
Aliasing,Merge1,FLOWDROID,android.support.v7.app.ActionBarActivityDelegateICS,onCreate,android.app.Activity,getWindow,component,component
Aliasing,Merge1,FLOWDROID,android.support.v7.app.ActionBarActivityDelegateICS,onCreate,android.app.Activity,requestWindowFeature,component,component
Aliasing,Merge1,FLOWDROID,android.support.v7.app.ActionBarActivityDelegateICS,onCreate,android.support.v7.app.ActionBarActivityDelegate,getUiOptionsFromMetadata,other,
Aliasing,Merge1,FLOWDROID,android.support.v7.app.ActionBarActivityDelegateICS,onCreate,android.support.v7.app.ActionBarActivityDelegateICS,createWindowCallbackWrapper,other,
Aliasing,Merge1,FLOWDROID,android.support.v7.app.ActionBarActivityDelegateICS,onCreate,android.view.Window,getCallback,other,
Aliasing,Merge1,FLOWDROID,android.support.v7.app.ActionBarActivityDelegateICS,onCreate,android.view.Window,setCallback,other,
Aliasing,Merge1,FLOWDROID,android.support.v7.app.ActionBarActivityDelegateICS,onCreate,java.lang.String,equals,other,
Aliasing,Merge1,FLOWDROID,android.support.v7.app.ActionBarActivityDelegateICS,setContentView,android.support.v7.app.ActionBarActivity,superSetContentView,other,
Aliasing,Merge1,FLOWDROID,android.support.v7.app.ActionBarActivityDelegateICS$WindowCallbackWrapper,onWindowAttributesChanged,android.view.Window$Callback,onWindowAttributesChanged,callback,callback
Aliasing,Merge1,FLOWDROID,de.ecspride.MainActivity,aliasFlowTest,android.telephony.SmsManager,sendTextMessage,sensitive_api,sensitive_api|telephony
Aliasing,Merge1,FLOWDROID,de.ecspride.MainActivity,aliasFlowTest,android.telephony.TelephonyManager,getDeviceId,sensitive_api,sensitive_api|telephony
Aliasing,Merge1,FLOWDROID,de.ecspride.MainActivity,onCreate,android.support.v4.app.FragmentManager,beginTransaction,other,
Aliasing,Merge1,FLOWDROID,de.ecspride.MainActivity,onCreate,android.support.v4.app.FragmentTransaction,add,other,
Aliasing,Merge1,FLOWDROID,de.ecspride.MainActivity,onCreate,android.support.v4.app.FragmentTransaction,commit,other,
Aliasing,Merge1,GATOR,android.support.v4.app.FragmentActivity,onCreate,android.view.LayoutInflater,getFactory,other,
Aliasing,Merge1,GATOR,android.support.v4.app.FragmentActivity,onCreate,android.view.LayoutInflater,setFactory,other,
Aliasing,Merge1,GATOR,android.support.v4.app.NavUtils,getParentActivityName,android.content.pm.PackageManager,getActivityInfo,other,
Aliasing,Merge1,GATOR,android.support.v7.app.ActionBarActivityDelegate,getUiOptionsFromMetadata,android.content.pm.PackageManager,getActivityInfo,other,
Aliasing,Merge1,GATOR,android.support.v7.app.ActionBarActivityDelegateICS,onCreate,android.view.Window,getCallback,other,
Aliasing,Merge1,GATOR,android.support.v7.app.ActionBarActivityDelegateICS,onCreate,android.view.Window,setCallback,other,
Aliasing,Merge1,MAMADROID,android.support.v4.app.BackStackRecord,add,android.support.v4.app.BackStackRecord,doAddOp,other,
Aliasing,Merge1,MAMADROID,android.support.v4.app.BackStackRecord,commit,android.support.v4.app.BackStackRecord,commitInternal,other,
Aliasing,Merge1,MAMADROID,android.support.v4.app.BackStackRecord,commitInternal,android.support.v4.app.FragmentManagerImpl,enqueueAction,other,
Aliasing,Merge1,MAMADROID,android.support.v4.app.BackStackRecord,doAddOp,android.support.v4.app.BackStackRecord,addOp,other,
Aliasing,Merge1,MAMADROID,android.support.v4.app.BackStackRecord,doAddOp,android.support.v4.app.BackStackRecord$Op,<init>,other,
Aliasing,Merge1,MAMADROID,android.support.v4.app.Fragment,<clinit>,android.support.v4.util.SimpleArrayMap,<init>,other,
Aliasing,Merge1,MAMADROID,android.support.v4.app.FragmentActivity,onCreate,android.app.Activity,getLastNonConfigurationInstance,component,component
Aliasing,Merge1,MAMADROID,android.support.v4.app.FragmentActivity,onCreate,android.app.Activity,getLayoutInflater,component,component
Aliasing,Merge1,MAMADROID,android.support.v4.app.FragmentActivity,onCreate,android.support.v4.app.FragmentManagerImpl,attachActivity,other,
Aliasing,Merge1,MAMADROID,android.support.v4.app.FragmentActivity,onCreate,android.support.v4.app.FragmentManagerImpl,dispatchCreate,other,
Aliasing,Merge1,MAMADROID,android.support.v4.app.FragmentActivity,onCreate,android.view.LayoutInflater,getFactory,other,
Aliasing,Merge1,MAMADROID,android.support.v4.app.FragmentActivity,onCreate,android.view.LayoutInflater,setFactory,other,
Aliasing,Merge1,MAMADROID,android.support.v4.app.FragmentActivity,onCreateView,android.app.Activity,onCreateView,callback,callback|component|entrypoint
Aliasing,Merge1,MAMADROID,android.support.v4.app.FragmentActivity,onCreateView,java.lang.String,equals,other,
Aliasing,Merge1,MAMADROID,android.support.v4.app.FragmentManagerImpl,beginTransaction,android.support.v4.app.BackStackRecord,<init>,other,
Aliasing,Merge1,MAMADROID,android.support.v4.app.FragmentManagerImpl,dispatchCreate,android.support.v4.app.FragmentManagerImpl,moveToState,other,
Aliasing,Merge1,MAMADROID,android.support.v4.app.FragmentManagerImpl,enqueueAction,android.os.Handler,post,other,
Aliasing,Merge1,MAMADROID,android.support.v4.app.FragmentManagerImpl,enqueueAction,android.os.Handler,removeCallbacks,other,
Aliasing,Merge1,MAMADROID,android.support.v4.app.FragmentManagerImpl,enqueueAction,android.support.v4.app.FragmentManagerImpl,checkStateLoss,other,
Aliasing,Merge1,MAMADROID,android.support.v4.app.FragmentManagerImpl,enqueueAction,java.util.ArrayList,<init>,other,
Aliasing,Merge1,MAMADROID,android.support.v4.app.FragmentManagerImpl,enqueueAction,java.util.ArrayList,add,other,
Aliasing,Merge1,MAMADROID,android.support.v4.app.FragmentManagerImpl,enqueueAction,java.util.ArrayList,size,other,
Aliasing,Merge1,MAMADROID,android.support.v4.app.FragmentManagerImpl,moveToState,android.support.v4.app.FragmentManagerImpl,moveToState,other,
Aliasing,Merge1,MAMADROID,android.support.v4.app.NavUtils,getParentActivityName,android.app.Activity,getComponentName,component,component
Aliasing,Merge1,MAMADROID,android.support.v4.app.NavUtils,getParentActivityName,android.content.Context,getPackageManager,ipc,ipc
Aliasing,Merge1,MAMADROID,android.support.v4.app.NavUtils,getParentActivityName,android.content.pm.PackageManager,getActivityInfo,other,
Aliasing,Merge1,MAMADROID,android.support.v4.app.NavUtils$NavUtilsImplJB,getParentActivityName,android.support.v4.app.NavUtils$NavUtilsImplBase,getParentActivityName,other,
Aliasing,Merge1,MAMADROID,android.support.v7.app.ActionBarActivity,onContentChanged,android.support.v7.app.ActionBarActivityDelegate,onContentChanged,callback,callback
Aliasing,Merge1,MAMADROID,android.support.v7.app.ActionBarActivity,onCreate,android.support.v7.app.ActionBarActivityDelegate,createDelegate,other,
Aliasing,Merge1,MAMADROID,android.support.v7.app.ActionBarActivity,setContentView,android.support.v7.app.ActionBarActivityDelegate,setContentView,other,
Aliasing,Merge1,MAMADROID,android.support.v7.app.ActionBarActivity,superSetContentView,android.app.Activity,setContentView,component,component
Aliasing,Merge1,MAMADROID,android.support.v7.app.ActionBarActivityDelegate,createDelegate,android.support.v7.app.ActionBarActivityDelegateJBMR2,<init>,other,
Aliasing,Merge1,MAMADROID,android.support.v7.app.ActionBarActivityDelegate,getUiOptionsFromMetadata,android.app.Activity,getComponentName,component,component
Aliasing,Merge1,MAMADROID,android.support.v7.app.ActionBarActivityDelegate,getUiOptionsFromMetadata,android.content.ContextWrapper,getPackageManager,ipc,ipc
Aliasing,Merge1,MAMADROID,android.support.v7.app.ActionBarActivityDelegate,getUiOptionsFromMetadata,android.content.pm.PackageManager,getActivityInfo,other,
Aliasing,Merge1,MAMADROID,android.support.v7.app.ActionBarActivityDelegate,onCreate,android.content.Context,obtainStyledAttributes,ipc,ipc
Aliasing,Merge1,MAMADROID,android.support.v7.app.ActionBarActivityDelegate,onCreate,android.content.res.TypedArray,getBoolean,other,
Aliasing,Merge1,MAMADROID,android.support.v7.app.ActionBarActivityDelegate,onCreate,android.content.res.TypedArray,hasValue,other,
Aliasing,Merge1,MAMADROID,android.support.v7.app.ActionBarActivityDelegate,onCreate,android.content.res.TypedArray,recycle,other,
Aliasing,Merge1,MAMADROID,android.support.v7.app.ActionBarActivityDelegate,onCreate,android.support.v4.app.NavUtils,getParentActivityName,other,
Aliasing,Merge1,MAMADROID,android.support.v7.app.ActionBarActivityDelegateICS,createWindowCallbackWrapper,android.support.v7.app.ActionBarActivityDelegateICS$WindowCallbackWrapper,<init>,other,
Aliasing,Merge1,MAMADROID,android.support.v7.app.ActionBarActivityDelegateICS,onContentChanged,android.support.v7.app.ActionBarActivity,onSupportContentChanged,callback,callback|entrypoint
Aliasing,Merge1,MAMADROID,android.support.v7.app.ActionBarActivityDelegateICS,onCreate,android.app.Activity,getWindow,component,component
Aliasing,Merge1,MAMADROID,android.support.v7.app.ActionBarActivityDelegateICS,onCreate,android.app.Activity,requestWindowFeature,component,component
Aliasing,Merge1,MAMADROID,android.support.v7.app.ActionBarActivityDelegateICS,onCreate,android.support.v7.app.ActionBarActivityDelegate,getUiOptionsFromMetadata,other,
Aliasing,Merge1,MAMADROID,android.support.v7.app.ActionBarActivityDelegateICS,onCreate,android.support.v7.app.ActionBarActivityDelegateICS,createWindowCallbackWrapper,other,
Aliasing,Merge1,MAMADROID,android.support.v7.app.ActionBarActivityDelegateICS,onCreate,android.view.Window,getCallback,other,
Aliasing,Merge1,MAMADROID,android.support.v7.app.ActionBarActivityDelegateICS,onCreate,android.view.Window,setCallback,other,
Aliasing,Merge1,MAMADROID,android.support.v7.app.ActionBarActivityDelegateICS,onCreate,java.lang.String,equals,other,
Aliasing,Merge1,MAMADROID,android.support.v7.app.ActionBarActivityDelegateICS,setContentView,android.support.v7.app.ActionBarActivity,superSetContentView,other,
Aliasing,Merge1,MAMADROID,android.support.v7.app.ActionBarActivityDelegateICS$WindowCallbackWrapper,onWindowAttributesChanged,android.view.Window$Callback,onWindowAttributesChanged,callback,callback
Aliasing,Merge1,MAMADROID,de.ecspride.MainActivity,aliasFlowTest,android.telephony.SmsManager,sendTextMessage,sensitive_api,sensitive_api|telephony
Aliasing,Merge1,MAMADROID,de.ecspride.MainActivity,aliasFlowTest,android.telephony.TelephonyManager,getDeviceId,sensitive_api,sensitive_api|telephony
Aliasing,Merge1,MAMADROID,de.ecspride.MainActivity,onCreate,android.support.v4.app.FragmentManager,beginTransaction,other,
Aliasing,Merge1,MAMADROID,de.ecspride.MainActivity,onCreate,android.support.v4.app.FragmentTransaction,add,other,
Aliasing,Merge1,MAMADROID,de.ecspride.MainActivity,onCreate,android.support.v4.app.FragmentTransaction,commit,other,
Aliasing,Merge1,NATIDROID,android.support.v4.app.FragmentActivity,onCreate,android.view.LayoutInflater,getFactory,other,
Aliasing,Merge1,NATIDROID,android.support.v4.app.FragmentActivity,onCreate,android.view.LayoutInflater,setFactory,other,
Aliasing,Merge1,NATIDROID,android.support.v4.app.NavUtils,getParentActivityName,android.content.pm.PackageManager,getActivityInfo,other,
Aliasing,Merge1,NATIDROID,android.support.v7.app.ActionBarActivityDelegate,getUiOptionsFromMetadata,android.content.pm.PackageManager,getActivityInfo,other,
Aliasing,Merge1,NATIDROID,android.support.v7.app.ActionBarActivityDelegateICS,onCreate,android.view.Window,getCallback,other,
Aliasing,Merge1,NATIDROID,android.support.v7.app.ActionBarActivityDelegateICS,onCreate,android.view.Window,setCallback,other,
AndroidSpecific,ApplicationModeling1,FLOWDROID,edu.mit.application_modeling.MainActivity,onCreate,android.telephony.TelephonyManager,getDeviceId,sensitive_api,sensitive_api|telephony
AndroidSpecific,ApplicationModeling1,MAMADROID,edu.mit.application_modeling.MainActivity,onCreate,android.telephony.TelephonyManager,getDeviceId,sensitive_api,sensitive_api|telephony
AndroidSpecific,DirectLeak1,FLOWDROID,de.ecspride.MainActivity,onCreate,android.telephony.SmsManager,sendTextMessage,sensitive_api,sensitive_api|telephony
AndroidSpecific,DirectLeak1,FLOWDROID,de.ecspride.MainActivity,onCreate,android.telephony.TelephonyManager,getDeviceId,sensitive_api,sensitive_api|telephony
AndroidSpecific,DirectLeak1,MAMADROID,de.ecspride.MainActivity,onCreate,android.telephony.SmsManager,sendTextMessage,sensitive_api,sensitive_api|telephony
AndroidSpecific,DirectLeak1,MAMADROID,de.ecspride.MainActivity,onCreate,android.telephony.TelephonyManager,getDeviceId,sensitive_api,sensitive_api|telephony
AndroidSpecific,Library2,FLOWDROID,de.ecspride.LibClass,getIMEI,android.telephony.TelephonyManager,getDeviceId,sensitive_api,sensitive_api|telephony
AndroidSpecific,Library2,FLOWDROID,de.ecspride.MainActivity,onCreate,android.telephony.SmsManager,sendTextMessage,sensitive_api,sensitive_api|telephony
AndroidSpecific,Library2,MAMADROID,de.ecspride.LibClass,getIMEI,android.telephony.TelephonyManager,getDeviceId,sensitive_api,sensitive_api|telephony
AndroidSpecific,Library2,MAMADROID,de.ecspride.MainActivity,onCreate,android.telephony.SmsManager,sendTextMessage,sensitive_api,sensitive_api|telephony
AndroidSpecific,Obfuscation1,FLOWDROID,de.ecspride.MainActivity,onCreate,android.telephony.SmsManager,sendTextMessage,sensitive_api,sensitive_api|telephony
AndroidSpecific,Obfuscation1,FLOWDROID,de.ecspride.MainActivity,onCreate,android.telephony.TelephonyManager,getDeviceId,sensitive_api,sensitive_api|telephony
AndroidSpecific,Obfuscation1,MAMADROID,de.ecspride.MainActivity,onCreate,android.telephony.SmsManager,sendTextMessage,sensitive_api,sensitive_api|telephony
AndroidSpecific,Obfuscation1,MAMADROID,de.ecspride.MainActivity,onCreate,android.telephony.TelephonyManager,getDeviceId,sensitive_api,sensitive_api|telephony
AndroidSpecific,Parcel1,FLOWDROID,edu.mit.parcel.MainActivity,onCreate,android.telephony.TelephonyManager,getDeviceId,sensitive_api,sensitive_api|telephony
AndroidSpecific,Parcel1,FLOWDROID,edu.mit.parcel.MainActivity,writeParcel,android.os.Parcel,marshall,other,
AndroidSpecific,Parcel1,FLOWDROID,edu.mit.parcel.MainActivity,writeParcel,android.os.Parcel,readValue,other,
AndroidSpecific,Parcel1,FLOWDROID,edu.mit.parcel.MainActivity,writeParcel,android.os.Parcel,recycle,other,
AndroidSpecific,Parcel1,FLOWDROID,edu.mit.parcel.MainActivity,writeParcel,android.os.Parcel,setDataPosition,other,
AndroidSpecific,Parcel1,FLOWDROID,edu.mit.parcel.MainActivity,writeParcel,android.os.Parcel,unmarshall,other,
AndroidSpecific,Parcel1,FLOWDROID,edu.mit.parcel.MainActivity,writeParcel,android.os.Parcel,writeValue,other,
AndroidSpecific,Parcel1,FLOWDROID,edu.mit.parcel.MainActivity,writeParcel,android.telephony.SmsManager,sendTextMessage,sensitive_api,sensitive_api|telephony
AndroidSpecific,Parcel1,FLOWDROID,edu.mit.parcel.MainActivity$Foo,writeToParcel,android.os.Parcel,writeValue,other,
AndroidSpecific,Parcel1,FLOWDROID,edu.mit.parcel.MainActivity$Foo$1,createFromParcel,android.os.Parcel,readValue,other,
AndroidSpecific,Parcel1,FLOWDROID,edu.mit.parcel.MainActivity$Foo$1,createFromParcel,edu.mit.parcel.MainActivity$Foo,<init>,other,
AndroidSpecific,Parcel1,FLOWDROID,edu.mit.parcel.MainActivity$Foo$1,createFromParcel,edu.mit.parcel.MainActivity$Foo$1,createFromParcel,other,
AndroidSpecific,Parcel1,FLOWDROID,edu.mit.parcel.MainActivity$Foo$1,createFromParcel,java.lang.Class,getClassLoader,reflection,reflection
AndroidSpecific,Parcel1,MAMADROID,edu.mit.parcel.MainActivity,onCreate,android.telephony.TelephonyManager,getDeviceId,sensitive_api,sensitive_api|telephony
AndroidSpecific,Parcel1,MAMADROID,edu.mit.parcel.MainActivity,writeParcel,android.os.Parcel,marshall,other,
AndroidSpecific,Parcel1,MAMADROID,edu.mit.parcel.MainActivity,writeParcel,android.os.Parcel,readValue,other,
AndroidSpecific,Parcel1,MAMADROID,edu.mit.parcel.MainActivity,writeParcel,android.os.Parcel,recycle,other,
AndroidSpecific,Parcel1,MAMADROID,edu.mit.parcel.MainActivity,writeParcel,android.os.Parcel,setDataPosition,other,
AndroidSpecific,Parcel1,MAMADROID,edu.mit.parcel.MainActivity,writeParcel,android.os.Parcel,unmarshall,other,
AndroidSpecific,Parcel1,MAMADROID,edu.mit.parcel.MainActivity,writeParcel,android.os.Parcel,writeValue,other,
AndroidSpecific,Parcel1,MAMADROID,edu.mit.parcel.MainActivity,writeParcel,android.telephony.SmsManager,sendTextMessage,sensitive_api,sensitive_api|telephony
AndroidSpecific,Parcel1,MAMADROID,edu.mit.parcel.MainActivity$Foo,writeToParcel,android.os.Parcel,writeValue,other,
AndroidSpecific,Parcel1,MAMADROID,edu.mit.parcel.MainActivity$Foo$1,createFromParcel,android.os.Parcel,readValue,other,
AndroidSpecific,Parcel1,MAMADROID,edu.mit.parcel.MainActivity$Foo$1,createFromParcel,edu.mit.parcel.MainActivity$Foo,<init>,other,
AndroidSpecific,Parcel1,MAMADROID,edu.mit.parcel.MainActivity$Foo$1,createFromParcel,edu.mit.parcel.MainActivity$Foo$1,createFromParcel,other,
AndroidSpecific,Parcel1,MAMADROID,edu.mit.parcel.MainActivity$Foo$1,createFromParcel,java.lang.Class,getClassLoader,reflection,reflection
AndroidSpecific,PrivateDataLeak1,FLOWDROID,de.ecspride.PrivateDateLeakage,onRestart,android.view.View,toString,other,
AndroidSpecific,PrivateDataLeak1,FLOWDROID,de.ecspride.PrivateDateLeakage,onRestart,android.widget.EditText,getText,other,
AndroidSpecific,PrivateDataLeak1,FLOWDROID,de.ecspride.PrivateDateLeakage,sendMessage,android.telephony.SmsManager,sendTextMessage,sensitive_api,sensitive_api|telephony
AndroidSpecific,PrivateDataLeak1,FLOWDROID,de.ecspride.PrivateDateLeakage,sendMessage,java.lang.String,toCharArray,other,
AndroidSpecific,PrivateDataLeak1,MAMADROID,de.ecspride.PrivateDateLeakage,onRestart,android.view.View,toString,other,
AndroidSpecific,PrivateDataLeak1,MAMADROID,de.ecspride.PrivateDateLeakage,onRestart,android.widget.EditText,getText,other,
AndroidSpecific,PrivateDataLeak1,MAMADROID,de.ecspride.PrivateDateLeakage,sendMessage,android.telephony.SmsManager,sendTextMessage,sensitive_api,sensitive_api|telephony
AndroidSpecific,PrivateDataLeak1,MAMADROID,de.ecspride.PrivateDateLeakage,sendMessage,java.lang.String,toCharArray,other,
AndroidSpecific,PrivateDataLeak2,FLOWDROID,de.ecspride.PrivateDataLeak2,onCreate,android.widget.EditText,getText,other,
AndroidSpecific,PrivateDataLeak2,FLOWDROID,de.ecspride.PrivateDataLeak2,onCreate,java.lang.Object,toString,other,
AndroidSpecific,PrivateDataLeak2,GATOR,de.ecspride.PrivateDataLeak2,onCreate,java.lang.Object,toString,other,
AndroidSpecific,PrivateDataLeak2,MAMADROID,de.ecspride.PrivateDataLeak2,onCreate,android.widget.EditText,getText,other,
AndroidSpecific,PrivateDataLeak2,MAMADROID,de.ecspride.PrivateDataLeak2,onCreate,java.lang.Object,toString,other,
AndroidSpecific,PrivateDataLeak2,NATIDROID,de.ecspride.PrivateDataLeak2,onCreate,java.lang.Object,toString,other,
AndroidSpecific,PrivateDataLeak3,FLOWDROID,de.ecspride.MainActivity,onCreate,android.telephony.TelephonyManager,getDeviceId,sensitive_api,sensitive_api|telephony
AndroidSpecific,PrivateDataLeak3,FLOWDROID,de.ecspride.MainActivity,onCreate,java.lang.String,getBytes,other,
AndroidSpecific,PrivateDataLeak3,FLOWDROID,de.ecspride.MainActivity,onCreateOptionsMenu,android.view.MenuInflater,inflate,other,
AndroidSpecific,PrivateDataLeak3,FLOWDROID,de.ecspride.MainActivity,onResume,android.telephony.SmsManager,sendTextMessage,sensitive_api,sensitive_api|telephony
AndroidSpecific,PrivateDataLeak3,FLOWDROID,de.ecspride.MainActivity,onResume,java.io.FileInputStream,close,other,
AndroidSpecific,PrivateDataLeak3,FLOWDROID,de.ecspride.MainActivity,onResume,java.io.FileInputStream,read,other,
AndroidSpecific,PrivateDataLeak3,MAMADROID,de.ecspride.MainActivity,onCreate,android.telephony.TelephonyManager,getDeviceId,sensitive_api,sensitive_api|telephony
AndroidSpecific,PrivateDataLeak3,MAMADROID,de.ecspride.MainActivity,onCreate,java.lang.String,getBytes,other,
AndroidSpecific,PrivateDataLeak3,MAMADROID,de.ecspride.MainActivity,onCreateOptionsMenu,android.view.MenuInflater,inflate,other,
AndroidSpecific,PrivateDataLeak3,MAMADROID,de.ecspride.MainActivity,onResume,android.telephony.SmsManager,sendTextMessage,sensitive_api,sensitive_api|telephony
AndroidSpecific,PrivateDataLeak3,MAMADROID,de.ecspride.MainActivity,onResume,java.io.FileInputStream,close,other,
AndroidSpecific,PrivateDataLeak3,MAMADROID,de.ecspride.MainActivity,onResume,java.io.FileInputStream,read,other,
AndroidSpecific,PublicAPIField1,FLOWDROID,edu.mit.public_api_field.MainActivity,onCreate,android.telephony.TelephonyManager,getDeviceId,sensitive_api,sensitive_api|telephony
AndroidSpecific,PublicAPIField1,FLOWDROID,edu.mit.public_api_field.MainActivity,onCreate,java.lang.String,substring,other,
AndroidSpecific,PublicAPIField1,MAMADROID,edu.mit.public_api_field.MainActivity,onCreate,android.telephony.TelephonyManager,getDeviceId,sensitive_api,sensitive_api|telephony
AndroidSpecific,PublicAPIField1,MAMADROID,edu.mit.public_api_field.MainActivity,onCreate,java.lang.String,substring,other,
AndroidSpecific,PublicAPIField2,FLOWDROID,edu.mit.icc_intent_class_modeling.MainActivity,onCreate,android.telephony.TelephonyManager,getDeviceId,sensitive_api,sensitive_api|telephony
AndroidSpecific,PublicAPIField2,MAMADROID,edu.mit.icc_intent_class_modeling.MainActivity,onCreate,android.telephony.TelephonyManager,getDeviceId,sensitive_api,sensitive_api|telephony
ArraysAndLists,ArrayAccess1,FLOWDROID,de.ecspride.ArrayAccess1,onCreate,android.telephony.SmsManager,sendTextMessage,sensitive_api,sensitive_api|telephony
ArraysAndLists,ArrayAccess1,FLOWDROID,de.ecspride.ArrayAccess1,onCreate,android.telephony.TelephonyManager,getDeviceId,sensitive_api,sensitive_api|telephony
ArraysAndLists,ArrayAccess1,MAMADROID,de.ecspride.ArrayAccess1,onCreate,android.telephony.SmsManager,sendTextMessage,sensitive_api,sensitive_api|telephony
ArraysAndLists,ArrayAccess1,MAMADROID,de.ecspride.ArrayAccess1,onCreate,android.telephony.TelephonyManager,getDeviceId,sensitive_api,sensitive_api|telephony
ArraysAndLists,ArrayAccess2,FLOWDROID,de.ecspride.ArrayAccess2,onCreate,android.telephony.SmsManager,sendTextMessage,sensitive_api,sensitive_api|telephony
ArraysAndLists,ArrayAccess2,FLOWDROID,de.ecspride.ArrayAccess2,onCreate,android.telephony.TelephonyManager,getDeviceId,sensitive_api,sensitive_api|telephony
ArraysAndLists,ArrayAccess2,FLOWDROID,de.ecspride.ArrayAccess2,onCreate,de.ecspride.ArrayAccess2,calculateIndex,other,
ArraysAndLists,ArrayAccess2,MAMADROID,de.ecspride.ArrayAccess2,onCreate,android.telephony.SmsManager,sendTextMessage,sensitive_api,sensitive_api|telephony
ArraysAndLists,ArrayAccess2,MAMADROID,de.ecspride.ArrayAccess2,onCreate,android.telephony.TelephonyManager,getDeviceId,sensitive_api,sensitive_api|telephony
ArraysAndLists,ArrayAccess2,MAMADROID,de.ecspride.ArrayAccess2,onCreate,de.ecspride.ArrayAccess2,calculateIndex,other,
ArraysAndLists,ArrayCopy1,FLOWDROID,edu.mit.array_copy.MainActivity,onCreate,android.telephony.TelephonyManager,getDeviceId,sensitive_api,sensitive_api|telephony
ArraysAndLists,ArrayCopy1,MAMADROID,edu.mit.array_copy.MainActivity,onCreate,android.telephony.TelephonyManager,getDeviceId,sensitive_api,sensitive_api|telephony
ArraysAndLists,ArrayToString1,FLOWDROID,edu.mit.to_string.MainActivity,onCreate,android.telephony.TelephonyManager,getDeviceId,sensitive_api,sensitive_api|telephony
ArraysAndLists,ArrayToString1,MAMADROID,edu.mit.to_string.MainActivity,onCreate,android.telephony.TelephonyManager,getDeviceId,sensitive_api,sensitive_api|telephony
ArraysAndLists,HashMapAccess1,FLOWDROID,de.ecspride.HashMapAccess1,onCreate,android.telephony.SmsManager,sendTextMessage,sensitive_api,sensitive_api|telephony
ArraysAndLists,HashMapAccess1,FLOWDROID,de.ecspride.HashMapAccess1,onCreate,android.telephony.TelephonyManager,getDeviceId,sensitive_api,sensitive_api|telephony
ArraysAndLists,HashMapAccess1,MAMADROID,de.ecspride.HashMapAccess1,onCreate,android.telephony.SmsManager,sendTextMessage,sensitive_api,sensitive_api|telephony
ArraysAndLists,HashMapAccess1,MAMADROID,de.ecspride.HashMapAccess1,onCreate,android.telephony.TelephonyManager,getDeviceId,sensitive_api,sensitive_api|telephony
ArraysAndLists,ListAccess1,FLOWDROID,de.ecspride.ListAccess1,onCreate,android.telephony.SmsManager,sendTextMessage,sensitive_api,sensitive_api|telephony
ArraysAndLists,ListAccess1,FLOWDROID,de.ecspride.ListAccess1,onCreate,android.telephony.TelephonyManager,getDeviceId,sensitive_api,sensitive_api|telephony
ArraysAndLists,ListAccess1,MAMADROID,de.ecspride.ListAccess1,onCreate,android.telephony.SmsManager,sendTextMessage,sensitive_api,sensitive_api|telephony
ArraysAndLists,ListAccess1,MAMADROID,de.ecspride.ListAccess1,onCreate,android.telephony.TelephonyManager,getDeviceId,sensitive_api,sensitive_api|telephony
ArraysAndLists,MultidimensionalArray1,FLOWDROID,edu.mit.array_slice.MainActivity,onCreate,android.telephony.TelephonyManager,getDeviceId,sensitive_api,sensitive_api|telephony
ArraysAndLists,MultidimensionalArray1,MAMADROID,edu.mit.array_slice.MainActivity,onCreate,android.telephony.TelephonyManager,getDeviceId,sensitive_api,sensitive_api|telephony
Callbacks,AnonymousClass1,FLOWDROID,de.ecspride.AnnonymousClass1,onCreate,android.location.LocationManager,requestLocationUpdates,location,location|sensitive_api
Callbacks,AnonymousClass1,FLOWDROID,de.ecspride.AnnonymousClass1$1,onLocationChanged,android.location.Location,getLatitude,location,location|sensitive_api
Callbacks,AnonymousClass1,FLOWDROID,de.ecspride.AnnonymousClass1$1,onLocationChanged,android.location.Location,getLongitude,location,location|sensitive_api
Callbacks,AnonymousClass1,FLOWDROID,de.ecspride.AnnonymousClass1$1,onLocationChanged,android.widget.Toast,show,other,
Callbacks,AnonymousClass1,MAMADROID,de.ecspride.AnnonymousClass1,onCreate,android.location.LocationManager,requestLocationUpdates,location,location|sensitive_api
Callbacks,AnonymousClass1,MAMADROID,de.ecspride.AnnonymousClass1$1,onLocationChanged,android.location.Location,getLatitude,location,location|sensitive_api
Callbacks,AnonymousClass1,MAMADROID,de.ecspride.AnnonymousClass1$1,onLocationChanged,android.location.Location,getLongitude,location,location|sensitive_api
Callbacks,AnonymousClass1,MAMADROID,de.ecspride.AnnonymousClass1$1,onLocationChanged,android.widget.Toast,show,other,
Callbacks,Button1,FLOWDROID,de.ecspride.Button1,onCreate,android.telephony.TelephonyManager,getDeviceId,sensitive_api,sensitive_api|telephony
Callbacks,Button1,FLOWDROID,de.ecspride.Button1,sendMessage,android.telephony.SmsManager,sendTextMessage,sensitive_api,sensitive_api|telephony
Callbacks,Button1,FLOWDROID,de.ecspride.Button1,sendMessage,android.widget.Toast,show,other,
Callbacks,Button1,MAMADROID,de.ecspride.Button1,onCreate,android.telephony.TelephonyManager,getDeviceId,sensitive_api,sensitive_api|telephony
Callbacks,Button1,MAMADROID,de.ecspride.Button1,sendMessage,android.telephony.SmsManager,sendTextMessage,sensitive_api,sensitive_api|telephony
Callbacks,Button1,MAMADROID,de.ecspride.Button1,sendMessage,android.widget.Toast,show,other,
Callbacks,Button2,FLOWDROID,de.ecspride.Button2,clickOnButton3,android.telephony.TelephonyManager,getDeviceId,sensitive_api,sensitive_api|telephony
Callbacks,Button2,FLOWDROID,de.ecspride.Button2,onCreate,android.view.View,setOnClickListener,other,
Callbacks,Button2,FLOWDROID,de.ecspride.Button2$1,onClick,android.telephony.SmsManager,sendTextMessage,sensitive_api,sensitive_api|telephony
Callbacks,Button2,MAMADROID,de.ecspride.Button2,clickOnButton3,android.telephony.TelephonyManager,getDeviceId,sensitive_api,sensitive_api|telephony
Callbacks,Button2,MAMADROID,de.ecspride.Button2,onCreate,android.view.View,setOnClickListener,other,
Callbacks,Button2,MAMADROID,de.ecspride.Button2$1,onClick,android.telephony.SmsManager,sendTextMessage,sensitive_api,sensitive_api|telephony
Callbacks,Button3,FLOWDROID,de.ecspride.Button1Listener,onClick,android.telephony.TelephonyManager,getDeviceId,sensitive_api,sensitive_api|telephony
Callbacks,Button3,FLOWDROID,de.ecspride.Button1Listener,onClick,android.view.View,setOnClickListener,other,
Callbacks,Button3,FLOWDROID,de.ecspride.Button2Listener,onClick,android.telephony.SmsManager,sendTextMessage,sensitive_api,sensitive_api|telephony
Callbacks,Button3,FLOWDROID,de.ecspride.MainActivity,onCreate,android.view.View,setOnClickListener,other,
Callbacks,Button3,FLOWDROID,de.ecspride.MainActivity,onCreateOptionsMenu,android.view.MenuInflater,inflate,other,
Callbacks,Button3,MAMADROID,de.ecspride.Button1Listener,onClick,android.telephony.TelephonyManager,getDeviceId,sensitive_api,sensitive_api|telephony
Callbacks,Button3,MAMADROID,de.ecspride.Button1Listener,onClick,android.view.View,setOnClickListener,other,
Callbacks,Button3,MAMADROID,de.ecspride.Button2Listener,onClick,android.telephony.SmsManager,sendTextMessage,sensitive_api,sensitive_api|telephony
Callbacks,Button3,MAMADROID,de.ecspride.MainActivity,onCreate,android.view.View,setOnClickListener,other,
Callbacks,Button3,MAMADROID,de.ecspride.MainActivity,onCreateOptionsMenu,android.view.MenuInflater,inflate,other,
Callbacks,Button4,FLOWDROID,de.ecspride.Button4,onCreate,android.telephony.TelephonyManager,getDeviceId,sensitive_api,sensitive_api|telephony
Callbacks,Button4,FLOWDROID,de.ecspride.Button4,sendMessage,android.telephony.SmsManager,sendTextMessage,sensitive_api,sensitive_api|telephony
Callbacks,Button4,FLOWDROID,de.ecspride.Button4,sendMessage,android.widget.Toast,show,other,
Callbacks,Button4,MAMADROID,de.ecspride.Button4,onCreate,android.telephony.TelephonyManager,getDeviceId,sensitive_api,sensitive_api|telephony
Callbacks,Button4,MAMADROID,de.ecspride.Button4,sendMessage,android.telephony.SmsManager,sendTextMessage,sensitive_api,sensitive_api|telephony
Callbacks,Button4,MAMADROID,de.ecspride.Button4,sendMessage,android.widget.Toast,show,other,
Callbacks,Button5,FLOWDROID,edu.mit.button_object_allocation.Button1,onCreate,android.telephony.TelephonyManager,getDeviceId,sensitive_api,sensitive_api|telephony
Callbacks,Button5,FLOWDROID,edu.mit.button_object_allocation.Button1,sendMessage,android.widget.TextView,getHint,other,
Callbacks,Button5,FLOWDROID,edu.mit.button_object_allocation.Button1,sendMessage,java.lang.CharSequence,toString,other,
Callbacks,Button5,MAMADROID,edu.mit.button_object_allocation.Button1,onCreate,android.telephony.TelephonyManager,getDeviceId,sensitive_api,sensitive_api|telephony
Callbacks,Button5,MAMADROID,edu.mit.button_object_allocation.Button1,sendMessage,android.widget.TextView,getHint,other,
Callbacks,Button5,MAMADROID,edu.mit.button_object_allocation.Button1,sendMessage,java.lang.CharSequence,toString,other,
Callbacks,LocationLeak1,FLOWDROID,de.ecspride.LocationLeak1,onCreate,android.location.LocationManager,requestLocationUpdates,location,location|sensitive_api
Callbacks,LocationLeak1,FLOWDROID,de.ecspride.LocationLeak1,onResume,android.widget.Toast,show,other,
Callbacks,LocationLeak1,FLOWDROID,de.ecspride.LocationLeak1$MyLocationListener,onLocationChanged,android.location.Location,getLatitude,location,location|sensitive_api
Callbacks,LocationLeak1,FLOWDROID,de.ecspride.LocationLeak1$MyLocationListener,onLocationChanged,android.location.Location,getLongitude,location,location|sensitive_api
Callbacks,LocationLeak1,MAMADROID,de.ecspride.LocationLeak1,onCreate,android.location.LocationManager,requestLocationUpdates,location,location|sensitive_api
Callbacks,LocationLeak1,MAMADROID,de.ecspride.LocationLeak1,onResume,android.widget.Toast,show,other,
Callbacks,LocationLeak1,MAMADROID,de.ecspride.LocationLeak1$MyLocationListener,onLocationChanged,android.location.Location,getLatitude,location,location|sensitive_api
Callbacks,LocationLeak1,MAMADROID,de.ecspride.LocationLeak1$MyLocationListener,onLocationChanged,android.location.Location,getLongitude,location,location|sensitive_api
Callbacks,LocationLeak2,FLOWDROID,de.ecspride.LocationLeak2,onCreate,android.location.LocationManager,requestLocationUpdates,location,location|sensitive_api
Callbacks,LocationLeak2,FLOWDROID,de.ecspride.LocationLeak2,onLocationChanged,android.location.Location,getLatitude,location,location|sensitive_api
Callbacks,LocationLeak2,FLOWDROID,de.ecspride.LocationLeak2,onLocationChanged,android.location.Location,getLongitude,location,location|sensitive_api
Callbacks,LocationLeak2,FLOWDROID,de.ecspride.LocationLeak2,onResume,android.widget.Toast,show,other,
Callbacks,LocationLeak2,MAMADROID,de.ecspride.LocationLeak2,onCreate,android.location.LocationManager,requestLocationUpdates,location,location|sensitive_api
Callbacks,LocationLeak2,MAMADROID,de.ecspride.LocationLeak2,onLocationChanged,android.location.Location,getLatitude,location,location|sensitive_api
Callbacks,LocationLeak2,MAMADROID,de.ecspride.LocationLeak2,onLocationChanged,android.location.Location,getLongitude,location,location|sensitive_api
Callbacks,LocationLeak2,MAMADROID,de.ecspride.LocationLeak2,onResume,android.widget.Toast,show,other,
Callbacks,LocationLeak3,FLOWDROID,de.ecspride.LocationLeak3,onCreate,android.location.LocationManager,requestLocationUpdates,location,location|sensitive_api
Callbacks,LocationLeak3,FLOWDROID,de.ecspride.MyLocationListener,onLocationChanged,android.location.Location,getLatitude,location,location|sensitive_api
Callbacks,LocationLeak3,FLOWDROID,de.ecspride.MyLocationListener,onLocationChanged,android.location.Location,getLongitude,location,location|sensitive_api
Callbacks,LocationLeak3,MAMADROID,de.ecspride.LocationLeak3,onCreate,android.location.LocationManager,requestLocationUpdates,location,location|sensitive_api
Callbacks,LocationLeak3,MAMADROID,de.ecspride.MyLocationListener,onLocationChanged,android.location.Location,getLatitude,location,location|sensitive_api
Callbacks,LocationLeak3,MAMADROID,de.ecspride.MyLocationListener,onLocationChanged,android.location.Location,getLongitude,location,location|sensitive_api
Callbacks,MethodOverride1,FLOWDROID,de.ecspride.MethodOverride1,attachBaseContext,android.telephony.TelephonyManager,getDeviceId,sensitive_api,sensitive_api|telephony
Callbacks,MethodOverride1,MAMADROID,de.ecspride.MethodOverride1,attachBaseContext,android.telephony.TelephonyManager,getDeviceId,sensitive_api,sensitive_api|telephony
Callbacks,MultiHandlers1,FLOWDROID,de.ecspride.MultiHandlers1,onCreate,android.location.LocationManager,requestLocationUpdates,location,location|sensitive_api
Callbacks,MultiHandlers1,MAMADROID,de.ecspride.MultiHandlers1,onCreate,android.location.LocationManager,requestLocationUpdates,location,location|sensitive_api
Callbacks,Ordering1,FLOWDROID,de.ecspride.MainActivity,onCreateOptionsMenu,android.view.MenuInflater,inflate,other,
Callbacks,Ordering1,FLOWDROID,de.ecspride.MainActivity,onDestroy,android.location.LocationManager,requestLocationUpdates,location,location|sensitive_api
Callbacks,Ordering1,MAMADROID,de.ecspride.MainActivity,onCreateOptionsMenu,android.view.MenuInflater,inflate,other,
Callbacks,Ordering1,MAMADROID,de.ecspride.MainActivity,onDestroy,android.location.LocationManager,requestLocationUpdates,location,location|sensitive_api
Callbacks,RegisterGlobal1,FLOWDROID,de.ecspride.MainActivity,onCreateOptionsMenu,android.view.MenuInflater,inflate,other,
Callbacks,RegisterGlobal1,FLOWDROID,de.ecspride.MyApplication$ApplicationCallbacks,onActivityPaused,android.telephony.SmsManager,sendTextMessage,sensitive_api,sensitive_api|telephony
Callbacks,RegisterGlobal1,FLOWDROID,de.ecspride.MyApplication$ApplicationCallbacks,onActivityStarted,android.telephony.TelephonyManager,getDeviceId,sensitive_api,sensitive_api|telephony
Callbacks,RegisterGlobal1,MAMADROID,de.ecspride.MainActivity,onCreateOptionsMenu,android.view.MenuInflater,inflate,other,
Callbacks,RegisterGlobal1,MAMADROID,de.ecspride.MyApplication$ApplicationCallbacks,onActivityPaused,android.telephony.SmsManager,sendTextMessage,sensitive_api,sensitive_api|telephony
Callbacks,RegisterGlobal1,MAMADROID,de.ecspride.MyApplication$ApplicationCallbacks,onActivityStarted,android.telephony.TelephonyManager,getDeviceId,sensitive_api,sensitive_api|telephony
Callbacks,RegisterGlobal2,FLOWDROID,de.ecspride.MyApplication$1,onConfigurationChanged,android.telephony.SmsManager,sendTextMessage,sensitive_api,sensitive_api|telephony
Callbacks,RegisterGlobal2,MAMADROID,de.ecspride.MyApplication,onCreate,android.app.Application,onCreate,callback,callback|entrypoint
Callbacks,RegisterGlobal2,MAMADROID,de.ecspride.MyApplication,onCreate,android.app.Application,registerComponentCallbacks,other,
Callbacks,RegisterGlobal2,MAMADROID,de.ecspride.MyApplication$1,<init>,java.lang.Object,<init>,other,
Callbacks,RegisterGlobal2,MAMADROID,de.ecspride.MyApplication$1,onConfigurationChanged,android.telephony.SmsManager,getDefault,telephony,telephony
Callbacks,RegisterGlobal2,MAMADROID,de.ecspride.MyApplication$1,onConfigurationChanged,android.telephony.SmsManager,sendTextMessage,sensitive_api,sensitive_api|telephony
Callbacks,Unregister1,FLOWDROID,de.ecspride.MainActivity,onCreate,android.view.View,setOnClickListener,other,
Callbacks,Unregister1,FLOWDROID,de.ecspride.MainActivity,onCreateOptionsMenu,android.view.MenuInflater,inflate,other,
Callbacks,Unregister1,MAMADROID,de.ecspride.MainActivity,onCreate,android.view.View,setOnClickListener,other,
Callbacks,Unregister1,MAMADROID,de.ecspride.MainActivity,onCreateOptionsMenu,android.view.MenuInflater,inflate,other,
EmulatorDetection,ContentProvider1,FLOWDROID,de.ecspride.MyContentProvider,onCreate,android.telephony.TelephonyManager,getDeviceId,sensitive_api,sensitive_api|telephony
EmulatorDetection,ContentProvider1,FLOWDROID,de.ecspride.MyContentProvider,onCreate,java.lang.String,contains,other,
EmulatorDetection,ContentProvider1,MAMADROID,de.ecspride.MyContentProvider,onCreate,android.telephony.TelephonyManager,getDeviceId,sensitive_api,sensitive_api|telephony
EmulatorDetection,ContentProvider1,MAMADROID,de.ecspride.MyContentProvider,onCreate,java.lang.String,contains,other,
EmulatorDetection,IMEI1,FLOWDROID,de.ecspride.MainActivity,onCreate,android.telephony.TelephonyManager,getDeviceId,sensitive_api,sensitive_api|telephony
EmulatorDetection,IMEI1,MAMADROID,de.ecspride.MainActivity,onCreate,android.telephony.TelephonyManager,getDeviceId,sensitive_api,sensitive_api|telephony
EmulatorDetection,IMEI1,MAMADROID,de.ecspride.MainActivity,onCreate,java.lang.StringBuilder,toString,other,
EmulatorDetection,PlayStore1,FLOWDROID,android.support.v4.app.BackStackRecord,add,android.support.v4.app.BackStackRecord,doAddOp,other,
EmulatorDetection,PlayStore1,FLOWDROID,android.support.v4.app.BackStackRecord,commit,android.support.v4.app.BackStackRecord,commitInternal,other,
EmulatorDetection,PlayStore1,FLOWDROID,android.support.v4.app.BackStackRecord,commitInternal,android.support.v4.app.FragmentManagerImpl,enqueueAction,other,
EmulatorDetection,PlayStore1,FLOWDROID,android.support.v4.app.BackStackRecord,doAddOp,android.support.v4.app.BackStackRecord,addOp,other,
EmulatorDetection,PlayStore1,FLOWDROID,android.support.v4.app.BackStackRecord,doAddOp,android.support.v4.app.BackStackRecord$Op,<init>,other,
EmulatorDetection,PlayStore1,FLOWDROID,android.support.v4.app.BackStackRecord,run,android.support.v4.app.BackStackRecord,bumpBackStackNesting,other,
EmulatorDetection,PlayStore1,FLOWDROID,android.support.v4.app.BackStackRecord,run,android.support.v4.app.FragmentManagerImpl,addFragment,other,
EmulatorDetection,PlayStore1,FLOWDROID,android.support.v4.app.BackStackRecord,run,android.support.v4.app.FragmentManagerImpl,moveToState,other,
EmulatorDetection,PlayStore1,FLOWDROID,android.support.v4.app.Fragment,<clinit>,android.support.v4.util.SimpleArrayMap,<init>,other,
EmulatorDetection,PlayStore1,FLOWDROID,android.support.v4.app.Fragment,getLayoutInflater,android.app.Activity,getLayoutInflater,component,component
EmulatorDetection,PlayStore1,FLOWDROID,android.support.v4.app.Fragment,onStart,android.support.v4.app.FragmentActivity,getLoaderManager,other,
EmulatorDetection,PlayStore1,FLOWDROID,android.support.v4.app.Fragment,performActivityCreated,android.support.v4.app.Fragment,onActivityCreated,callback,callback|entrypoint
EmulatorDetection,PlayStore1,FLOWDROID,android.support.v4.app.Fragment,performCreate,android.support.v4.app.Fragment,onCreate,callback,callback|entrypoint
EmulatorDetection,PlayStore1,FLOWDROID,android.support.v4.app.Fragment,performCreateView,android.support.v4.app.Fragment,onCreateView,callback,callback|entrypoint
EmulatorDetection,PlayStore1,FLOWDROID,android.support.v4.app.Fragment,performDestroy,android.support.v4.app.Fragment,onDestroy,callback,callback|entrypoint
EmulatorDetection,PlayStore1,FLOWDROID,android.support.v4.app.Fragment,performDestroyView,android.support.v4.app.Fragment,onDestroyView,callback,callback|entrypoint
EmulatorDetection,PlayStore1,FLOWDROID,android.support.v4.app.Fragment,performPause,android.support.v4.app.Fragment,onPause,callback,callback|entrypoint
EmulatorDetection,PlayStore1,FLOWDROID,android.support.v4.app.Fragment,performResume,android.support.v4.app.Fragment,onResume,callback,callback|entrypoint
EmulatorDetection,PlayStore1,FLOWDROID,android.support.v4.app.Fragment,performSaveInstanceState,android.support.v4.app.Fragment,onSaveInstanceState,callback,callback|entrypoint
EmulatorDetection,PlayStore1,FLOWDROID,android.support.v4.app.Fragment,performStart,android.support.v4.app.Fragment,onStart,callback,callback|entrypoint
EmulatorDetection,PlayStore1,FLOWDROID,android.support.v4.app.Fragment,performStop,android.support.v4.app.Fragment,onStop,callback,callback|entrypoint
EmulatorDetection,PlayStore1,FLOWDROID,android.support.v4.app.Fragment,restoreViewState,android.support.v4.app.Fragment,onViewStateRestored,callback,callback|entrypoint
EmulatorDetection,PlayStore1,FLOWDROID,android.support.v4.app.Fragment,setIndex,java.lang.StringBuilder,<init>,other,
EmulatorDetection,PlayStore1,FLOWDROID,android.support.v4.app.Fragment,setIndex,java.lang.StringBuilder,append,other,
EmulatorDetection,PlayStore1,FLOWDROID,android.support.v4.app.Fragment,setIndex,java.lang.StringBuilder,toString,other,
EmulatorDetection,PlayStore1,FLOWDROID,android.support.v4.app.FragmentActivity,doReallyStop,android.os.Handler,removeMessages,other,
EmulatorDetection,PlayStore1,FLOWDROID,android.support.v4.app.FragmentActivity,doReallyStop,android.support.v4.app.FragmentActivity,onReallyStop,callback,callback|entrypoint
EmulatorDetection,PlayStore1,FLOWDROID,android.support.v4.app.FragmentActivity,getLoaderManager,android.support.v4.util.SimpleArrayMap,<init>,other,
EmulatorDetection,PlayStore1,FLOWDROID,android.support.v4.app.FragmentActivity,getLoaderManager,android.support.v4.util.SimpleArrayMap,get,other,
EmulatorDetection,PlayStore1,FLOWDROID,android.support.v4.app.FragmentActivity,invalidateSupportFragment,android.support.v4.util.SimpleArrayMap,get,other,
EmulatorDetection,PlayStore1,FLOWDROID,android.support.v4.app.FragmentActivity,onBackPressed,android.app.Activity,finish,component,component
EmulatorDetection,PlayStore1,FLOWDROID,android.support.v4.app.FragmentActivity,onBackPressed,android.support.v4.app.FragmentManagerImpl,popBackStackImmediate,other,
EmulatorDetection,PlayStore1,FLOWDROID,android.support.v4.app.FragmentActivity,onCreate,android.app.Activity,getLastNonConfigurationInstance,component,component
EmulatorDetection,PlayStore1,FLOWDROID,android.support.v4.app.FragmentActivity,onCreate,android.app.Activity,getLayoutInflater,component,component
EmulatorDetection,PlayStore1,FLOWDROID,android.support.v4.app.FragmentActivity,onCreate,android.support.v4.app.FragmentManagerImpl,attachActivity,other,
EmulatorDetection,PlayStore1,FLOWDROID,android.support.v4.app.FragmentActivity,onCreate,android.support.v4.app.FragmentManagerImpl,dispatchCreate,other,
EmulatorDetection,PlayStore1,FLOWDROID,android.support.v4.app.FragmentActivity,onCreate,android.view.LayoutInflater,getFactory,other,
EmulatorDetection,PlayStore1,FLOWDROID,android.support.v4.app.FragmentActivity,onCreate,android.view.LayoutInflater,setFactory,other,
EmulatorDetection,PlayStore1,FLOWDROID,android.support.v4.app.FragmentActivity,onCreatePanelMenu,android.app.Activity,getMenuInflater,component,component
EmulatorDetection,PlayStore1,FLOWDROID,android.support.v4.app.FragmentActivity,onCreatePanelMenu,android.app.Activity,onCreatePanelMenu,callback,callback|component|entrypoint
EmulatorDetection,PlayStore1,FLOWDROID,android.support.v4.app.FragmentActivity,onCreatePanelMenu,android.support.v4.app.FragmentManagerImpl,dispatchCreateOptionsMenu,other,
EmulatorDetection,PlayStore1,FLOWDROID,android.support.v4.app.FragmentActivity,onCreateView,android.app.Activity,onCreateView,callback,callback|component|entrypoint
EmulatorDetection,PlayStore1,FLOWDROID,android.support.v4.app.FragmentActivity,onCreateView,java.lang.String,equals,other,
EmulatorDetection,PlayStore1,FLOWDROID,android.support.v4.app.FragmentActivity,onDestroy,android.app.Activity,onDestroy,callback,callback|component|entrypoint
EmulatorDetection,PlayStore1,FLOWDROID,android.support.v4.app.FragmentActivity,onDestroy,android.support.v4.app.FragmentActivity,doReallyStop,other,
EmulatorDetection,PlayStore1,FLOWDROID,android.support.v4.app.FragmentActivity,onDestroy,android.support.v4.app.FragmentManagerImpl,dispatchDestroy,other,
EmulatorDetection,PlayStore1,FLOWDROID,android.support.v4.app.FragmentActivity,onKeyDown,android.app.Activity,onKeyDown,callback,callback|component|entrypoint
EmulatorDetection,PlayStore1,FLOWDROID,android.support.v4.app.FragmentActivity,onPanelClosed,android.app.Activity,onPanelClosed,callback,callback|component|entrypoint
EmulatorDetection,PlayStore1,FLOWDROID,android.support.v4.app.FragmentActivity,onPause,android.app.Activity,onPause,callback,callback|component|entrypoint
EmulatorDetection,PlayStore1,FLOWDROID,android.support.v4.app.FragmentActivity,onPause,android.os.Handler,hasMessages,other,
EmulatorDetection,PlayStore1,FLOWDROID,android.support.v4.app.FragmentActivity,onPause,android.support.v4.app.FragmentManagerImpl,dispatchPause,other,
EmulatorDetection,PlayStore1,FLOWDROID,android.support.v4.app.FragmentActivity,onPostResume,android.app.Activity,onPostResume,callback,callback|component|entrypoint
EmulatorDetection,PlayStore1,FLOWDROID,android.support.v4.app.FragmentActivity,onPostResume,android.os.Handler,removeMessages,other,
EmulatorDetection,PlayStore1,FLOWDROID,android.support.v4.app.FragmentActivity,onPostResume,android.support.v4.app.FragmentActivity,onResumeFragments,callback,callback|entrypoint
EmulatorDetection,PlayStore1,FLOWDROID,android.support.v4.app.FragmentActivity,onPostResume,android.support.v4.app.FragmentManagerImpl,execPendingActions,other,
EmulatorDetection,PlayStore1,FLOWDROID,android.support.v4.app.FragmentActivity,onPrepareOptionsPanel,android.app.Activity,onPreparePanel,callback,callback|component|entrypoint
EmulatorDetection,PlayStore1,FLOWDROID,android.support.v4.app.FragmentActivity,onPreparePanel,android.support.v4.app.FragmentActivity,onPrepareOptionsPanel,callback,callback|entrypoint
EmulatorDetection,PlayStore1,FLOWDROID,android.support.v4.app.FragmentActivity,onPreparePanel,android.support.v4.app.FragmentManagerImpl,dispatchPrepareOptionsMenu,other,
EmulatorDetection,PlayStore1,FLOWDROID,android.support.v4.app.FragmentActivity,onReallyStop,android.support.v4.app.FragmentManagerImpl,dispatchReallyStop,other,
EmulatorDetection,PlayStore1,FLOWDROID,android.support.v4.app.FragmentActivity,onResume,android.app.Activity,onResume,callback,callback|component|entrypoint
EmulatorDetection,PlayStore1,FLOWDROID,android.support.v4.app.FragmentActivity,onResume,android.os.Handler,sendEmptyMessage,other,
EmulatorDetection,PlayStore1,FLOWDROID,android.support.v4.app.FragmentActivity,onResume,android.support.v4.app.FragmentManagerImpl,execPendingActions,other,
EmulatorDetection,PlayStore1,FLOWDROID,android.support.v4.app.FragmentActivity,onResumeFragments,android.support.v4.app.FragmentManagerImpl,dispatchResume,other,
EmulatorDetection,PlayStore1,FLOWDROID,android.support.v4.app.FragmentActivity,onSaveInstanceState,android.app.Activity,onSaveInstanceState,callback,callback|component|entrypoint
EmulatorDetection,PlayStore1,FLOWDROID,android.support.v4.app.FragmentActivity,onSaveInstanceState,android.os.Bundle,putParcelable,other,
EmulatorDetection,PlayStore1,FLOWDROID,android.support.v4.app.FragmentActivity,onSaveInstanceState,android.support.v4.app.FragmentManagerImpl,saveAllState,other,
EmulatorDetection,PlayStore1,FLOWDROID,android.support.v4.app.FragmentActivity,onStart,android.app.Activity,onStart,callback,callback|component|entrypoint
EmulatorDetection,PlayStore1,FLOWDROID,android.support.v4.app.FragmentActivity,onStart,android.os.Handler,removeMessages,other,
EmulatorDetection,PlayStore1,FLOWDROID,android.support.v4.app.FragmentActivity,onStart,android.support.v4.app.FragmentManagerImpl,dispatchActivityCreated,other,
EmulatorDetection,PlayStore1,FLOWDROID,android.support.v4.app.FragmentActivity,onStart,android.support.v4.app.FragmentManagerImpl,dispatchStart,other,
EmulatorDetection,PlayStore1,FLOWDROID,android.support.v4.app.FragmentActivity,onStart,android.support.v4.app.FragmentManagerImpl,execPendingActions,other,
EmulatorDetection,PlayStore1,FLOWDROID,android.support.v4.app.FragmentActivity,onStart,android.support.v4.app.FragmentManagerImpl,noteStateNotSaved,other,
EmulatorDetection,PlayStore1,FLOWDROID,android.support.v4.app.FragmentActivity,onStart,android.support.v4.util.SimpleArrayMap,size,other,
EmulatorDetection,PlayStore1,FLOWDROID,android.support.v4.app.FragmentActivity,onStop,android.app.Activity,onStop,callback,callback|component|entrypoint
EmulatorDetection,PlayStore1,FLOWDROID,android.support.v4.app.FragmentActivity,onStop,android.os.Handler,sendEmptyMessage,other,
EmulatorDetection,PlayStore1,FLOWDROID,android.support.v4.app.FragmentActivity,onStop,android.support.v4.app.FragmentManagerImpl,dispatchStop,other,
EmulatorDetection,PlayStore1,FLOWDROID,android.support.v4.app.FragmentActivity$1,handleMessage,android.support.v4.app.FragmentActivity,doReallyStop,other,
EmulatorDetection,PlayStore1,FLOWDROID,android.support.v4.app.FragmentActivity$2,findViewById,android.app.Activity,findViewById,component,component
EmulatorDetection,PlayStore1,FLOWDROID,android.support.v4.app.FragmentManagerImpl,addFragment,android.support.v4.app.FragmentManagerImpl,makeActive,other,
EmulatorDetection,PlayStore1,FLOWDROID,android.support.v4.app.FragmentManagerImpl,addFragment,java.util.ArrayList,<init>,other,
EmulatorDetection,PlayStore1,FLOWDROID,android.support.v4.app.FragmentManagerImpl,addFragment,java.util.ArrayList,add,other,
EmulatorDetection,PlayStore1,FLOWDROID,android.support.v4.app.FragmentManagerImpl,addFragment,java.util.ArrayList,contains,other,
EmulatorDetection,PlayStore1,FLOWDROID,android.support.v4.app.FragmentManagerImpl,beginTransaction,android.support.v4.app.BackStackRecord,<init>,other,
EmulatorDetection,PlayStore1,FLOWDROID,android.support.v4.app.FragmentManagerImpl,dispatchActivityCreated,android.support.v4.app.FragmentManagerImpl,moveToState,other,
EmulatorDetection,PlayStore1,FLOWDROID,android.support.v4.app.FragmentManagerImpl,dispatchCreate,android.support.v4.app.FragmentManagerImpl,moveToState,other,
EmulatorDetection,PlayStore1,FLOWDROID,android.support.v4.app.FragmentManagerImpl,dispatchCreateOptionsMenu,android.support.v4.app.Fragment,performCreateOptionsMenu,other,
EmulatorDetection,PlayStore1,FLOWDROID,android.support.v4.app.FragmentManagerImpl,dispatchCreateOptionsMenu,java.util.ArrayList,get,other,
EmulatorDetection,PlayStore1,FLOWDROID,android.support.v4.app.FragmentManagerImpl,dispatchCreateOptionsMenu,java.util.ArrayList,size,other,
EmulatorDetection,PlayStore1,FLOWDROID,android.support.v4.app.FragmentManagerImpl,dispatchDestroy,android.support.v4.app.FragmentManagerImpl,execPendingActions,other,
EmulatorDetection,PlayStore1,FLOWDROID,android.support.v4.app.FragmentManagerImpl,dispatchDestroy,android.support.v4.app.FragmentManagerImpl,moveToState,other,
EmulatorDetection,PlayStore1,FLOWDROID,android.support.v4.app.FragmentManagerImpl,dispatchPause,android.support.v4.app.FragmentManagerImpl,moveToState,other,
EmulatorDetection,PlayStore1,FLOWDROID,android.support.v4.app.FragmentManagerImpl,dispatchPrepareOptionsMenu,android.support.v4.app.Fragment,performPrepareOptionsMenu,other,
EmulatorDetection,PlayStore1,FLOWDROID,android.support.v4.app.FragmentManagerImpl,dispatchPrepareOptionsMenu,java.util.ArrayList,get,other,
EmulatorDetection,PlayStore1,FLOWDROID,android.support.v4.app.FragmentManagerImpl,dispatchPrepareOptionsMenu,java.util.ArrayList,size,other,
EmulatorDetection,PlayStore1,FLOWDROID,android.support.v4.app.FragmentManagerImpl,dispatchReallyStop,android.support.v4.app.FragmentManagerImpl,moveToState,other,
EmulatorDetection,PlayStore1,FLOWDROID,android.support.v4.app.FragmentManagerImpl,dispatchResume,android.support.v4.app.FragmentManagerImpl,moveToState,other,
EmulatorDetection,PlayStore1,FLOWDROID,android.support.v4.app.FragmentManagerImpl,dispatchStart,android.support.v4.app.FragmentManagerImpl,moveToState,other,
EmulatorDetection,PlayStore1,FLOWDROID,android.support.v4.app.FragmentManagerImpl,dispatchStop,android.support.v4.app.FragmentManagerImpl,moveToState,other,
EmulatorDetection,PlayStore1,FLOWDROID,android.support.v4.app.FragmentManagerImpl,enqueueAction,android.os.Handler,post,other,
EmulatorDetection,PlayStore1,FLOWDROID,android.support.v4.app.FragmentManagerImpl,enqueueAction,android.os.Handler,removeCallbacks,other,
EmulatorDetection,PlayStore1,FLOWDROID,android.support.v4.app.FragmentManagerImpl,enqueueAction,android.support.v4.app.FragmentManagerImpl,checkStateLoss,other,
EmulatorDetection,PlayStore1,FLOWDROID,android.support.v4.app.FragmentManagerImpl,enqueueAction,java.util.ArrayList,<init>,other,
EmulatorDetection,PlayStore1,FLOWDROID,android.support.v4.app.FragmentManagerImpl,enqueueAction,java.util.ArrayList,add,other,
EmulatorDetection,PlayStore1,FLOWDROID,android.support.v4.app.FragmentManagerImpl,enqueueAction,java.util.ArrayList,size,other,
EmulatorDetection,PlayStore1,FLOWDROID,android.support.v4.app.FragmentManagerImpl,execPendingActions,android.os.Handler,getLooper,other,
EmulatorDetection,PlayStore1,FLOWDROID,android.support.v4.app.FragmentManagerImpl,execPendingActions,android.os.Handler,removeCallbacks,other,
EmulatorDetection,PlayStore1,FLOWDROID,android.support.v4.app.FragmentManagerImpl,execPendingActions,android.os.Looper,myLooper,other,
EmulatorDetection,PlayStore1,FLOWDROID,android.support.v4.app.FragmentManagerImpl,execPendingActions,java.lang.Runnable,run,other,
EmulatorDetection,PlayStore1,FLOWDROID,android.support.v4.app.FragmentManagerImpl,execPendingActions,java.util.ArrayList,clear,other,
EmulatorDetection,PlayStore1,FLOWDROID,android.support.v4.app.FragmentManagerImpl,execPendingActions,java.util.ArrayList,size,other,
EmulatorDetection,PlayStore1,FLOWDROID,android.support.v4.app.FragmentManagerImpl,execPendingActions,java.util.ArrayList,toArray,other,
EmulatorDetection,PlayStore1,FLOWDROID,android.support.v4.app.FragmentManagerImpl,executePendingTransactions,android.support.v4.app.FragmentManagerImpl,execPendingActions,other,
EmulatorDetection,PlayStore1,FLOWDROID,android.support.v4.app.FragmentManagerImpl,loadAnimation,android.support.v4.app.Fragment,onCreateAnimation,callback,callback|entrypoint
EmulatorDetection,PlayStore1,FLOWDROID,android.support.v4.app.FragmentManagerImpl,makeActive,android.support.v4.app.Fragment,setIndex,other,
EmulatorDetection,PlayStore1,FLOWDROID,android.support.v4.app.FragmentManagerImpl,makeActive,java.util.ArrayList,<init>,other,
EmulatorDetection,PlayStore1,FLOWDROID,android.support.v4.app.FragmentManagerImpl,makeActive,java.util.ArrayList,add,other,
EmulatorDetection,PlayStore1,FLOWDROID,android.support.v4.app.FragmentManagerImpl,makeActive,java.util.ArrayList,size,other,
EmulatorDetection,PlayStore1,FLOWDROID,android.support.v4.app.FragmentManagerImpl,makeInactive,android.support.v4.app.Fragment,initState,other,
EmulatorDetection,PlayStore1,FLOWDROID,android.support.v4.app.FragmentManagerImpl,makeInactive,android.support.v4.app.FragmentActivity,invalidateSupportFragment,other,
EmulatorDetection,PlayStore1,FLOWDROID,android.support.v4.app.FragmentManagerImpl,makeInactive,java.lang.Integer,valueOf,other,
EmulatorDetection,PlayStore1,FLOWDROID,android.support.v4.app.FragmentManagerImpl,makeInactive,java.util.ArrayList,<init>,other,
EmulatorDetection,PlayStore1,FLOWDROID,android.support.v4.app.FragmentManagerImpl,makeInactive,java.util.ArrayList,add,other,
EmulatorDetection,PlayStore1,FLOWDROID,android.support.v4.app.FragmentManagerImpl,makeInactive,java.util.ArrayList,set,other,
EmulatorDetection,PlayStore1,FLOWDROID,android.support.v4.app.FragmentManagerImpl,moveToState,android.app.Activity,isFinishing,component,component
EmulatorDetection,PlayStore1,FLOWDROID,android.support.v4.app.FragmentManagerImpl,moveToState,android.support.v4.app.Fragment,getLayoutInflater,other,
EmulatorDetection,PlayStore1,FLOWDROID,android.support.v4.app.FragmentManagerImpl,moveToState,android.support.v4.app.Fragment,onAttach,callback,callback|entrypoint
EmulatorDetection,PlayStore1,FLOWDROID,android.support.v4.app.FragmentManagerImpl,moveToState,android.support.v4.app.Fragment,onDetach,callback,callback|entrypoint
EmulatorDetection,PlayStore1,FLOWDROID,android.support.v4.app.FragmentManagerImpl,moveToState,android.support.v4.app.Fragment,onViewCreated,callback,callback|entrypoint
EmulatorDetection,PlayStore1,FLOWDROID,android.support.v4.app.FragmentManagerImpl,moveToState,android.support.v4.app.Fragment,performActivityCreated,other,
EmulatorDetection,PlayStore1,FLOWDROID,android.support.v4.app.FragmentManagerImpl,moveToState,android.support.v4.app.Fragment,performCreate,other,
EmulatorDetection,PlayStore1,FLOWDROID,android.support.v4.app.FragmentManagerImpl,moveToState,android.support.v4.app.Fragment,performCreateView,other,
EmulatorDetection,PlayStore1,FLOWDROID,android.support.v4.app.FragmentManagerImpl,moveToState,android.support.v4.app.Fragment,performDestroy,other,
EmulatorDetection,PlayStore1,FLOWDROID,android.support.v4.app.FragmentManagerImpl,moveToState,android.support.v4.app.Fragment,performDestroyView,other,
EmulatorDetection,PlayStore1,FLOWDROID,android.support.v4.app.FragmentManagerImpl,moveToState,android.support.v4.app.Fragment,performPause,other,
EmulatorDetection,PlayStore1,FLOWDROID,android.support.v4.app.FragmentManagerImpl,moveToState,android.support.v4.app.Fragment,performReallyStop,other,
EmulatorDetection,PlayStore1,FLOWDROID,android.support.v4.app.FragmentManagerImpl,moveToState,android.support.v4.app.Fragment,performResume,other,
EmulatorDetection,PlayStore1,FLOWDROID,android.support.v4.app.FragmentManagerImpl,moveToState,android.support.v4.app.Fragment,performStart,other,
EmulatorDetection,PlayStore1,FLOWDROID,android.support.v4.app.FragmentManagerImpl,moveToState,android.support.v4.app.Fragment,performStop,other,
EmulatorDetection,PlayStore1,FLOWDROID,android.support.v4.app.FragmentManagerImpl,moveToState,android.support.v4.app.Fragment,restoreViewState,other,
EmulatorDetection,PlayStore1,FLOWDROID,android.support.v4.app.FragmentManagerImpl,moveToState,android.support.v4.app.FragmentActivity,onAttachFragment,callback,callback|entrypoint
EmulatorDetection,PlayStore1,FLOWDROID,android.support.v4.app.FragmentManagerImpl,moveToState,android.support.v4.app.FragmentContainer,findViewById,other,
EmulatorDetection,PlayStore1,FLOWDROID,android.support.v4.app.FragmentManagerImpl,moveToState,android.support.v4.app.FragmentManagerImpl,loadAnimation,other,
EmulatorDetection,PlayStore1,FLOWDROID,android.support.v4.app.FragmentManagerImpl,moveToState,android.support.v4.app.FragmentManagerImpl,makeInactive,other,
EmulatorDetection,PlayStore1,FLOWDROID,android.support.v4.app.FragmentManagerImpl,moveToState,android.support.v4.app.FragmentManagerImpl,moveToState,other,
EmulatorDetection,PlayStore1,FLOWDROID,android.support.v4.app.FragmentManagerImpl,moveToState,android.support.v4.app.FragmentManagerImpl,startPendingDeferredFragments,other,
EmulatorDetection,PlayStore1,FLOWDROID,android.support.v4.app.FragmentManagerImpl,moveToState,android.support.v4.app.NoSaveStateFrameLayout,wrap,other,
EmulatorDetection,PlayStore1,FLOWDROID,android.support.v4.app.FragmentManagerImpl,moveToState,android.view.ViewGroup,addView,other,
EmulatorDetection,PlayStore1,FLOWDROID,android.support.v4.app.FragmentManagerImpl,moveToState,android.view.ViewGroup,removeView,other,
EmulatorDetection,PlayStore1,FLOWDROID,android.support.v4.app.FragmentManagerImpl,moveToState,java.util.ArrayList,get,other,
EmulatorDetection,PlayStore1,FLOWDROID,android.support.v4.app.FragmentManagerImpl,moveToState,java.util.ArrayList,size,other,
EmulatorDetection,PlayStore1,FLOWDROID,android.support.v4.app.FragmentManagerImpl,popBackStackImmediate,android.support.v4.app.FragmentManagerImpl,checkStateLoss,other,
EmulatorDetection,PlayStore1,FLOWDROID,android.support.v4.app.FragmentManagerImpl,popBackStackImmediate,android.support.v4.app.FragmentManagerImpl,executePendingTransactions,other,
EmulatorDetection,PlayStore1,FLOWDROID,android.support.v4.app.FragmentManagerImpl,popBackStackImmediate,android.support.v4.app.FragmentManagerImpl,popBackStackState,other,
EmulatorDetection,PlayStore1,FLOWDROID,android.support.v4.app.FragmentManagerImpl,saveAllState,android.support.v4.app.FragmentManagerImpl,execPendingActions,other,
EmulatorDetection,PlayStore1,FLOWDROID,android.support.v4.app.FragmentManagerImpl,saveAllState,android.support.v4.app.FragmentManagerImpl,saveFragmentBasicState,other,
EmulatorDetection,PlayStore1,FLOWDROID,android.support.v4.app.FragmentManagerImpl,saveAllState,android.support.v4.app.FragmentManagerState,<init>,other,
EmulatorDetection,PlayStore1,FLOWDROID,android.support.v4.app.FragmentManagerImpl,saveAllState,java.util.ArrayList,get,other,
EmulatorDetection,PlayStore1,FLOWDROID,android.support.v4.app.FragmentManagerImpl,saveAllState,java.util.ArrayList,size,other,
EmulatorDetection,PlayStore1,FLOWDROID,android.support.v4.app.FragmentManagerImpl,saveFragmentBasicState,android.os.BaseBundle,isEmpty,other,
EmulatorDetection,PlayStore1,FLOWDROID,android.support.v4.app.FragmentManagerImpl,saveFragmentBasicState,android.os.Bundle,<init>,other,
EmulatorDetection,PlayStore1,FLOWDROID,android.support.v4.app.FragmentManagerImpl,saveFragmentBasicState,android.support.v4.app.Fragment,performSaveInstanceState,other,
EmulatorDetection,PlayStore1,FLOWDROID,android.support.v4.app.FragmentManagerImpl,saveFragmentBasicState,android.support.v4.app.FragmentManagerImpl,saveFragmentViewState,other,
EmulatorDetection,PlayStore1,FLOWDROID,android.support.v4.app.FragmentManagerImpl,saveFragmentViewState,android.util.SparseArray,<init>,other,
EmulatorDetection,PlayStore1,FLOWDROID,android.support.v4.app.FragmentManagerImpl,saveFragmentViewState,android.util.SparseArray,clear,other,
EmulatorDetection,PlayStore1,FLOWDROID,android.support.v4.app.FragmentManagerImpl,saveFragmentViewState,android.util.SparseArray,size,other,
EmulatorDetection,PlayStore1,FLOWDROID,android.support.v4.app.FragmentManagerImpl,saveFragmentViewState,android.view.View,saveHierarchyState,other,
EmulatorDetection,PlayStore1,FLOWDROID,android.support.v4.app.FragmentManagerImpl,startPendingDeferredFragments,android.support.v4.app.FragmentManagerImpl,performPendingDeferredStart,other,
EmulatorDetection,PlayStore1,FLOWDROID,android.support.v4.app.FragmentManagerImpl,startPendingDeferredFragments,java.util.ArrayList,get,other,
EmulatorDetection,PlayStore1,FLOWDROID,android.support.v4.app.FragmentManagerImpl,startPendingDeferredFragments,java.util.ArrayList,size,other,
EmulatorDetection,PlayStore1,FLOWDROID,android.support.v4.app.FragmentManagerState,writeToParcel,android.os.Parcel,writeIntArray,other,
EmulatorDetection,PlayStore1,FLOWDROID,android.support.v4.app.FragmentManagerState,writeToParcel,android.os.Parcel,writeTypedArray,other,
EmulatorDetection,PlayStore1,FLOWDROID,android.support.v4.app.FragmentState,<init>,java.lang.Class,getName,reflection,reflection
EmulatorDetection,PlayStore1,FLOWDROID,android.support.v4.app.FragmentState,<init>,java.lang.Object,getClass,other,
EmulatorDetection,PlayStore1,FLOWDROID,android.support.v4.app.FragmentState,writeToParcel,android.os.Parcel,writeBundle,other,
EmulatorDetection,PlayStore1,FLOWDROID,android.support.v4.app.FragmentState,writeToParcel,android.os.Parcel,writeInt,other,
EmulatorDetection,PlayStore1,FLOWDROID,android.support.v4.app.FragmentState,writeToParcel,android.os.Parcel,writeString,other,
EmulatorDetection,PlayStore1,FLOWDROID,android.support.v4.app.NavUtils,getParentActivityName,android.app.Activity,getComponentName,component,component
EmulatorDetection,PlayStore1,FLOWDROID,android.support.v4.app.NavUtils,getParentActivityName,android.content.Context,getPackageManager,ipc,ipc
EmulatorDetection,PlayStore1,FLOWDROID,android.support.v4.app.NavUtils,getParentActivityName,android.content.pm.PackageManager,getActivityInfo,other,
EmulatorDetection,PlayStore1,FLOWDROID,android.support.v4.app.NavUtils$NavUtilsImplJB,getParentActivityName,android.support.v4.app.NavUtils$NavUtilsImplBase,getParentActivityName,other,
EmulatorDetection,PlayStore1,FLOWDROID,android.support.v4.app.NoSaveStateFrameLayout,dispatchSaveInstanceState,android.view.ViewGroup,dispatchFreezeSelfOnly,other,
EmulatorDetection,PlayStore1,FLOWDROID,android.support.v4.app.NoSaveStateFrameLayout,wrap,android.support.v4.app.NoSaveStateFrameLayout,<init>,other,
EmulatorDetection,PlayStore1,FLOWDROID,android.support.v4.app.NoSaveStateFrameLayout,wrap,android.view.View,getContext,other,
EmulatorDetection,PlayStore1,FLOWDROID,android.support.v4.app.NoSaveStateFrameLayout,wrap,android.view.View,getLayoutParams,other,
EmulatorDetection,PlayStore1,FLOWDROID,android.support.v4.app.NoSaveStateFrameLayout,wrap,android.view.View,setLayoutParams,other,
EmulatorDetection,PlayStore1,FLOWDROID,android.support.v4.app.NoSaveStateFrameLayout,wrap,android.view.ViewGroup,addView,other,
EmulatorDetection,PlayStore1,FLOWDROID,android.support.v4.util.SimpleArrayMap,get,android.support.v4.util.SimpleArrayMap,indexOf,other,
EmulatorDetection,PlayStore1,FLOWDROID,android.support.v4.util.SimpleArrayMap,get,java.lang.Object,hashCode,other,
EmulatorDetection,PlayStore1,FLOWDROID,android.support.v4.view.MenuItemCompat,setShowAsAction,android.support.v4.internal.view.SupportMenuItem,setShowAsAction,other,
EmulatorDetection,PlayStore1,FLOWDROID,android.support.v7.app.ActionBarActivity,getMenuInflater,android.support.v7.app.ActionBarActivityDelegate,getMenuInflater,other,
EmulatorDetection,PlayStore1,FLOWDROID,android.support.v7.app.ActionBarActivity,onBackPressed,android.support.v4.app.FragmentActivity,onBackPressed,callback,callback|entrypoint
EmulatorDetection,PlayStore1,FLOWDROID,android.support.v7.app.ActionBarActivity,onContentChanged,android.support.v7.app.ActionBarActivityDelegate,onContentChanged,callback,callback
EmulatorDetection,PlayStore1,FLOWDROID,android.support.v7.app.ActionBarActivity,onCreate,android.support.v7.app.ActionBarActivityDelegate,createDelegate,other,
EmulatorDetection,PlayStore1,FLOWDROID,android.support.v7.app.ActionBarActivity,onCreatePanelView,android.support.v7.app.ActionBarActivityDelegate,onCreatePanelView,callback,callback
EmulatorDetection,PlayStore1,FLOWDROID,android.support.v7.app.ActionBarActivity,onPrepareOptionsPanel,android.support.v7.app.ActionBarActivityDelegate,onPrepareOptionsPanel,callback,callback
EmulatorDetection,PlayStore1,FLOWDROID,android.support.v7.app.ActionBarActivity,onPreparePanel,android.support.v7.app.ActionBarActivityDelegate,onPreparePanel,callback,callback
EmulatorDetection,PlayStore1,FLOWDROID,android.support.v7.app.ActionBarActivity,onTitleChanged,android.app.Activity,onTitleChanged,callback,callback|component|entrypoint
EmulatorDetection,PlayStore1,FLOWDROID,android.support.v7.app.ActionBarActivity,setContentView,android.support.v7.app.ActionBarActivityDelegate,setContentView,other,
EmulatorDetection,PlayStore1,FLOWDROID,android.support.v7.app.ActionBarActivity,superOnCreatePanelMenu,android.support.v4.app.FragmentActivity,onCreatePanelMenu,callback,callback|entrypoint
EmulatorDetection,PlayStore1,FLOWDROID,android.support.v7.app.ActionBarActivity,superOnPrepareOptionsPanel,android.support.v4.app.FragmentActivity,onPrepareOptionsPanel,callback,callback|entrypoint
EmulatorDetection,PlayStore1,FLOWDROID,android.support.v7.app.ActionBarActivity,superOnPreparePanel,android.support.v4.app.FragmentActivity,onPreparePanel,callback,callback|entrypoint
EmulatorDetection,PlayStore1,FLOWDROID,android.support.v7.app.ActionBarActivity,superSetContentView,android.app.Activity,setContentView,component,component
EmulatorDetection,PlayStore1,FLOWDROID,android.support.v7.app.ActionBarActivityDelegate,createDelegate,android.support.v7.app.ActionBarActivityDelegateJBMR2,<init>,other,
EmulatorDetection,PlayStore1,FLOWDROID,android.support.v7.app.ActionBarActivityDelegate,getActionBarThemedContext,android.support.v7.app.ActionBar,getThemedContext,other,
EmulatorDetection,PlayStore1,FLOWDROID,android.support.v7.app.ActionBarActivityDelegate,getActionBarThemedContext,android.support.v7.app.ActionBarActivityDelegate,getSupportActionBar,other,
EmulatorDetection,PlayStore1,FLOWDROID,android.support.v7.app.ActionBarActivityDelegate,getMenuInflater,android.support.v7.app.ActionBarActivityDelegate,getActionBarThemedContext,other,
EmulatorDetection,PlayStore1,FLOWDROID,android.support.v7.app.ActionBarActivityDelegate,getMenuInflater,android.support.v7.internal.view.SupportMenuInflater,<init>,other,
EmulatorDetection,PlayStore1,FLOWDROID,android.support.v7.app.ActionBarActivityDelegate,getSupportActionBar,android.support.v7.app.ActionBarActivityDelegate,createSupportActionBar,other,
EmulatorDetection,PlayStore1,FLOWDROID,android.support.v7.app.ActionBarActivityDelegate,getUiOptionsFromMetadata,android.app.Activity,getComponentName,component,component
EmulatorDetection,PlayStore1,FLOWDROID,android.support.v7.app.ActionBarActivityDelegate,getUiOptionsFromMetadata,android.content.ContextWrapper,getPackageManager,ipc,ipc
EmulatorDetection,PlayStore1,FLOWDROID,android.support.v7.app.ActionBarActivityDelegate,getUiOptionsFromMetadata,android.content.pm.PackageManager,getActivityInfo,other,
EmulatorDetection,PlayStore1,FLOWDROID,android.support.v7.app.ActionBarActivityDelegate,onCreate,android.content.Context,obtainStyledAttributes,ipc,ipc
EmulatorDetection,PlayStore1,FLOWDROID,android.support.v7.app.ActionBarActivityDelegate,onCreate,android.content.res.TypedArray,getBoolean,other,
EmulatorDetection,PlayStore1,FLOWDROID,android.support.v7.app.ActionBarActivityDelegate,onCreate,android.content.res.TypedArray,hasValue,other,
EmulatorDetection,PlayStore1,FLOWDROID,android.support.v7.app.ActionBarActivityDelegate,onCreate,android.content.res.TypedArray,recycle,other,
EmulatorDetection,PlayStore1,FLOWDROID,android.support.v7.app.ActionBarActivityDelegate,onCreate,android.support.v4.app.NavUtils,getParentActivityName,other,
EmulatorDetection,PlayStore1,FLOWDROID,android.support.v7.app.ActionBarActivityDelegate,onPrepareOptionsPanel,android.support.v7.app.ActionBarActivity,superOnPrepareOptionsPanel,other,
EmulatorDetection,PlayStore1,FLOWDROID,android.support.v7.app.ActionBarActivityDelegateICS,createWindowCallbackWrapper,android.support.v7.app.ActionBarActivityDelegateICS$WindowCallbackWrapper,<init>,other,
EmulatorDetection,PlayStore1,FLOWDROID,android.support.v7.app.ActionBarActivityDelegateICS,onContentChanged,android.support.v7.app.ActionBarActivity,onSupportContentChanged,callback,callback|entrypoint
EmulatorDetection,PlayStore1,FLOWDROID,android.support.v7.app.ActionBarActivityDelegateICS,onCreate,android.app.Activity,getWindow,component,component
EmulatorDetection,PlayStore1,FLOWDROID,android.support.v7.app.ActionBarActivityDelegateICS,onCreate,android.app.Activity,requestWindowFeature,component,component
EmulatorDetection,PlayStore1,FLOWDROID,android.support.v7.app.ActionBarActivityDelegateICS,onCreate,android.support.v7.app.ActionBarActivityDelegate,getUiOptionsFromMetadata,other,
EmulatorDetection,PlayStore1,FLOWDROID,android.support.v7.app.ActionBarActivityDelegateICS,onCreate,android.support.v7.app.ActionBarActivityDelegateICS,createWindowCallbackWrapper,other,
EmulatorDetection,PlayStore1,FLOWDROID,android.support.v7.app.ActionBarActivityDelegateICS,onCreate,android.view.Window,getCallback,other,
EmulatorDetection,PlayStore1,FLOWDROID,android.support.v7.app.ActionBarActivityDelegateICS,onCreate,android.view.Window,setCallback,other,
EmulatorDetection,PlayStore1,FLOWDROID,android.support.v7.app.ActionBarActivityDelegateICS,onCreate,java.lang.String,equals,other,
EmulatorDetection,PlayStore1,FLOWDROID,android.support.v7.app.ActionBarActivityDelegateICS,onCreatePanelMenu,android.support.v7.app.ActionBarActivity,superOnCreatePanelMenu,other,
EmulatorDetection,PlayStore1,FLOWDROID,android.support.v7.app.ActionBarActivityDelegateICS,onCreatePanelMenu,android.support.v7.internal.view.menu.MenuWrapperFactory,createMenuWrapper,other,
EmulatorDetection,PlayStore1,FLOWDROID,android.support.v7.app.ActionBarActivityDelegateICS,onPreparePanel,android.support.v7.app.ActionBarActivity,superOnPreparePanel,other,
EmulatorDetection,PlayStore1,FLOWDROID,android.support.v7.app.ActionBarActivityDelegateICS,setContentView,android.support.v7.app.ActionBarActivity,superSetContentView,other,
EmulatorDetection,PlayStore1,FLOWDROID,android.support.v7.app.ActionBarActivityDelegateICS$WindowCallbackWrapper,dispatchKeyEvent,android.view.Window$Callback,dispatchKeyEvent,other,
EmulatorDetection,PlayStore1,FLOWDROID,android.support.v7.app.ActionBarActivityDelegateICS$WindowCallbackWrapper,dispatchTouchEvent,android.view.Window$Callback,dispatchTouchEvent,other,
EmulatorDetection,PlayStore1,FLOWDROID,android.support.v7.app.ActionBarActivityDelegateICS$WindowCallbackWrapper,dispatchTrackballEvent,android.view.Window$Callback,dispatchTrackballEvent,other,
EmulatorDetection,PlayStore1,FLOWDROID,android.support.v7.app.ActionBarActivityDelegateICS$WindowCallbackWrapper,onAttachedToWindow,android.view.Window$Callback,onAttachedToWindow,callback,callback
EmulatorDetection,PlayStore1,FLOWDROID,android.support.v7.app.ActionBarActivityDelegateICS$WindowCallbackWrapper,onDetachedFromWindow,android.view.Window$Callback,onDetachedFromWindow,callback,callback
EmulatorDetection,PlayStore1,FLOWDROID,android.support.v7.app.ActionBarActivityDelegateICS$WindowCallbackWrapper,onMenuOpened,android.view.Window$Callback,onMenuOpened,callback,callback
EmulatorDetection,PlayStore1,FLOWDROID,android.support.v7.app.ActionBarActivityDelegateICS$WindowCallbackWrapper,onWindowAttributesChanged,android.view.Window$Callback,onWindowAttributesChanged,callback,callback
EmulatorDetection,PlayStore1,FLOWDROID,android.support.v7.app.ActionBarActivityDelegateICS$WindowCallbackWrapper,onWindowFocusChanged,android.view.Window$Callback,onWindowFocusChanged,callback,callback
EmulatorDetection,PlayStore1,FLOWDROID,android.support.v7.app.ActionBarActivityDelegateJBMR2,createSupportActionBar,android.support.v7.app.ActionBarImplJBMR2,<init>,other,
EmulatorDetection,PlayStore1,FLOWDROID,android.support.v7.app.ActionBarImplICS,<init>,android.app.Activity,getActionBar,component,component
EmulatorDetection,PlayStore1,FLOWDROID,android.support.v7.app.ActionBarImplICS,getThemedContext,android.app.ActionBar,getThemedContext,other,
EmulatorDetection,PlayStore1,FLOWDROID,android.support.v7.internal.view.SupportMenuInflater,inflate,android.content.Context,getResources,ipc,ipc
EmulatorDetection,PlayStore1,FLOWDROID,android.support.v7.internal.view.SupportMenuInflater,inflate,android.content.res.Resources,getLayout,other,
EmulatorDetection,PlayStore1,FLOWDROID,android.support.v7.internal.view.SupportMenuInflater,inflate,android.content.res.XmlResourceParser,close,other,
EmulatorDetection,PlayStore1,FLOWDROID,android.support.v7.internal.view.SupportMenuInflater,inflate,android.support.v7.internal.view.SupportMenuInflater,parseMenu,other,
EmulatorDetection,PlayStore1,FLOWDROID,android.support.v7.internal.view.SupportMenuInflater,inflate,android.util.Xml,asAttributeSet,other,
EmulatorDetection,PlayStore1,FLOWDROID,android.support.v7.internal.view.SupportMenuInflater,parseMenu,android.support.v7.internal.view.SupportMenuInflater$MenuState,<init>,other,
EmulatorDetection,PlayStore1,FLOWDROID,android.support.v7.internal.view.SupportMenuInflater,parseMenu,android.support.v7.internal.view.SupportMenuInflater$MenuState,access$000,other,
EmulatorDetection,PlayStore1,FLOWDROID,android.support.v7.internal.view.SupportMenuInflater,parseMenu,android.support.v7.internal.view.SupportMenuInflater$MenuState,addItem,other,
EmulatorDetection,PlayStore1,FLOWDROID,android.support.v7.internal.view.SupportMenuInflater,parseMenu,android.support.v7.internal.view.SupportMenuInflater$MenuState,hasAddedItem,other,
EmulatorDetection,PlayStore1,FLOWDROID,android.support.v7.internal.view.SupportMenuInflater,parseMenu,android.support.v7.internal.view.SupportMenuInflater$MenuState,readItem,other,
EmulatorDetection,PlayStore1,FLOWDROID,android.support.v7.internal.view.SupportMenuInflater,parseMenu,java.lang.String,equals,other,
EmulatorDetection,PlayStore1,FLOWDROID,android.support.v7.internal.view.SupportMenuInflater,parseMenu,org.xmlpull.v1.XmlPullParser,getEventType,other,
EmulatorDetection,PlayStore1,FLOWDROID,android.support.v7.internal.view.SupportMenuInflater,parseMenu,org.xmlpull.v1.XmlPullParser,getName,other,
EmulatorDetection,PlayStore1,FLOWDROID,android.support.v7.internal.view.SupportMenuInflater,parseMenu,org.xmlpull.v1.XmlPullParser,next,other,
EmulatorDetection,PlayStore1,FLOWDROID,android.support.v7.internal.view.SupportMenuInflater$MenuState,<init>,android.support.v7.internal.view.SupportMenuInflater$MenuState,resetGroup,other,
EmulatorDetection,PlayStore1,FLOWDROID,android.support.v7.internal.view.SupportMenuInflater$MenuState,addItem,android.support.v7.internal.view.SupportMenuInflater$MenuState,setItem,other,
EmulatorDetection,PlayStore1,FLOWDROID,android.support.v7.internal.view.SupportMenuInflater$MenuState,addItem,android.view.Menu,add,other,
EmulatorDetection,PlayStore1,FLOWDROID,android.support.v7.internal.view.SupportMenuInflater$MenuState,readItem,android.content.Context,obtainStyledAttributes,ipc,ipc
EmulatorDetection,PlayStore1,FLOWDROID,android.support.v7.internal.view.SupportMenuInflater$MenuState,readItem,android.content.res.TypedArray,getBoolean,other,
EmulatorDetection,PlayStore1,FLOWDROID,android.support.v7.internal.view.SupportMenuInflater$MenuState,readItem,android.content.res.TypedArray,getInt,other,
EmulatorDetection,PlayStore1,FLOWDROID,android.support.v7.internal.view.SupportMenuInflater$MenuState,readItem,android.content.res.TypedArray,getResourceId,other,
EmulatorDetection,PlayStore1,FLOWDROID,android.support.v7.internal.view.SupportMenuInflater$MenuState,readItem,android.content.res.TypedArray,getString,other,
EmulatorDetection,PlayStore1,FLOWDROID,android.support.v7.internal.view.SupportMenuInflater$MenuState,readItem,android.content.res.TypedArray,getText,other,
EmulatorDetection,PlayStore1,FLOWDROID,android.support.v7.internal.view.SupportMenuInflater$MenuState,readItem,android.content.res.TypedArray,hasValue,other,
EmulatorDetection,PlayStore1,FLOWDROID,android.support.v7.internal.view.SupportMenuInflater$MenuState,readItem,android.content.res.TypedArray,recycle,other,
EmulatorDetection,PlayStore1,FLOWDROID,android.support.v7.internal.view.SupportMenuInflater$MenuState,readItem,android.support.v7.internal.view.SupportMenuInflater,access$100,other,
EmulatorDetection,PlayStore1,FLOWDROID,android.support.v7.internal.view.SupportMenuInflater$MenuState,readItem,android.support.v7.internal.view.SupportMenuInflater$MenuState,getShortcut,other,
EmulatorDetection,PlayStore1,FLOWDROID,android.support.v7.internal.view.SupportMenuInflater$MenuState,setItem,android.support.v4.view.MenuItemCompat,setShowAsAction,other,
EmulatorDetection,PlayStore1,FLOWDROID,android.support.v7.internal.view.SupportMenuInflater$MenuState,setItem,android.view.MenuItem,setAlphabeticShortcut,other,
EmulatorDetection,PlayStore1,FLOWDROID,android.support.v7.internal.view.SupportMenuInflater$MenuState,setItem,android.view.MenuItem,setCheckable,other,
EmulatorDetection,PlayStore1,FLOWDROID,android.support.v7.internal.view.SupportMenuInflater$MenuState,setItem,android.view.MenuItem,setChecked,other,
EmulatorDetection,PlayStore1,FLOWDROID,android.support.v7.internal.view.SupportMenuInflater$MenuState,setItem,android.view.MenuItem,setEnabled,other,
EmulatorDetection,PlayStore1,FLOWDROID,android.support.v7.internal.view.SupportMenuInflater$MenuState,setItem,android.view.MenuItem,setIcon,other,
EmulatorDetection,PlayStore1,FLOWDROID,android.support.v7.internal.view.SupportMenuInflater$MenuState,setItem,android.view.MenuItem,setNumericShortcut,other,
EmulatorDetection,PlayStore1,FLOWDROID,android.support.v7.internal.view.SupportMenuInflater$MenuState,setItem,android.view.MenuItem,setTitleCondensed,other,
EmulatorDetection,PlayStore1,FLOWDROID,android.support.v7.internal.view.SupportMenuInflater$MenuState,setItem,android.view.MenuItem,setVisible,other,
EmulatorDetection,PlayStore1,FLOWDROID,android.support.v7.internal.view.menu.BaseMenuWrapper,getMenuItemWrapper,android.support.v7.internal.view.menu.MenuWrapperFactory,createSupportMenuItemWrapper,other,
EmulatorDetection,PlayStore1,FLOWDROID,android.support.v7.internal.view.menu.BaseMenuWrapper,getMenuItemWrapper,java.util.HashMap,<init>,other,
EmulatorDetection,PlayStore1,FLOWDROID,android.support.v7.internal.view.menu.BaseMenuWrapper,getMenuItemWrapper,java.util.HashMap,get,other,
EmulatorDetection,PlayStore1,FLOWDROID,android.support.v7.internal.view.menu.BaseMenuWrapper,getMenuItemWrapper,java.util.HashMap,put,other,
EmulatorDetection,PlayStore1,FLOWDROID,android.support.v7.internal.view.menu.MenuItemWrapperICS,<init>,android.view.MenuItem,isVisible,other,
EmulatorDetection,PlayStore1,FLOWDROID,android.support.v7.internal.view.menu.MenuItemWrapperICS,setChecked,android.view.MenuItem,setChecked,other,
EmulatorDetection,PlayStore1,FLOWDROID,android.support.v7.internal.view.menu.MenuItemWrapperICS,setVisible,android.support.v7.internal.view.menu.MenuItemWrapperICS,wrappedSetVisible,other,
EmulatorDetection,PlayStore1,FLOWDROID,android.support.v7.internal.view.menu.MenuItemWrapperICS,wrappedSetVisible,android.view.MenuItem,setVisible,other,
EmulatorDetection,PlayStore1,FLOWDROID,android.support.v7.internal.view.menu.MenuWrapperFactory,createMenuWrapper,android.support.v7.internal.view.menu.MenuWrapperICS,<init>,other,
EmulatorDetection,PlayStore1,FLOWDROID,android.support.v7.internal.view.menu.MenuWrapperFactory,createSupportMenuItemWrapper,android.support.v7.internal.view.menu.MenuItemWrapperJB,<init>,other,
EmulatorDetection,PlayStore1,FLOWDROID,android.support.v7.internal.view.menu.MenuWrapperICS,add,android.support.v7.internal.view.menu.BaseMenuWrapper,getMenuItemWrapper,other,
EmulatorDetection,PlayStore1,FLOWDROID,android.support.v7.internal.view.menu.MenuWrapperICS,add,android.view.Menu,add,other,
EmulatorDetection,PlayStore1,FLOWDROID,de.ecspride.MainActivity,onCreate,android.content.Context,getPackageManager,ipc,ipc
EmulatorDetection,PlayStore1,FLOWDROID,de.ecspride.MainActivity,onCreate,android.content.pm.PackageManager,queryIntentActivities,other,
EmulatorDetection,PlayStore1,FLOWDROID,de.ecspride.MainActivity,onCreate,android.support.v4.app.FragmentManager,beginTransaction,other,
EmulatorDetection,PlayStore1,FLOWDROID,de.ecspride.MainActivity,onCreate,android.support.v4.app.FragmentTransaction,add,other,
EmulatorDetection,PlayStore1,FLOWDROID,de.ecspride.MainActivity,onCreate,android.support.v4.app.FragmentTransaction,commit,other,
EmulatorDetection,PlayStore1,FLOWDROID,de.ecspride.MainActivity,onCreate,java.lang.String,startsWith,other,
EmulatorDetection,PlayStore1,FLOWDROID,de.ecspride.MainActivity,onCreate,java.util.Iterator,hasNext,other,
EmulatorDetection,PlayStore1,FLOWDROID,de.ecspride.MainActivity,onCreate,java.util.Iterator,next,other,
EmulatorDetection,PlayStore1,FLOWDROID,de.ecspride.MainActivity,onCreate,java.util.List,iterator,other,
EmulatorDetection,PlayStore1,FLOWDROID,de.ecspride.MainActivity,onCreateOptionsMenu,android.view.MenuInflater,inflate,other,
EmulatorDetection,PlayStore1,FLOWDROID,de.ecspride.MainActivity$PlaceholderFragment,onCreateView,android.view.LayoutInflater,inflate,other,
EmulatorDetection,PlayStore1,GATOR,android.support.v4.app.FragmentActivity,onCreate,android.view.LayoutInflater,getFactory,other,
EmulatorDetection,PlayStore1,GATOR,android.support.v4.app.FragmentActivity,onCreate,android.view.LayoutInflater,setFactory,other,
EmulatorDetection,PlayStore1,GATOR,android.support.v4.app.NavUtils,getParentActivityName,android.content.pm.PackageManager,getActivityInfo,other,
EmulatorDetection,PlayStore1,GATOR,android.support.v7.app.ActionBarActivityDelegate,getUiOptionsFromMetadata,android.content.pm.PackageManager,getActivityInfo,other,
EmulatorDetection,PlayStore1,GATOR,android.support.v7.app.ActionBarActivityDelegateICS,onCreate,android.view.Window,getCallback,other,
EmulatorDetection,PlayStore1,GATOR,android.support.v7.app.ActionBarActivityDelegateICS,onCreate,android.view.Window,setCallback,other,
EmulatorDetection,PlayStore1,GATOR,android.support.v7.internal.view.SupportMenuInflater,inflate,android.content.res.XmlResourceParser,close,other,
EmulatorDetection,PlayStore1,GATOR,android.support.v7.internal.view.SupportMenuInflater,parseMenu,org.xmlpull.v1.XmlPullParser,getEventType,other,
EmulatorDetection,PlayStore1,GATOR,android.support.v7.internal.view.SupportMenuInflater,parseMenu,org.xmlpull.v1.XmlPullParser,getName,other,
EmulatorDetection,PlayStore1,GATOR,android.support.v7.internal.view.SupportMenuInflater,parseMenu,org.xmlpull.v1.XmlPullParser,next,other,
EmulatorDetection,PlayStore1,GATOR,de.ecspride.MainActivity,onCreate,android.content.pm.PackageManager,queryIntentActivities,other,
EmulatorDetection,PlayStore1,GATOR,de.ecspride.MainActivity$PlaceholderFragment,onCreateView,android.view.LayoutInflater,inflate,other,
EmulatorDetection,PlayStore1,MAMADROID,android.support.v4.app.BackStackRecord,add,android.support.v4.app.BackStackRecord,doAddOp,other,
EmulatorDetection,PlayStore1,MAMADROID,android.support.v4.app.BackStackRecord,commit,android.support.v4.app.BackStackRecord,commitInternal,other,
EmulatorDetection,PlayStore1,MAMADROID,android.support.v4.app.BackStackRecord,commitInternal,android.support.v4.app.FragmentManagerImpl,enqueueAction,other,
EmulatorDetection,PlayStore1,MAMADROID,android.support.v4.app.BackStackRecord,doAddOp,android.support.v4.app.BackStackRecord,addOp,other,
EmulatorDetection,PlayStore1,MAMADROID,android.support.v4.app.BackStackRecord,doAddOp,android.support.v4.app.BackStackRecord$Op,<init>,other,
EmulatorDetection,PlayStore1,MAMADROID,android.support.v4.app.BackStackRecord,run,android.support.v4.app.BackStackRecord,bumpBackStackNesting,other,
EmulatorDetection,PlayStore1,MAMADROID,android.support.v4.app.BackStackRecord,run,android.support.v4.app.FragmentManagerImpl,addFragment,other,
EmulatorDetection,PlayStore1,MAMADROID,android.support.v4.app.BackStackRecord,run,android.support.v4.app.FragmentManagerImpl,moveToState,other,
EmulatorDetection,PlayStore1,MAMADROID,android.support.v4.app.Fragment,<clinit>,android.support.v4.util.SimpleArrayMap,<init>,other,
EmulatorDetection,PlayStore1,MAMADROID,android.support.v4.app.Fragment,getLayoutInflater,android.app.Activity,getLayoutInflater,component,component
EmulatorDetection,PlayStore1,MAMADROID,android.support.v4.app.Fragment,onStart,android.support.v4.app.FragmentActivity,getLoaderManager,other,
EmulatorDetection,PlayStore1,MAMADROID,android.support.v4.app.Fragment,performActivityCreated,android.support.v4.app.Fragment,onActivityCreated,callback,callback|entrypoint
EmulatorDetection,PlayStore1,MAMADROID,android.support.v4.app.Fragment,performCreate,android.support.v4.app.Fragment,onCreate,callback,callback|entrypoint
EmulatorDetection,PlayStore1,MAMADROID,android.support.v4.app.Fragment,performCreateView,android.support.v4.app.Fragment,onCreateView,callback,callback|entrypoint
EmulatorDetection,PlayStore1,MAMADROID,android.support.v4.app.Fragment,performDestroy,android.support.v4.app.Fragment,onDestroy,callback,callback|entrypoint
EmulatorDetection,PlayStore1,MAMADROID,android.support.v4.app.Fragment,performDestroyView,android.support.v4.app.Fragment,onDestroyView,callback,callback|entrypoint
EmulatorDetection,PlayStore1,MAMADROID,android.support.v4.app.Fragment,performPause,android.support.v4.app.Fragment,onPause,callback,callback|entrypoint
EmulatorDetection,PlayStore1,MAMADROID,android.support.v4.app.Fragment,performResume,android.support.v4.app.Fragment,onResume,callback,callback|entrypoint
EmulatorDetection,PlayStore1,MAMADROID,android.support.v4.app.Fragment,performSaveInstanceState,android.support.v4.app.Fragment,onSaveInstanceState,callback,callback|entrypoint
EmulatorDetection,PlayStore1,MAMADROID,android.support.v4.app.Fragment,performStart,android.support.v4.app.Fragment,onStart,callback,callback|entrypoint
EmulatorDetection,PlayStore1,MAMADROID,android.support.v4.app.Fragment,performStop,android.support.v4.app.Fragment,onStop,callback,callback|entrypoint
EmulatorDetection,PlayStore1,MAMADROID,android.support.v4.app.Fragment,restoreViewState,android.support.v4.app.Fragment,onViewStateRestored,callback,callback|entrypoint
EmulatorDetection,PlayStore1,MAMADROID,android.support.v4.app.Fragment,setIndex,java.lang.StringBuilder,<init>,other,
EmulatorDetection,PlayStore1,MAMADROID,android.support.v4.app.Fragment,setIndex,java.lang.StringBuilder,append,other,
EmulatorDetection,PlayStore1,MAMADROID,android.support.v4.app.Fragment,setIndex,java.lang.StringBuilder,toString,other,
EmulatorDetection,PlayStore1,MAMADROID,android.support.v4.app.FragmentActivity,doReallyStop,android.os.Handler,removeMessages,other,
EmulatorDetection,PlayStore1,MAMADROID,android.support.v4.app.FragmentActivity,doReallyStop,android.support.v4.app.FragmentActivity,onReallyStop,callback,callback|entrypoint
EmulatorDetection,PlayStore1,MAMADROID,android.support.v4.app.FragmentActivity,getLoaderManager,android.support.v4.util.SimpleArrayMap,<init>,other,
EmulatorDetection,PlayStore1,MAMADROID,android.support.v4.app.FragmentActivity,getLoaderManager,android.support.v4.util.SimpleArrayMap,get,other,
EmulatorDetection,PlayStore1,MAMADROID,android.support.v4.app.FragmentActivity,invalidateSupportFragment,android.support.v4.util.SimpleArrayMap,get,other,
EmulatorDetection,PlayStore1,MAMADROID,android.support.v4.app.FragmentActivity,onBackPressed,android.app.Activity,finish,component,component
EmulatorDetection,PlayStore1,MAMADROID,android.support.v4.app.FragmentActivity,onBackPressed,android.support.v4.app.FragmentManagerImpl,popBackStackImmediate,other,
EmulatorDetection,PlayStore1,MAMADROID,android.support.v4.app.FragmentActivity,onCreate,android.app.Activity,getLastNonConfigurationInstance,component,component
EmulatorDetection,PlayStore1,MAMADROID,android.support.v4.app.FragmentActivity,onCreate,android.app.Activity,getLayoutInflater,component,component
EmulatorDetection,PlayStore1,MAMADROID,android.support.v4.app.FragmentActivity,onCreate,android.support.v4.app.FragmentManagerImpl,attachActivity,other,
EmulatorDetection,PlayStore1,MAMADROID,android.support.v4.app.FragmentActivity,onCreate,android.support.v4.app.FragmentManagerImpl,dispatchCreate,other,
EmulatorDetection,PlayStore1,MAMADROID,android.support.v4.app.FragmentActivity,onCreate,android.view.LayoutInflater,getFactory,other,
EmulatorDetection,PlayStore1,MAMADROID,android.support.v4.app.FragmentActivity,onCreate,android.view.LayoutInflater,setFactory,other,
EmulatorDetection,PlayStore1,MAMADROID,android.support.v4.app.FragmentActivity,onCreatePanelMenu,android.app.Activity,getMenuInflater,component,component
EmulatorDetection,PlayStore1,MAMADROID,android.support.v4.app.FragmentActivity,onCreatePanelMenu,android.app.Activity,onCreatePanelMenu,callback,callback|component|entrypoint
EmulatorDetection,PlayStore1,MAMADROID,android.support.v4.app.FragmentActivity,onCreatePanelMenu,android.support.v4.app.FragmentManagerImpl,dispatchCreateOptionsMenu,other,
EmulatorDetection,PlayStore1,MAMADROID,android.support.v4.app.FragmentActivity,onCreateView,android.app.Activity,onCreateView,callback,callback|component|entrypoint
EmulatorDetection,PlayStore1,MAMADROID,android.support.v4.app.FragmentActivity,onCreateView,java.lang.String,equals,other,
EmulatorDetection,PlayStore1,MAMADROID,android.support.v4.app.FragmentActivity,onDestroy,android.app.Activity,onDestroy,callback,callback|component|entrypoint
EmulatorDetection,PlayStore1,MAMADROID,android.support.v4.app.FragmentActivity,onDestroy,android.support.v4.app.FragmentActivity,doReallyStop,other,
EmulatorDetection,PlayStore1,MAMADROID,android.support.v4.app.FragmentActivity,onDestroy,android.support.v4.app.FragmentManagerImpl,dispatchDestroy,other,
EmulatorDetection,PlayStore1,MAMADROID,android.support.v4.app.FragmentActivity,onKeyDown,android.app.Activity,onKeyDown,callback,callback|component|entrypoint
EmulatorDetection,PlayStore1,MAMADROID,android.support.v4.app.FragmentActivity,onPanelClosed,android.app.Activity,onPanelClosed,callback,callback|component|entrypoint
EmulatorDetection,PlayStore1,MAMADROID,android.support.v4.app.FragmentActivity,onPause,android.app.Activity,onPause,callback,callback|component|entrypoint
EmulatorDetection,PlayStore1,MAMADROID,android.support.v4.app.FragmentActivity,onPause,android.os.Handler,hasMessages,other,
EmulatorDetection,PlayStore1,MAMADROID,android.support.v4.app.FragmentActivity,onPause,android.support.v4.app.FragmentManagerImpl,dispatchPause,other,
EmulatorDetection,PlayStore1,MAMADROID,android.support.v4.app.FragmentActivity,onPostResume,android.app.Activity,onPostResume,callback,callback|component|entrypoint
EmulatorDetection,PlayStore1,MAMADROID,android.support.v4.app.FragmentActivity,onPostResume,android.os.Handler,removeMessages,other,
EmulatorDetection,PlayStore1,MAMADROID,android.support.v4.app.FragmentActivity,onPostResume,android.support.v4.app.FragmentActivity,onResumeFragments,callback,callback|entrypoint
EmulatorDetection,PlayStore1,MAMADROID,android.support.v4.app.FragmentActivity,onPostResume,android.support.v4.app.FragmentManagerImpl,execPendingActions,other,
EmulatorDetection,PlayStore1,MAMADROID,android.support.v4.app.FragmentActivity,onPrepareOptionsPanel,android.app.Activity,onPreparePanel,callback,callback|component|entrypoint
EmulatorDetection,PlayStore1,MAMADROID,android.support.v4.app.FragmentActivity,onPreparePanel,android.support.v4.app.FragmentActivity,onPrepareOptionsPanel,callback,callback|entrypoint
EmulatorDetection,PlayStore1,MAMADROID,android.support.v4.app.FragmentActivity,onPreparePanel,android.support.v4.app.FragmentManagerImpl,dispatchPrepareOptionsMenu,other,
EmulatorDetection,PlayStore1,MAMADROID,android.support.v4.app.FragmentActivity,onReallyStop,android.support.v4.app.FragmentManagerImpl,dispatchReallyStop,other,
EmulatorDetection,PlayStore1,MAMADROID,android.support.v4.app.FragmentActivity,onResume,android.app.Activity,onResume,callback,callback|component|entrypoint
EmulatorDetection,PlayStore1,MAMADROID,android.support.v4.app.FragmentActivity,onResume,android.os.Handler,sendEmptyMessage,other,
EmulatorDetection,PlayStore1,MAMADROID,android.support.v4.app.FragmentActivity,onResume,android.support.v4.app.FragmentManagerImpl,execPendingActions,other,
EmulatorDetection,PlayStore1,MAMADROID,android.support.v4.app.FragmentActivity,onResumeFragments,android.support.v4.app.FragmentManagerImpl,dispatchResume,other,
EmulatorDetection,PlayStore1,MAMADROID,android.support.v4.app.FragmentActivity,onSaveInstanceState,android.app.Activity,onSaveInstanceState,callback,callback|component|entrypoint
EmulatorDetection,PlayStore1,MAMADROID,android.support.v4.app.FragmentActivity,onSaveInstanceState,android.os.Bundle,putParcelable,other,
EmulatorDetection,PlayStore1,MAMADROID,android.support.v4.app.FragmentActivity,onSaveInstanceState,android.support.v4.app.FragmentManagerImpl,saveAllState,other,
EmulatorDetection,PlayStore1,MAMADROID,android.support.v4.app.FragmentActivity,onStart,android.app.Activity,onStart,callback,callback|component|entrypoint
EmulatorDetection,PlayStore1,MAMADROID,android.support.v4.app.FragmentActivity,onStart,android.os.Handler,removeMessages,other,
EmulatorDetection,PlayStore1,MAMADROID,android.support.v4.app.FragmentActivity,onStart,android.support.v4.app.FragmentManagerImpl,dispatchActivityCreated,other,
EmulatorDetection,PlayStore1,MAMADROID,android.support.v4.app.FragmentActivity,onStart,android.support.v4.app.FragmentManagerImpl,dispatchStart,other,
EmulatorDetection,PlayStore1,MAMADROID,android.support.v4.app.FragmentActivity,onStart,android.support.v4.app.FragmentManagerImpl,execPendingActions,other,
EmulatorDetection,PlayStore1,MAMADROID,android.support.v4.app.FragmentActivity,onStart,android.support.v4.app.FragmentManagerImpl,noteStateNotSaved,other,
EmulatorDetection,PlayStore1,MAMADROID,android.support.v4.app.FragmentActivity,onStart,android.support.v4.util.SimpleArrayMap,size,other,
EmulatorDetection,PlayStore1,MAMADROID,android.support.v4.app.FragmentActivity,onStop,android.app.Activity,onStop,callback,callback|component|entrypoint
EmulatorDetection,PlayStore1,MAMADROID,android.support.v4.app.FragmentActivity,onStop,android.os.Handler,sendEmptyMessage,other,
EmulatorDetection,PlayStore1,MAMADROID,android.support.v4.app.FragmentActivity,onStop,android.support.v4.app.FragmentManagerImpl,dispatchStop,other,
EmulatorDetection,PlayStore1,MAMADROID,android.support.v4.app.FragmentActivity$1,handleMessage,android.support.v4.app.FragmentActivity,doReallyStop,other,
EmulatorDetection,PlayStore1,MAMADROID,android.support.v4.app.FragmentActivity$2,findViewById,android.app.Activity,findViewById,component,component
EmulatorDetection,PlayStore1,MAMADROID,android.support.v4.app.FragmentManagerImpl,addFragment,android.support.v4.app.FragmentManagerImpl,makeActive,other,
EmulatorDetection,PlayStore1,MAMADROID,android.support.v4.app.FragmentManagerImpl,addFragment,java.util.ArrayList,<init>,other,
EmulatorDetection,PlayStore1,MAMADROID,android.support.v4.app.FragmentManagerImpl,addFragment,java.util.ArrayList,add,other,
EmulatorDetection,PlayStore1,MAMADROID,android.support.v4.app.FragmentManagerImpl,addFragment,java.util.ArrayList,contains,other,
EmulatorDetection,PlayStore1,MAMADROID,android.support.v4.app.FragmentManagerImpl,beginTransaction,android.support.v4.app.BackStackRecord,<init>,other,
EmulatorDetection,PlayStore1,MAMADROID,android.support.v4.app.FragmentManagerImpl,dispatchActivityCreated,android.support.v4.app.FragmentManagerImpl,moveToState,other,
EmulatorDetection,PlayStore1,MAMADROID,android.support.v4.app.FragmentManagerImpl,dispatchCreate,android.support.v4.app.FragmentManagerImpl,moveToState,other,
EmulatorDetection,PlayStore1,MAMADROID,android.support.v4.app.FragmentManagerImpl,dispatchCreateOptionsMenu,android.support.v4.app.Fragment,performCreateOptionsMenu,other,
EmulatorDetection,PlayStore1,MAMADROID,android.support.v4.app.FragmentManagerImpl,dispatchCreateOptionsMenu,java.util.ArrayList,get,other,
EmulatorDetection,PlayStore1,MAMADROID,android.support.v4.app.FragmentManagerImpl,dispatchCreateOptionsMenu,java.util.ArrayList,size,other,
EmulatorDetection,PlayStore1,MAMADROID,android.support.v4.app.FragmentManagerImpl,dispatchDestroy,android.support.v4.app.FragmentManagerImpl,execPendingActions,other,
EmulatorDetection,PlayStore1,MAMADROID,android.support.v4.app.FragmentManagerImpl,dispatchDestroy,android.support.v4.app.FragmentManagerImpl,moveToState,other,
EmulatorDetection,PlayStore1,MAMADROID,android.support.v4.app.FragmentManagerImpl,dispatchPause,android.support.v4.app.FragmentManagerImpl,moveToState,other,
EmulatorDetection,PlayStore1,MAMADROID,android.support.v4.app.FragmentManagerImpl,dispatchPrepareOptionsMenu,android.support.v4.app.Fragment,performPrepareOptionsMenu,other,
EmulatorDetection,PlayStore1,MAMADROID,android.support.v4.app.FragmentManagerImpl,dispatchPrepareOptionsMenu,java.util.ArrayList,get,other,
EmulatorDetection,PlayStore1,MAMADROID,android.support.v4.app.FragmentManagerImpl,dispatchPrepareOptionsMenu,java.util.ArrayList,size,other,
EmulatorDetection,PlayStore1,MAMADROID,android.support.v4.app.FragmentManagerImpl,dispatchReallyStop,android.support.v4.app.FragmentManagerImpl,moveToState,other,
EmulatorDetection,PlayStore1,MAMADROID,android.support.v4.app.FragmentManagerImpl,dispatchResume,android.support.v4.app.FragmentManagerImpl,moveToState,other,
EmulatorDetection,PlayStore1,MAMADROID,android.support.v4.app.FragmentManagerImpl,dispatchStart,android.support.v4.app.FragmentManagerImpl,moveToState,other,
EmulatorDetection,PlayStore1,MAMADROID,android.support.v4.app.FragmentManagerImpl,dispatchStop,android.support.v4.app.FragmentManagerImpl,moveToState,other,
EmulatorDetection,PlayStore1,MAMADROID,android.support.v4.app.FragmentManagerImpl,enqueueAction,android.os.Handler,post,other,
EmulatorDetection,PlayStore1,MAMADROID,android.support.v4.app.FragmentManagerImpl,enqueueAction,android.os.Handler,removeCallbacks,other,
EmulatorDetection,PlayStore1,MAMADROID,android.support.v4.app.FragmentManagerImpl,enqueueAction,android.support.v4.app.FragmentManagerImpl,checkStateLoss,other,
EmulatorDetection,PlayStore1,MAMADROID,android.support.v4.app.FragmentManagerImpl,enqueueAction,java.util.ArrayList,<init>,other,
EmulatorDetection,PlayStore1,MAMADROID,android.support.v4.app.FragmentManagerImpl,enqueueAction,java.util.ArrayList,add,other,
EmulatorDetection,PlayStore1,MAMADROID,android.support.v4.app.FragmentManagerImpl,enqueueAction,java.util.ArrayList,size,other,
EmulatorDetection,PlayStore1,MAMADROID,android.support.v4.app.FragmentManagerImpl,execPendingActions,android.os.Handler,getLooper,other,
EmulatorDetection,PlayStore1,MAMADROID,android.support.v4.app.FragmentManagerImpl,execPendingActions,android.os.Handler,removeCallbacks,other,
EmulatorDetection,PlayStore1,MAMADROID,android.support.v4.app.FragmentManagerImpl,execPendingActions,android.os.Looper,myLooper,other,
EmulatorDetection,PlayStore1,MAMADROID,android.support.v4.app.FragmentManagerImpl,execPendingActions,java.lang.Runnable,run,other,
EmulatorDetection,PlayStore1,MAMADROID,android.support.v4.app.FragmentManagerImpl,execPendingActions,java.util.ArrayList,clear,other,
EmulatorDetection,PlayStore1,MAMADROID,android.support.v4.app.FragmentManagerImpl,execPendingActions,java.util.ArrayList,size,other,
EmulatorDetection,PlayStore1,MAMADROID,android.support.v4.app.FragmentManagerImpl,execPendingActions,java.util.ArrayList,toArray,other,
EmulatorDetection,PlayStore1,MAMADROID,android.support.v4.app.FragmentManagerImpl,executePendingTransactions,android.support.v4.app.FragmentManagerImpl,execPendingActions,other,
EmulatorDetection,PlayStore1,MAMADROID,android.support.v4.app.FragmentManagerImpl,loadAnimation,android.support.v4.app.Fragment,onCreateAnimation,callback,callback|entrypoint
EmulatorDetection,PlayStore1,MAMADROID,android.support.v4.app.FragmentManagerImpl,makeActive,android.support.v4.app.Fragment,setIndex,other,
EmulatorDetection,PlayStore1,MAMADROID,android.support.v4.app.FragmentManagerImpl,makeActive,java.util.ArrayList,<init>,other,
EmulatorDetection,PlayStore1,MAMADROID,android.support.v4.app.FragmentManagerImpl,makeActive,java.util.ArrayList,add,other,
EmulatorDetection,PlayStore1,MAMADROID,android.support.v4.app.FragmentManagerImpl,makeActive,java.util.ArrayList,size,other,
EmulatorDetection,PlayStore1,MAMADROID,android.support.v4.app.FragmentManagerImpl,makeInactive,android.support.v4.app.Fragment,initState,other,
EmulatorDetection,PlayStore1,MAMADROID,android.support.v4.app.FragmentManagerImpl,makeInactive,android.support.v4.app.FragmentActivity,invalidateSupportFragment,other,
EmulatorDetection,PlayStore1,MAMADROID,android.support.v4.app.FragmentManagerImpl,makeInactive,java.lang.Integer,valueOf,other,
EmulatorDetection,PlayStore1,MAMADROID,android.support.v4.app.FragmentManagerImpl,makeInactive,java.util.ArrayList,<init>,other,
EmulatorDetection,PlayStore1,MAMADROID,android.support.v4.app.FragmentManagerImpl,makeInactive,java.util.ArrayList,add,other,
EmulatorDetection,PlayStore1,MAMADROID,android.support.v4.app.FragmentManagerImpl,makeInactive,java.util.ArrayList,set,other,
EmulatorDetection,PlayStore1,MAMADROID,android.support.v4.app.FragmentManagerImpl,moveToState,android.app.Activity,isFinishing,component,component
EmulatorDetection,PlayStore1,MAMADROID,android.support.v4.app.FragmentManagerImpl,moveToState,android.support.v4.app.Fragment,getLayoutInflater,other,
EmulatorDetection,PlayStore1,MAMADROID,android.support.v4.app.FragmentManagerImpl,moveToState,android.support.v4.app.Fragment,onAttach,callback,callback|entrypoint
EmulatorDetection,PlayStore1,MAMADROID,android.support.v4.app.FragmentManagerImpl,moveToState,android.support.v4.app.Fragment,onDetach,callback,callback|entrypoint
EmulatorDetection,PlayStore1,MAMADROID,android.support.v4.app.FragmentManagerImpl,moveToState,android.support.v4.app.Fragment,onViewCreated,callback,callback|entrypoint
EmulatorDetection,PlayStore1,MAMADROID,android.support.v4.app.FragmentManagerImpl,moveToState,android.support.v4.app.Fragment,performActivityCreated,other,
EmulatorDetection,PlayStore1,MAMADROID,android.support.v4.app.FragmentManagerImpl,moveToState,android.support.v4.app.Fragment,performCreate,other,
EmulatorDetection,PlayStore1,MAMADROID,android.support.v4.app.FragmentManagerImpl,moveToState,android.support.v4.app.Fragment,performCreateView,other,
EmulatorDetection,PlayStore1,MAMADROID,android.support.v4.app.FragmentManagerImpl,moveToState,android.support.v4.app.Fragment,performDestroy,other,
EmulatorDetection,PlayStore1,MAMADROID,android.support.v4.app.FragmentManagerImpl,moveToState,android.support.v4.app.Fragment,performDestroyView,other,
EmulatorDetection,PlayStore1,MAMADROID,android.support.v4.app.FragmentManagerImpl,moveToState,android.support.v4.app.Fragment,performPause,other,
EmulatorDetection,PlayStore1,MAMADROID,android.support.v4.app.FragmentManagerImpl,moveToState,android.support.v4.app.Fragment,performReallyStop,other,
EmulatorDetection,PlayStore1,MAMADROID,android.support.v4.app.FragmentManagerImpl,moveToState,android.support.v4.app.Fragment,performResume,other,
EmulatorDetection,PlayStore1,MAMADROID,android.support.v4.app.FragmentManagerImpl,moveToState,android.support.v4.app.Fragment,performStart,other,
EmulatorDetection,PlayStore1,MAMADROID,android.support.v4.app.FragmentManagerImpl,moveToState,android.support.v4.app.Fragment,performStop,other,
EmulatorDetection,PlayStore1,MAMADROID,android.support.v4.app.FragmentManagerImpl,moveToState,android.support.v4.app.Fragment,restoreViewState,other,
EmulatorDetection,PlayStore1,MAMADROID,android.support.v4.app.FragmentManagerImpl,moveToState,android.support.v4.app.FragmentActivity,onAttachFragment,callback,callback|entrypoint
EmulatorDetection,PlayStore1,MAMADROID,android.support.v4.app.FragmentManagerImpl,moveToState,android.support.v4.app.FragmentContainer,findViewById,other,
EmulatorDetection,PlayStore1,MAMADROID,android.support.v4.app.FragmentManagerImpl,moveToState,android.support.v4.app.FragmentManagerImpl,loadAnimation,other,
EmulatorDetection,PlayStore1,MAMADROID,android.support.v4.app.FragmentManagerImpl,moveToState,android.support.v4.app.FragmentManagerImpl,makeInactive,other,
EmulatorDetection,PlayStore1,MAMADROID,android.support.v4.app.FragmentManagerImpl,moveToState,android.support.v4.app.FragmentManagerImpl,moveToState,other,
EmulatorDetection,PlayStore1,MAMADROID,android.support.v4.app.FragmentManagerImpl,moveToState,android.support.v4.app.FragmentManagerImpl,startPendingDeferredFragments,other,
EmulatorDetection,PlayStore1,MAMADROID,android.support.v4.app.FragmentManagerImpl,moveToState,android.support.v4.app.NoSaveStateFrameLayout,wrap,other,
EmulatorDetection,PlayStore1,MAMADROID,android.support.v4.app.FragmentManagerImpl,moveToState,android.view.ViewGroup,addView,other,
EmulatorDetection,PlayStore1,MAMADROID,android.support.v4.app.FragmentManagerImpl,moveToState,android.view.ViewGroup,removeView,other,
EmulatorDetection,PlayStore1,MAMADROID,android.support.v4.app.FragmentManagerImpl,moveToState,java.util.ArrayList,get,other,
EmulatorDetection,PlayStore1,MAMADROID,android.support.v4.app.FragmentManagerImpl,moveToState,java.util.ArrayList,size,other,
EmulatorDetection,PlayStore1,MAMADROID,android.support.v4.app.FragmentManagerImpl,popBackStackImmediate,android.support.v4.app.FragmentManagerImpl,checkStateLoss,other,
EmulatorDetection,PlayStore1,MAMADROID,android.support.v4.app.FragmentManagerImpl,popBackStackImmediate,android.support.v4.app.FragmentManagerImpl,executePendingTransactions,other,
EmulatorDetection,PlayStore1,MAMADROID,android.support.v4.app.FragmentManagerImpl,popBackStackImmediate,android.support.v4.app.FragmentManagerImpl,popBackStackState,other,
EmulatorDetection,PlayStore1,MAMADROID,android.support.v4.app.FragmentManagerImpl,saveAllState,android.support.v4.app.FragmentManagerImpl,execPendingActions,other,
EmulatorDetection,PlayStore1,MAMADROID,android.support.v4.app.FragmentManagerImpl,saveAllState,android.support.v4.app.FragmentManagerImpl,saveFragmentBasicState,other,
EmulatorDetection,PlayStore1,MAMADROID,android.support.v4.app.FragmentManagerImpl,saveAllState,android.support.v4.app.FragmentManagerState,<init>,other,
EmulatorDetection,PlayStore1,MAMADROID,android.support.v4.app.FragmentManagerImpl,saveAllState,java.util.ArrayList,get,other,
EmulatorDetection,PlayStore1,MAMADROID,android.support.v4.app.FragmentManagerImpl,saveAllState,java.util.ArrayList,size,other,
EmulatorDetection,PlayStore1,MAMADROID,android.support.v4.app.FragmentManagerImpl,saveFragmentBasicState,android.os.BaseBundle,isEmpty,other,
EmulatorDetection,PlayStore1,MAMADROID,android.support.v4.app.FragmentManagerImpl,saveFragmentBasicState,android.os.Bundle,<init>,other,
EmulatorDetection,PlayStore1,MAMADROID,android.support.v4.app.FragmentManagerImpl,saveFragmentBasicState,android.support.v4.app.Fragment,performSaveInstanceState,other,
EmulatorDetection,PlayStore1,MAMADROID,android.support.v4.app.FragmentManagerImpl,saveFragmentBasicState,android.support.v4.app.FragmentManagerImpl,saveFragmentViewState,other,
EmulatorDetection,PlayStore1,MAMADROID,android.support.v4.app.FragmentManagerImpl,saveFragmentViewState,android.util.SparseArray,<init>,other,
EmulatorDetection,PlayStore1,MAMADROID,android.support.v4.app.FragmentManagerImpl,saveFragmentViewState,android.util.SparseArray,clear,other,
EmulatorDetection,PlayStore1,MAMADROID,android.support.v4.app.FragmentManagerImpl,saveFragmentViewState,android.util.SparseArray,size,other,
EmulatorDetection,PlayStore1,MAMADROID,android.support.v4.app.FragmentManagerImpl,saveFragmentViewState,android.view.View,saveHierarchyState,other,
EmulatorDetection,PlayStore1,MAMADROID,android.support.v4.app.FragmentManagerImpl,startPendingDeferredFragments,android.support.v4.app.FragmentManagerImpl,performPendingDeferredStart,other,
EmulatorDetection,PlayStore1,MAMADROID,android.support.v4.app.FragmentManagerImpl,startPendingDeferredFragments,java.util.ArrayList,get,other,
EmulatorDetection,PlayStore1,MAMADROID,android.support.v4.app.FragmentManagerImpl,startPendingDeferredFragments,java.util.ArrayList,size,other,
EmulatorDetection,PlayStore1,MAMADROID,android.support.v4.app.FragmentManagerState,writeToParcel,android.os.Parcel,writeIntArray,other,
EmulatorDetection,PlayStore1,MAMADROID,android.support.v4.app.FragmentManagerState,writeToParcel,android.os.Parcel,writeTypedArray,other,
EmulatorDetection,PlayStore1,MAMADROID,android.support.v4.app.FragmentState,<init>,java.lang.Class,getName,reflection,reflection
EmulatorDetection,PlayStore1,MAMADROID,android.support.v4.app.FragmentState,<init>,java.lang.Object,getClass,other,
EmulatorDetection,PlayStore1,MAMADROID,android.support.v4.app.FragmentState,writeToParcel,android.os.Parcel,writeBundle,other,
EmulatorDetection,PlayStore1,MAMADROID,android.support.v4.app.FragmentState,writeToParcel,android.os.Parcel,writeInt,other,
EmulatorDetection,PlayStore1,MAMADROID,android.support.v4.app.FragmentState,writeToParcel,android.os.Parcel,writeString,other,
EmulatorDetection,PlayStore1,MAMADROID,android.support.v4.app.NavUtils,getParentActivityName,android.app.Activity,getComponentName,component,component
EmulatorDetection,PlayStore1,MAMADROID,android.support.v4.app.NavUtils,getParentActivityName,android.content.Context,getPackageManager,ipc,ipc
EmulatorDetection,PlayStore1,MAMADROID,android.support.v4.app.NavUtils,getParentActivityName,android.content.pm.PackageManager,getActivityInfo,other,
EmulatorDetection,PlayStore1,MAMADROID,android.support.v4.app.NavUtils$NavUtilsImplJB,getParentActivityName,android.support.v4.app.NavUtils$NavUtilsImplBase,getParentActivityName,other,
EmulatorDetection,PlayStore1,MAMADROID,android.support.v4.app.NoSaveStateFrameLayout,dispatchSaveInstanceState,android.view.ViewGroup,dispatchFreezeSelfOnly,other,
EmulatorDetection,PlayStore1,MAMADROID,android.support.v4.app.NoSaveStateFrameLayout,wrap,android.support.v4.app.NoSaveStateFrameLayout,<init>,other,
EmulatorDetection,PlayStore1,MAMADROID,android.support.v4.app.NoSaveStateFrameLayout,wrap,android.view.View,getContext,other,
EmulatorDetection,PlayStore1,MAMADROID,android.support.v4.app.NoSaveStateFrameLayout,wrap,android.view.View,getLayoutParams,other,
EmulatorDetection,PlayStore1,MAMADROID,android.support.v4.app.NoSaveStateFrameLayout,wrap,android.view.View,setLayoutParams,other,
EmulatorDetection,PlayStore1,MAMADROID,android.support.v4.app.NoSaveStateFrameLayout,wrap,android.view.ViewGroup,addView,other,
EmulatorDetection,PlayStore1,MAMADROID,android.support.v4.util.SimpleArrayMap,get,android.support.v4.util.SimpleArrayMap,indexOf,other,
EmulatorDetection,PlayStore1,MAMADROID,android.support.v4.util.SimpleArrayMap,get,java.lang.Object,hashCode,other,
EmulatorDetection,PlayStore1,MAMADROID,android.support.v4.view.MenuItemCompat,setShowAsAction,android.support.v4.internal.view.SupportMenuItem,setShowAsAction,other,
EmulatorDetection,PlayStore1,MAMADROID,android.support.v7.app.ActionBarActivity,getMenuInflater,android.support.v7.app.ActionBarActivityDelegate,getMenuInflater,other,
EmulatorDetection,PlayStore1,MAMADROID,android.support.v7.app.ActionBarActivity,onBackPressed,android.support.v4.app.FragmentActivity,onBackPressed,callback,callback|entrypoint
EmulatorDetection,PlayStore1,MAMADROID,android.support.v7.app.ActionBarActivity,onContentChanged,android.support.v7.app.ActionBarActivityDelegate,onContentChanged,callback,callback
EmulatorDetection,PlayStore1,MAMADROID,android.support.v7.app.ActionBarActivity,onCreate,android.support.v7.app.ActionBarActivityDelegate,createDelegate,other,
EmulatorDetection,PlayStore1,MAMADROID,android.support.v7.app.ActionBarActivity,onCreatePanelView,android.support.v7.app.ActionBarActivityDelegate,onCreatePanelView,callback,callback
EmulatorDetection,PlayStore1,MAMADROID,android.support.v7.app.ActionBarActivity,onPrepareOptionsPanel,android.support.v7.app.ActionBarActivityDelegate,onPrepareOptionsPanel,callback,callback
EmulatorDetection,PlayStore1,MAMADROID,android.support.v7.app.ActionBarActivity,onPreparePanel,android.support.v7.app.ActionBarActivityDelegate,onPreparePanel,callback,callback
EmulatorDetection,PlayStore1,MAMADROID,android.support.v7.app.ActionBarActivity,onTitleChanged,android.app.Activity,onTitleChanged,callback,callback|component|entrypoint
EmulatorDetection,PlayStore1,MAMADROID,android.support.v7.app.ActionBarActivity,setContentView,android.support.v7.app.ActionBarActivityDelegate,setContentView,other,
EmulatorDetection,PlayStore1,MAMADROID,android.support.v7.app.ActionBarActivity,superOnCreatePanelMenu,android.support.v4.app.FragmentActivity,onCreatePanelMenu,callback,callback|entrypoint
EmulatorDetection,PlayStore1,MAMADROID,android.support.v7.app.ActionBarActivity,superOnPrepareOptionsPanel,android.support.v4.app.FragmentActivity,onPrepareOptionsPanel,callback,callback|entrypoint
EmulatorDetection,PlayStore1,MAMADROID,android.support.v7.app.ActionBarActivity,superOnPreparePanel,android.support.v4.app.FragmentActivity,onPreparePanel,callback,callback|entrypoint
EmulatorDetection,PlayStore1,MAMADROID,android.support.v7.app.ActionBarActivity,superSetContentView,android.app.Activity,setContentView,component,component
EmulatorDetection,PlayStore1,MAMADROID,android.support.v7.app.ActionBarActivityDelegate,createDelegate,android.support.v7.app.ActionBarActivityDelegateJBMR2,<init>,other,
EmulatorDetection,PlayStore1,MAMADROID,android.support.v7.app.ActionBarActivityDelegate,getActionBarThemedContext,android.support.v7.app.ActionBar,getThemedContext,other,
EmulatorDetection,PlayStore1,MAMADROID,android.support.v7.app.ActionBarActivityDelegate,getActionBarThemedContext,android.support.v7.app.ActionBarActivityDelegate,getSupportActionBar,other,
EmulatorDetection,PlayStore1,MAMADROID,android.support.v7.app.ActionBarActivityDelegate,getMenuInflater,android.support.v7.app.ActionBarActivityDelegate,getActionBarThemedContext,other,
EmulatorDetection,PlayStore1,MAMADROID,android.support.v7.app.ActionBarActivityDelegate,getMenuInflater,android.support.v7.internal.view.SupportMenuInflater,<init>,other,
EmulatorDetection,PlayStore1,MAMADROID,android.support.v7.app.ActionBarActivityDelegate,getSupportActionBar,android.support.v7.app.ActionBarActivityDelegate,createSupportActionBar,other,
EmulatorDetection,PlayStore1,MAMADROID,android.support.v7.app.ActionBarActivityDelegate,getUiOptionsFromMetadata,android.app.Activity,getComponentName,component,component
EmulatorDetection,PlayStore1,MAMADROID,android.support.v7.app.ActionBarActivityDelegate,getUiOptionsFromMetadata,android.content.ContextWrapper,getPackageManager,ipc,ipc
EmulatorDetection,PlayStore1,MAMADROID,android.support.v7.app.ActionBarActivityDelegate,getUiOptionsFromMetadata,android.content.pm.PackageManager,getActivityInfo,other,
EmulatorDetection,PlayStore1,MAMADROID,android.support.v7.app.ActionBarActivityDelegate,onCreate,android.content.Context,obtainStyledAttributes,ipc,ipc
EmulatorDetection,PlayStore1,MAMADROID,android.support.v7.app.ActionBarActivityDelegate,onCreate,android.content.res.TypedArray,getBoolean,other,
EmulatorDetection,PlayStore1,MAMADROID,android.support.v7.app.ActionBarActivityDelegate,onCreate,android.content.res.TypedArray,hasValue,other,
EmulatorDetection,PlayStore1,MAMADROID,android.support.v7.app.ActionBarActivityDelegate,onCreate,android.content.res.TypedArray,recycle,other,
EmulatorDetection,PlayStore1,MAMADROID,android.support.v7.app.ActionBarActivityDelegate,onCreate,android.support.v4.app.NavUtils,getParentActivityName,other,
EmulatorDetection,PlayStore1,MAMADROID,android.support.v7.app.ActionBarActivityDelegate,onPrepareOptionsPanel,android.support.v7.app.ActionBarActivity,superOnPrepareOptionsPanel,other,
EmulatorDetection,PlayStore1,MAMADROID,android.support.v7.app.ActionBarActivityDelegateICS,createWindowCallbackWrapper,android.support.v7.app.ActionBarActivityDelegateICS$WindowCallbackWrapper,<init>,other,
EmulatorDetection,PlayStore1,MAMADROID,android.support.v7.app.ActionBarActivityDelegateICS,onContentChanged,android.support.v7.app.ActionBarActivity,onSupportContentChanged,callback,callback|entrypoint
EmulatorDetection,PlayStore1,MAMADROID,android.support.v7.app.ActionBarActivityDelegateICS,onCreate,android.app.Activity,getWindow,component,component
EmulatorDetection,PlayStore1,MAMADROID,android.support.v7.app.ActionBarActivityDelegateICS,onCreate,android.app.Activity,requestWindowFeature,component,component
EmulatorDetection,PlayStore1,MAMADROID,android.support.v7.app.ActionBarActivityDelegateICS,onCreate,android.support.v7.app.ActionBarActivityDelegate,getUiOptionsFromMetadata,other,
EmulatorDetection,PlayStore1,MAMADROID,android.support.v7.app.ActionBarActivityDelegateICS,onCreate,android.support.v7.app.ActionBarActivityDelegateICS,createWindowCallbackWrapper,other,
EmulatorDetection,PlayStore1,MAMADROID,android.support.v7.app.ActionBarActivityDelegateICS,onCreate,android.view.Window,getCallback,other,
EmulatorDetection,PlayStore1,MAMADROID,android.support.v7.app.ActionBarActivityDelegateICS,onCreate,android.view.Window,setCallback,other,
EmulatorDetection,PlayStore1,MAMADROID,android.support.v7.app.ActionBarActivityDelegateICS,onCreate,java.lang.String,equals,other,
EmulatorDetection,PlayStore1,MAMADROID,android.support.v7.app.ActionBarActivityDelegateICS,onCreatePanelMenu,android.support.v7.app.ActionBarActivity,superOnCreatePanelMenu,other,
EmulatorDetection,PlayStore1,MAMADROID,android.support.v7.app.ActionBarActivityDelegateICS,onCreatePanelMenu,android.support.v7.internal.view.menu.MenuWrapperFactory,createMenuWrapper,other,
EmulatorDetection,PlayStore1,MAMADROID,android.support.v7.app.ActionBarActivityDelegateICS,onPreparePanel,android.support.v7.app.ActionBarActivity,superOnPreparePanel,other,
EmulatorDetection,PlayStore1,MAMADROID,android.support.v7.app.ActionBarActivityDelegateICS,setContentView,android.support.v7.app.ActionBarActivity,superSetContentView,other,
EmulatorDetection,PlayStore1,MAMADROID,android.support.v7.app.ActionBarActivityDelegateICS$WindowCallbackWrapper,dispatchKeyEvent,android.view.Window$Callback,dispatchKeyEvent,other,
EmulatorDetection,PlayStore1,MAMADROID,android.support.v7.app.ActionBarActivityDelegateICS$WindowCallbackWrapper,dispatchTouchEvent,android.view.Window$Callback,dispatchTouchEvent,other,
EmulatorDetection,PlayStore1,MAMADROID,android.support.v7.app.ActionBarActivityDelegateICS$WindowCallbackWrapper,dispatchTrackballEvent,android.view.Window$Callback,dispatchTrackballEvent,other,
EmulatorDetection,PlayStore1,MAMADROID,android.support.v7.app.ActionBarActivityDelegateICS$WindowCallbackWrapper,onAttachedToWindow,android.view.Window$Callback,onAttachedToWindow,callback,callback
EmulatorDetection,PlayStore1,MAMADROID,android.support.v7.app.ActionBarActivityDelegateICS$WindowCallbackWrapper,onDetachedFromWindow,android.view.Window$Callback,onDetachedFromWindow,callback,callback
EmulatorDetection,PlayStore1,MAMADROID,android.support.v7.app.ActionBarActivityDelegateICS$WindowCallbackWrapper,onMenuOpened,android.view.Window$Callback,onMenuOpened,callback,callback
EmulatorDetection,PlayStore1,MAMADROID,android.support.v7.app.ActionBarActivityDelegateICS$WindowCallbackWrapper,onWindowAttributesChanged,android.view.Window$Callback,onWindowAttributesChanged,callback,callback
EmulatorDetection,PlayStore1,MAMADROID,android.support.v7.app.ActionBarActivityDelegateICS$WindowCallbackWrapper,onWindowFocusChanged,android.view.Window$Callback,onWindowFocusChanged,callback,callback
EmulatorDetection,PlayStore1,MAMADROID,android.support.v7.app.ActionBarActivityDelegateJBMR2,createSupportActionBar,android.support.v7.app.ActionBarImplJBMR2,<init>,other,
EmulatorDetection,PlayStore1,MAMADROID,android.support.v7.app.ActionBarImplICS,<init>,android.app.Activity,getActionBar,component,component
EmulatorDetection,PlayStore1,MAMADROID,android.support.v7.app.ActionBarImplICS,getThemedContext,android.app.ActionBar,getThemedContext,other,
EmulatorDetection,PlayStore1,MAMADROID,android.support.v7.internal.view.SupportMenuInflater,inflate,android.content.Context,getResources,ipc,ipc
EmulatorDetection,PlayStore1,MAMADROID,android.support.v7.internal.view.SupportMenuInflater,inflate,android.content.res.Resources,getLayout,other,
EmulatorDetection,PlayStore1,MAMADROID,android.support.v7.internal.view.SupportMenuInflater,inflate,android.content.res.XmlResourceParser,close,other,
EmulatorDetection,PlayStore1,MAMADROID,android.support.v7.internal.view.SupportMenuInflater,inflate,android.support.v7.internal.view.SupportMenuInflater,parseMenu,other,
EmulatorDetection,PlayStore1,MAMADROID,android.support.v7.internal.view.SupportMenuInflater,inflate,android.util.Xml,asAttributeSet,other,
EmulatorDetection,PlayStore1,MAMADROID,android.support.v7.internal.view.SupportMenuInflater,parseMenu,android.support.v7.internal.view.SupportMenuInflater$MenuState,<init>,other,
EmulatorDetection,PlayStore1,MAMADROID,android.support.v7.internal.view.SupportMenuInflater,parseMenu,android.support.v7.internal.view.SupportMenuInflater$MenuState,access$000,other,
EmulatorDetection,PlayStore1,MAMADROID,android.support.v7.internal.view.SupportMenuInflater,parseMenu,android.support.v7.internal.view.SupportMenuInflater$MenuState,addItem,other,
EmulatorDetection,PlayStore1,MAMADROID,android.support.v7.internal.view.SupportMenuInflater,parseMenu,android.support.v7.internal.view.SupportMenuInflater$MenuState,hasAddedItem,other,
EmulatorDetection,PlayStore1,MAMADROID,android.support.v7.internal.view.SupportMenuInflater,parseMenu,android.support.v7.internal.view.SupportMenuInflater$MenuState,readItem,other,
EmulatorDetection,PlayStore1,MAMADROID,android.support.v7.internal.view.SupportMenuInflater,parseMenu,java.lang.String,equals,other,
EmulatorDetection,PlayStore1,MAMADROID,android.support.v7.internal.view.SupportMenuInflater,parseMenu,org.xmlpull.v1.XmlPullParser,getEventType,other,
EmulatorDetection,PlayStore1,MAMADROID,android.support.v7.internal.view.SupportMenuInflater,parseMenu,org.xmlpull.v1.XmlPullParser,getName,other,
EmulatorDetection,PlayStore1,MAMADROID,android.support.v7.internal.view.SupportMenuInflater,parseMenu,org.xmlpull.v1.XmlPullParser,next,other,
EmulatorDetection,PlayStore1,MAMADROID,android.support.v7.internal.view.SupportMenuInflater$MenuState,<init>,android.support.v7.internal.view.SupportMenuInflater$MenuState,resetGroup,other,
EmulatorDetection,PlayStore1,MAMADROID,android.support.v7.internal.view.SupportMenuInflater$MenuState,addItem,android.support.v7.internal.view.SupportMenuInflater$MenuState,setItem,other,
EmulatorDetection,PlayStore1,MAMADROID,android.support.v7.internal.view.SupportMenuInflater$MenuState,addItem,android.view.Menu,add,other,
EmulatorDetection,PlayStore1,MAMADROID,android.support.v7.internal.view.SupportMenuInflater$MenuState,readItem,android.content.Context,obtainStyledAttributes,ipc,ipc
EmulatorDetection,PlayStore1,MAMADROID,android.support.v7.internal.view.SupportMenuInflater$MenuState,readItem,android.content.res.TypedArray,getBoolean,other,
EmulatorDetection,PlayStore1,MAMADROID,android.support.v7.internal.view.SupportMenuInflater$MenuState,readItem,android.content.res.TypedArray,getInt,other,
EmulatorDetection,PlayStore1,MAMADROID,android.support.v7.internal.view.SupportMenuInflater$MenuState,readItem,android.content.res.TypedArray,getResourceId,other,
EmulatorDetection,PlayStore1,MAMADROID,android.support.v7.internal.view.SupportMenuInflater$MenuState,readItem,android.content.res.TypedArray,getString,other,
EmulatorDetection,PlayStore1,MAMADROID,android.support.v7.internal.view.SupportMenuInflater$MenuState,readItem,android.content.res.TypedArray,getText,other,
EmulatorDetection,PlayStore1,MAMADROID,android.support.v7.internal.view.SupportMenuInflater$MenuState,readItem,android.content.res.TypedArray,hasValue,other,
EmulatorDetection,PlayStore1,MAMADROID,android.support.v7.internal.view.SupportMenuInflater$MenuState,readItem,android.content.res.TypedArray,recycle,other,
EmulatorDetection,PlayStore1,MAMADROID,android.support.v7.internal.view.SupportMenuInflater$MenuState,readItem,android.support.v7.internal.view.SupportMenuInflater,access$100,other,
EmulatorDetection,PlayStore1,MAMADROID,android.support.v7.internal.view.SupportMenuInflater$MenuState,readItem,android.support.v7.internal.view.SupportMenuInflater$MenuState,getShortcut,other,
EmulatorDetection,PlayStore1,MAMADROID,android.support.v7.internal.view.SupportMenuInflater$MenuState,setItem,android.support.v4.view.MenuItemCompat,setShowAsAction,other,
EmulatorDetection,PlayStore1,MAMADROID,android.support.v7.internal.view.SupportMenuInflater$MenuState,setItem,android.view.MenuItem,setAlphabeticShortcut,other,
EmulatorDetection,PlayStore1,MAMADROID,android.support.v7.internal.view.SupportMenuInflater$MenuState,setItem,android.view.MenuItem,setCheckable,other,
EmulatorDetection,PlayStore1,MAMADROID,android.support.v7.internal.view.SupportMenuInflater$MenuState,setItem,android.view.MenuItem,setChecked,other,
EmulatorDetection,PlayStore1,MAMADROID,android.support.v7.internal.view.SupportMenuInflater$MenuState,setItem,android.view.MenuItem,setEnabled,other,
EmulatorDetection,PlayStore1,MAMADROID,android.support.v7.internal.view.SupportMenuInflater$MenuState,setItem,android.view.MenuItem,setIcon,other,
EmulatorDetection,PlayStore1,MAMADROID,android.support.v7.internal.view.SupportMenuInflater$MenuState,setItem,android.view.MenuItem,setNumericShortcut,other,
EmulatorDetection,PlayStore1,MAMADROID,android.support.v7.internal.view.SupportMenuInflater$MenuState,setItem,android.view.MenuItem,setTitleCondensed,other,
EmulatorDetection,PlayStore1,MAMADROID,android.support.v7.internal.view.SupportMenuInflater$MenuState,setItem,android.view.MenuItem,setVisible,other,
EmulatorDetection,PlayStore1,MAMADROID,android.support.v7.internal.view.menu.BaseMenuWrapper,getMenuItemWrapper,android.support.v7.internal.view.menu.MenuWrapperFactory,createSupportMenuItemWrapper,other,
EmulatorDetection,PlayStore1,MAMADROID,android.support.v7.internal.view.menu.BaseMenuWrapper,getMenuItemWrapper,java.util.HashMap,<init>,other,
EmulatorDetection,PlayStore1,MAMADROID,android.support.v7.internal.view.menu.BaseMenuWrapper,getMenuItemWrapper,java.util.HashMap,get,other,
EmulatorDetection,PlayStore1,MAMADROID,android.support.v7.internal.view.menu.BaseMenuWrapper,getMenuItemWrapper,java.util.HashMap,put,other,
EmulatorDetection,PlayStore1,MAMADROID,android.support.v7.internal.view.menu.MenuItemWrapperICS,<init>,android.view.MenuItem,isVisible,other,
EmulatorDetection,PlayStore1,MAMADROID,android.support.v7.internal.view.menu.MenuItemWrapperICS,setChecked,android.view.MenuItem,setChecked,other,
EmulatorDetection,PlayStore1,MAMADROID,android.support.v7.internal.view.menu.MenuItemWrapperICS,setVisible,android.support.v7.internal.view.menu.MenuItemWrapperICS,wrappedSetVisible,other,
EmulatorDetection,PlayStore1,MAMADROID,android.support.v7.internal.view.menu.MenuItemWrapperICS,wrappedSetVisible,android.view.MenuItem,setVisible,other,
EmulatorDetection,PlayStore1,MAMADROID,android.support.v7.internal.view.menu.MenuWrapperFactory,createMenuWrapper,android.support.v7.internal.view.menu.MenuWrapperICS,<init>,other,
EmulatorDetection,PlayStore1,MAMADROID,android.support.v7.internal.view.menu.MenuWrapperFactory,createSupportMenuItemWrapper,android.support.v7.internal.view.menu.MenuItemWrapperJB,<init>,other,
EmulatorDetection,PlayStore1,MAMADROID,android.support.v7.internal.view.menu.MenuWrapperICS,add,android.support.v7.internal.view.menu.BaseMenuWrapper,getMenuItemWrapper,other,
EmulatorDetection,PlayStore1,MAMADROID,android.support.v7.internal.view.menu.MenuWrapperICS,add,android.view.Menu,add,other,
EmulatorDetection,PlayStore1,MAMADROID,de.ecspride.MainActivity,onCreate,android.content.Context,getPackageManager,ipc,ipc
EmulatorDetection,PlayStore1,MAMADROID,de.ecspride.MainActivity,onCreate,android.content.pm.PackageManager,queryIntentActivities,other,
EmulatorDetection,PlayStore1,MAMADROID,de.ecspride.MainActivity,onCreate,android.support.v4.app.FragmentManager,beginTransaction,other,
EmulatorDetection,PlayStore1,MAMADROID,de.ecspride.MainActivity,onCreate,android.support.v4.app.FragmentTransaction,add,other,
EmulatorDetection,PlayStore1,MAMADROID,de.ecspride.MainActivity,onCreate,android.support.v4.app.FragmentTransaction,commit,other,
EmulatorDetection,PlayStore1,MAMADROID,de.ecspride.MainActivity,onCreate,java.lang.String,startsWith,other,
EmulatorDetection,PlayStore1,MAMADROID,de.ecspride.MainActivity,onCreate,java.util.Iterator,hasNext,other,
EmulatorDetection,PlayStore1,MAMADROID,de.ecspride.MainActivity,onCreate,java.util.Iterator,next,other,
EmulatorDetection,PlayStore1,MAMADROID,de.ecspride.MainActivity,onCreate,java.util.List,iterator,other,
EmulatorDetection,PlayStore1,MAMADROID,de.ecspride.MainActivity,onCreateOptionsMenu,android.view.MenuInflater,inflate,other,
EmulatorDetection,PlayStore1,MAMADROID,de.ecspride.MainActivity$PlaceholderFragment,onCreateView,android.view.LayoutInflater,inflate,other,
EmulatorDetection,PlayStore1,NATIDROID,android.support.v4.app.FragmentActivity,onCreate,android.view.LayoutInflater,getFactory,other,
EmulatorDetection,PlayStore1,NATIDROID,android.support.v4.app.FragmentActivity,onCreate,android.view.LayoutInflater,setFactory,other,
EmulatorDetection,PlayStore1,NATIDROID,android.support.v4.app.NavUtils,getParentActivityName,android.content.pm.PackageManager,getActivityInfo,other,
EmulatorDetection,PlayStore1,NATIDROID,android.support.v7.app.ActionBarActivityDelegate,getUiOptionsFromMetadata,android.content.pm.PackageManager,getActivityInfo,other,
EmulatorDetection,PlayStore1,NATIDROID,android.support.v7.app.ActionBarActivityDelegateICS,onCreate,android.view.Window,getCallback,other,
EmulatorDetection,PlayStore1,NATIDROID,android.support.v7.app.ActionBarActivityDelegateICS,onCreate,android.view.Window,setCallback,other,
EmulatorDetection,PlayStore1,NATIDROID,android.support.v7.internal.view.SupportMenuInflater,inflate,android.content.res.XmlResourceParser,close,other,
EmulatorDetection,PlayStore1,NATIDROID,android.support.v7.internal.view.SupportMenuInflater,parseMenu,org.xmlpull.v1.XmlPullParser,getEventType,other,
EmulatorDetection,PlayStore1,NATIDROID,android.support.v7.internal.view.SupportMenuInflater,parseMenu,org.xmlpull.v1.XmlPullParser,getName,other,
EmulatorDetection,PlayStore1,NATIDROID,android.support.v7.internal.view.SupportMenuInflater,parseMenu,org.xmlpull.v1.XmlPullParser,next,other,
EmulatorDetection,PlayStore1,NATIDROID,de.ecspride.MainActivity,onCreate,android.content.pm.PackageManager,queryIntentActivities,other,
EmulatorDetection,PlayStore1,NATIDROID,de.ecspride.MainActivity$PlaceholderFragment,onCreateView,android.view.LayoutInflater,inflate,other,
FieldAndObjectSensitivity,FieldSensitivity1,FLOWDROID,de.ecspride.FieldSensitivity1,sendTaint,android.telephony.SmsManager,sendTextMessage,sensitive_api,sensitive_api|telephony
FieldAndObjectSensitivity,FieldSensitivity1,FLOWDROID,de.ecspride.FieldSensitivity1,setTaint,android.telephony.TelephonyManager,getSimSerialNumber,telephony,telephony
FieldAndObjectSensitivity,FieldSensitivity1,MAMADROID,de.ecspride.FieldSensitivity1,sendTaint,android.telephony.SmsManager,sendTextMessage,sensitive_api,sensitive_api|telephony
FieldAndObjectSensitivity,FieldSensitivity1,MAMADROID,de.ecspride.FieldSensitivity1,setTaint,android.telephony.TelephonyManager,getSimSerialNumber,telephony,telephony
FieldAndObjectSensitivity,FieldSensitivity2,FLOWDROID,de.ecspride.FieldSensitivity2,onCreate,android.telephony.SmsManager,sendTextMessage,sensitive_api,sensitive_api|telephony
FieldAndObjectSensitivity,FieldSensitivity2,FLOWDROID,de.ecspride.FieldSensitivity2,onCreate,android.telephony.TelephonyManager,getSimSerialNumber,telephony,telephony
FieldAndObjectSensitivity,FieldSensitivity2,MAMADROID,de.ecspride.FieldSensitivity2,onCreate,android.telephony.SmsManager,sendTextMessage,sensitive_api,sensitive_api|telephony
FieldAndObjectSensitivity,FieldSensitivity2,MAMADROID,de.ecspride.FieldSensitivity2,onCreate,android.telephony.TelephonyManager,getSimSerialNumber,telephony,telephony
FieldAndObjectSensitivity,FieldSensitivity3,FLOWDROID,de.ecspride.FieldSensitivity3,onCreate,android.telephony.SmsManager,sendTextMessage,sensitive_api,sensitive_api|telephony
FieldAndObjectSensitivity,FieldSensitivity3,FLOWDROID,de.ecspride.FieldSensitivity3,onCreate,android.telephony.TelephonyManager,getSimSerialNumber,telephony,telephony
FieldAndObjectSensitivity,FieldSensitivity3,MAMADROID,de.ecspride.FieldSensitivity3,onCreate,android.telephony.SmsManager,sendTextMessage,sensitive_api,sensitive_api|telephony
FieldAndObjectSensitivity,FieldSensitivity3,MAMADROID,de.ecspride.FieldSensitivity3,onCreate,android.telephony.TelephonyManager,getSimSerialNumber,telephony,telephony
FieldAndObjectSensitivity,FieldSensitivity4,FLOWDROID,de.ecspride.FieldSensitivity4,onCreate,android.telephony.SmsManager,sendTextMessage,sensitive_api,sensitive_api|telephony
FieldAndObjectSensitivity,FieldSensitivity4,FLOWDROID,de.ecspride.FieldSensitivity4,onCreate,android.telephony.TelephonyManager,getDeviceId,sensitive_api,sensitive_api|telephony
FieldAndObjectSensitivity,FieldSensitivity4,MAMADROID,de.ecspride.FieldSensitivity4,onCreate,android.telephony.SmsManager,sendTextMessage,sensitive_api,sensitive_api|telephony
FieldAndObjectSensitivity,FieldSensitivity4,MAMADROID,de.ecspride.FieldSensitivity4,onCreate,android.telephony.TelephonyManager,getDeviceId,sensitive_api,sensitive_api|telephony
FieldAndObjectSensitivity,InheritedObjects1,FLOWDROID,de.ecspride.InheritedObjects1,onCreate,android.telephony.SmsManager,sendTextMessage,sensitive_api,sensitive_api|telephony
FieldAndObjectSensitivity,InheritedObjects1,FLOWDROID,de.ecspride.VarA,getInfo,android.telephony.TelephonyManager,getDeviceId,sensitive_api,sensitive_api|telephony
FieldAndObjectSensitivity,InheritedObjects1,MAMADROID,de.ecspride.InheritedObjects1,onCreate,android.telephony.SmsManager,sendTextMessage,sensitive_api,sensitive_api|telephony
FieldAndObjectSensitivity,InheritedObjects1,MAMADROID,de.ecspride.VarA,getInfo,android.telephony.TelephonyManager,getDeviceId,sensitive_api,sensitive_api|telephony
FieldAndObjectSensitivity,ObjectSensitivity1,FLOWDROID,de.ecspride.ObjectSensitivity1,onCreate,android.telephony.SmsManager,sendTextMessage,sensitive_api,sensitive_api|telephony
FieldAndObjectSensitivity,ObjectSensitivity1,FLOWDROID,de.ecspride.ObjectSensitivity1,onCreate,android.telephony.TelephonyManager,getSimSerialNumber,telephony,telephony
FieldAndObjectSensitivity,ObjectSensitivity1,MAMADROID,de.ecspride.ObjectSensitivity1,onCreate,android.telephony.SmsManager,sendTextMessage,sensitive_api,sensitive_api|telephony
FieldAndObjectSensitivity,ObjectSensitivity1,MAMADROID,de.ecspride.ObjectSensitivity1,onCreate,android.telephony.TelephonyManager,getSimSerialNumber,telephony,telephony
FieldAndObjectSensitivity,ObjectSensitivity2,FLOWDROID,de.ecspride.OverwiteValue,onCreate,android.telephony.SmsManager,sendTextMessage,sensitive_api,sensitive_api|telephony
FieldAndObjectSensitivity,ObjectSensitivity2,FLOWDROID,de.ecspride.OverwiteValue,onCreate,android.telephony.TelephonyManager,getDeviceId,sensitive_api,sensitive_api|telephony
FieldAndObjectSensitivity,ObjectSensitivity2,MAMADROID,de.ecspride.OverwiteValue,onCreate,android.telephony.SmsManager,sendTextMessage,sensitive_api,sensitive_api|telephony
FieldAndObjectSensitivity,ObjectSensitivity2,MAMADROID,de.ecspride.OverwiteValue,onCreate,android.telephony.TelephonyManager,getDeviceId,sensitive_api,sensitive_api|telephony
GeneralJava,Clone1,FLOWDROID,edu.mit.clone.MainActivity,onCreate,android.telephony.TelephonyManager,getDeviceId,sensitive_api,sensitive_api|telephony
GeneralJava,Clone1,MAMADROID,edu.mit.clone.MainActivity,onCreate,android.telephony.TelephonyManager,getDeviceId,sensitive_api,sensitive_api|telephony
GeneralJava,Exceptions1,FLOWDROID,de.ecspride.Exceptions1,onCreate,android.telephony.SmsManager,sendTextMessage,sensitive_api,sensitive_api|telephony
GeneralJava,Exceptions1,FLOWDROID,de.ecspride.Exceptions1,onCreate,android.telephony.TelephonyManager,getDeviceId,sensitive_api,sensitive_api|telephony
GeneralJava,Exceptions1,MAMADROID,de.ecspride.Exceptions1,onCreate,android.telephony.SmsManager,sendTextMessage,sensitive_api,sensitive_api|telephony
GeneralJava,Exceptions1,MAMADROID,de.ecspride.Exceptions1,onCreate,android.telephony.TelephonyManager,getDeviceId,sensitive_api,sensitive_api|telephony
GeneralJava,Exceptions2,FLOWDROID,de.ecspride.Exceptions2,onCreate,android.telephony.SmsManager,sendTextMessage,sensitive_api,sensitive_api|telephony
GeneralJava,Exceptions2,FLOWDROID,de.ecspride.Exceptions2,onCreate,android.telephony.TelephonyManager,getDeviceId,sensitive_api,sensitive_api|telephony
GeneralJava,Exceptions2,MAMADROID,de.ecspride.Exceptions2,onCreate,android.telephony.SmsManager,sendTextMessage,sensitive_api,sensitive_api|telephony
GeneralJava,Exceptions2,MAMADROID,de.ecspride.Exceptions2,onCreate,android.telephony.TelephonyManager,getDeviceId,sensitive_api,sensitive_api|telephony
GeneralJava,Exceptions3,FLOWDROID,de.ecspride.Exceptions3,onCreate,android.telephony.SmsManager,sendTextMessage,sensitive_api,sensitive_api|telephony
GeneralJava,Exceptions3,FLOWDROID,de.ecspride.Exceptions3,onCreate,android.telephony.TelephonyManager,getDeviceId,sensitive_api,sensitive_api|telephony
GeneralJava,Exceptions3,MAMADROID,de.ecspride.Exceptions3,onCreate,android.telephony.SmsManager,sendTextMessage,sensitive_api,sensitive_api|telephony
GeneralJava,Exceptions3,MAMADROID,de.ecspride.Exceptions3,onCreate,android.telephony.TelephonyManager,getDeviceId,sensitive_api,sensitive_api|telephony
GeneralJava,Exceptions4,FLOWDROID,de.ecspride.Exceptions4,onCreate,android.telephony.SmsManager,sendTextMessage,sensitive_api,sensitive_api|telephony
GeneralJava,Exceptions4,FLOWDROID,de.ecspride.Exceptions4,onCreate,android.telephony.TelephonyManager,getDeviceId,sensitive_api,sensitive_api|telephony
GeneralJava,Exceptions4,MAMADROID,de.ecspride.Exceptions4,onCreate,android.telephony.SmsManager,sendTextMessage,sensitive_api,sensitive_api|telephony
GeneralJava,Exceptions4,MAMADROID,de.ecspride.Exceptions4,onCreate,android.telephony.TelephonyManager,getDeviceId,sensitive_api,sensitive_api|telephony
GeneralJava,FactoryMethods1,FLOWDROID,de.ecspride.FactoryMethods1,onCreate,android.location.Location,getLatitude,location,location|sensitive_api
GeneralJava,FactoryMethods1,FLOWDROID,de.ecspride.FactoryMethods1,onCreate,android.location.Location,getLongitude,location,location|sensitive_api
GeneralJava,FactoryMethods1,FLOWDROID,de.ecspride.FactoryMethods1,onCreate,android.location.LocationManager,getBestProvider,location,location
GeneralJava,FactoryMethods1,FLOWDROID,de.ecspride.FactoryMethods1,onCreate,android.location.LocationManager,getLastKnownLocation,location,location|sensitive_api
GeneralJava,FactoryMethods1,MAMADROID,de.ecspride.FactoryMethods1,onCreate,android.location.Location,getLatitude,location,location|sensitive_api
GeneralJava,FactoryMethods1,MAMADROID,de.ecspride.FactoryMethods1,onCreate,android.location.Location,getLongitude,location,location|sensitive_api
GeneralJava,FactoryMethods1,MAMADROID,de.ecspride.FactoryMethods1,onCreate,android.location.LocationManager,getBestProvider,location,location
GeneralJava,FactoryMethods1,MAMADROID,de.ecspride.FactoryMethods1,onCreate,android.location.LocationManager,getLastKnownLocation,location,location|sensitive_api
GeneralJava,Loop1,FLOWDROID,de.ecspride.LoopExample1,onCreate,android.telephony.TelephonyManager,getDeviceId,sensitive_api,sensitive_api|telephony
GeneralJava,Loop1,FLOWDROID,de.ecspride.LoopExample1,onCreate,java.lang.String,toCharArray,other,
GeneralJava,Loop1,MAMADROID,de.ecspride.LoopExample1,onCreate,android.telephony.TelephonyManager,getDeviceId,sensitive_api,sensitive_api|telephony
GeneralJava,Loop1,MAMADROID,de.ecspride.LoopExample1,onCreate,java.lang.String,toCharArray,other,
GeneralJava,Loop2,FLOWDROID,de.ecspride.LoopExample2,onCreate,android.telephony.TelephonyManager,getDeviceId,sensitive_api,sensitive_api|telephony
GeneralJava,Loop2,FLOWDROID,de.ecspride.LoopExample2,onCreate,java.lang.String,toCharArray,other,
GeneralJava,Loop2,MAMADROID,de.ecspride.LoopExample2,onCreate,android.telephony.TelephonyManager,getDeviceId,sensitive_api,sensitive_api|telephony
GeneralJava,Loop2,MAMADROID,de.ecspride.LoopExample2,onCreate,java.lang.String,toCharArray,other,
GeneralJava,Serialization1,FLOWDROID,edu.mit.serialization.MainActivity,onCreate,android.telephony.TelephonyManager,getDeviceId,sensitive_api,sensitive_api|telephony
GeneralJava,Serialization1,MAMADROID,edu.mit.serialization.MainActivity,onCreate,android.telephony.TelephonyManager,getDeviceId,sensitive_api,sensitive_api|telephony
GeneralJava,SourceCodeSpecific1,FLOWDROID,de.ecspride.MainActivity,onCreate,android.telephony.TelephonyManager,getDeviceId,sensitive_api,sensitive_api|telephony
GeneralJava,SourceCodeSpecific1,FLOWDROID,de.ecspride.MainActivity,sendSMS,android.telephony.SmsManager,sendTextMessage,sensitive_api,sensitive_api|telephony
GeneralJava,SourceCodeSpecific1,FLOWDROID,de.ecspride.MainActivity,sendSMS,java.util.Iterator,hasNext,other,
GeneralJava,SourceCodeSpecific1,FLOWDROID,de.ecspride.MainActivity,sendSMS,java.util.Iterator,next,other,
GeneralJava,SourceCodeSpecific1,MAMADROID,de.ecspride.MainActivity,onCreate,android.telephony.TelephonyManager,getDeviceId,sensitive_api,sensitive_api|telephony
GeneralJava,SourceCodeSpecific1,MAMADROID,de.ecspride.MainActivity,sendSMS,android.telephony.SmsManager,sendTextMessage,sensitive_api,sensitive_api|telephony
GeneralJava,SourceCodeSpecific1,MAMADROID,de.ecspride.MainActivity,sendSMS,java.util.Iterator,hasNext,other,
GeneralJava,SourceCodeSpecific1,MAMADROID,de.ecspride.MainActivity,sendSMS,java.util.Iterator,next,other,
GeneralJava,StartProcessWithSecret1,FLOWDROID,edu.mit.non_sink_argument_flow.MainActivity,onCreate,android.telephony.TelephonyManager,getDeviceId,sensitive_api,sensitive_api|telephony
GeneralJava,StartProcessWithSecret1,MAMADROID,edu.mit.non_sink_argument_flow.MainActivity,onCreate,android.telephony.TelephonyManager,getDeviceId,sensitive_api,sensitive_api|telephony
GeneralJava,StaticInitialization1,FLOWDROID,de.ecspride.MainActivity,onCreate,android.telephony.TelephonyManager,getDeviceId,sensitive_api,sensitive_api|telephony
GeneralJava,StaticInitialization1,FLOWDROID,de.ecspride.MainActivity$StaticInitClass1,<clinit>,android.telephony.SmsManager,sendTextMessage,sensitive_api,sensitive_api|telephony
GeneralJava,StaticInitialization1,MAMADROID,de.ecspride.MainActivity,onCreate,android.telephony.TelephonyManager,getDeviceId,sensitive_api,sensitive_api|telephony
GeneralJava,StaticInitialization1,MAMADROID,de.ecspride.MainActivity$StaticInitClass1,<clinit>,android.telephony.SmsManager,sendTextMessage,sensitive_api,sensitive_api|telephony
GeneralJava,StaticInitialization2,FLOWDROID,de.ecspride.MainActivity,onCreate,android.telephony.SmsManager,sendTextMessage,sensitive_api,sensitive_api|telephony
GeneralJava,StaticInitialization2,FLOWDROID,de.ecspride.MainActivity$StaticInitClass1,<clinit>,android.telephony.TelephonyManager,getDeviceId,sensitive_api,sensitive_api|telephony
GeneralJava,StaticInitialization2,MAMADROID,de.ecspride.MainActivity,onCreate,android.telephony.SmsManager,sendTextMessage,sensitive_api,sensitive_api|telephony
GeneralJava,StaticInitialization2,MAMADROID,de.ecspride.MainActivity$StaticInitClass1,<clinit>,android.telephony.TelephonyManager,getDeviceId,sensitive_api,sensitive_api|telephony
GeneralJava,StaticInitialization3,FLOWDROID,edu.mit.clinit.Test,<clinit>,android.telephony.TelephonyManager,getDeviceId,sensitive_api,sensitive_api|telephony
GeneralJava,StaticInitialization3,MAMADROID,edu.mit.clinit.Test,<clinit>,android.telephony.TelephonyManager,getDeviceId,sensitive_api,sensitive_api|telephony
GeneralJava,StringFormatter1,FLOWDROID,edu.mit.string_formatter.MainActivity,onCreate,android.telephony.TelephonyManager,getDeviceId,sensitive_api,sensitive_api|telephony
GeneralJava,StringFormatter1,MAMADROID,edu.mit.string_formatter.MainActivity,onCreate,android.telephony.TelephonyManager,getDeviceId,sensitive_api,sensitive_api|telephony
GeneralJava,StringPatternMatching1,FLOWDROID,edu.mit.pattern_matcher.MainActivity,onCreate,android.telephony.TelephonyManager,getDeviceId,sensitive_api,sensitive_api|telephony
GeneralJava,StringPatternMatching1,FLOWDROID,edu.mit.pattern_matcher.MainActivity,onCreate,java.util.regex.Pattern,matcher,other,
GeneralJava,StringPatternMatching1,MAMADROID,edu.mit.pattern_matcher.MainActivity,onCreate,android.telephony.TelephonyManager,getDeviceId,sensitive_api,sensitive_api|telephony
GeneralJava,StringPatternMatching1,MAMADROID,edu.mit.pattern_matcher.MainActivity,onCreate,java.util.regex.Pattern,matcher,other,
GeneralJava,StringToCharArray1,FLOWDROID,edu.mit.string_to_char.MainActivity,onCreate,android.telephony.TelephonyManager,getDeviceId,sensitive_api,sensitive_api|telephony
GeneralJava,StringToCharArray1,MAMADROID,edu.mit.string_to_char.MainActivity,onCreate,android.telephony.TelephonyManager,getDeviceId,sensitive_api,sensitive_api|telephony
GeneralJava,StringToOutputStream1,FLOWDROID,edu.mit.outputstream.MainActivity,onCreate,android.telephony.TelephonyManager,getDeviceId,sensitive_api,sensitive_api|telephony
GeneralJava,StringToOutputStream1,FLOWDROID,edu.mit.outputstream.MainActivity,onCreate,java.lang.String,getBytes,other,
GeneralJava,StringToOutputStream1,MAMADROID,edu.mit.outputstream.MainActivity,onCreate,android.telephony.TelephonyManager,getDeviceId,sensitive_api,sensitive_api|telephony
GeneralJava,StringToOutputStream1,MAMADROID,edu.mit.outputstream.MainActivity,onCreate,java.lang.String,getBytes,other,
GeneralJava,VirtualDispatch1,FLOWDROID,de.ecspride.VirtualDispatch1,onCreate,android.telephony.TelephonyManager,getDeviceId,sensitive_api,sensitive_api|telephony
GeneralJava,VirtualDispatch1,MAMADROID,de.ecspride.VirtualDispatch1,onCreate,android.telephony.TelephonyManager,getDeviceId,sensitive_api,sensitive_api|telephony
GeneralJava,VirtualDispatch2,FLOWDROID,edu.mit.dynamic_dispatch.B,f,android.telephony.TelephonyManager,getDeviceId,sensitive_api,sensitive_api|telephony
GeneralJava,VirtualDispatch2,FLOWDROID,edu.mit.dynamic_dispatch.MainActivity,onCreate,android.telephony.SmsManager,sendTextMessage,sensitive_api,sensitive_api|telephony
GeneralJava,VirtualDispatch2,MAMADROID,edu.mit.dynamic_dispatch.B,f,android.telephony.TelephonyManager,getDeviceId,sensitive_api,sensitive_api|telephony
GeneralJava,VirtualDispatch2,MAMADROID,edu.mit.dynamic_dispatch.MainActivity,onCreate,android.telephony.SmsManager,sendTextMessage,sensitive_api,sensitive_api|telephony
GeneralJava,VirtualDispatch3,FLOWDROID,android.support.v4.app.BackStackRecord,add,android.support.v4.app.BackStackRecord,doAddOp,other,
GeneralJava,VirtualDispatch3,FLOWDROID,android.support.v4.app.BackStackRecord,commit,android.support.v4.app.BackStackRecord,commitInternal,other,
GeneralJava,VirtualDispatch3,FLOWDROID,android.support.v4.app.BackStackRecord,commitInternal,android.support.v4.app.FragmentManagerImpl,enqueueAction,other,
GeneralJava,VirtualDispatch3,FLOWDROID,android.support.v4.app.BackStackRecord,doAddOp,android.support.v4.app.BackStackRecord,addOp,other,
GeneralJava,VirtualDispatch3,FLOWDROID,android.support.v4.app.BackStackRecord,doAddOp,android.support.v4.app.BackStackRecord$Op,<init>,other,
GeneralJava,VirtualDispatch3,FLOWDROID,android.support.v4.app.Fragment,<clinit>,android.support.v4.util.SimpleArrayMap,<init>,other,
GeneralJava,VirtualDispatch3,FLOWDROID,android.support.v4.app.FragmentActivity,onCreate,android.app.Activity,getLastNonConfigurationInstance,component,component
GeneralJava,VirtualDispatch3,FLOWDROID,android.support.v4.app.FragmentActivity,onCreate,android.app.Activity,getLayoutInflater,component,component
GeneralJava,VirtualDispatch3,FLOWDROID,android.support.v4.app.FragmentActivity,onCreate,android.support.v4.app.FragmentManagerImpl,attachActivity,other,
GeneralJava,VirtualDispatch3,FLOWDROID,android.support.v4.app.FragmentActivity,onCreate,android.support.v4.app.FragmentManagerImpl,dispatchCreate,other,
GeneralJava,VirtualDispatch3,FLOWDROID,android.support.v4.app.FragmentActivity,onCreate,android.view.LayoutInflater,getFactory,other,
GeneralJava,VirtualDispatch3,FLOWDROID,android.support.v4.app.FragmentActivity,onCreate,android.view.LayoutInflater,setFactory,other,
GeneralJava,VirtualDispatch3,FLOWDROID,android.support.v4.app.FragmentActivity,onCreateView,android.app.Activity,onCreateView,callback,callback|component|entrypoint
GeneralJava,VirtualDispatch3,FLOWDROID,android.support.v4.app.FragmentActivity,onCreateView,java.lang.String,equals,other,
GeneralJava,VirtualDispatch3,FLOWDROID,android.support.v4.app.FragmentManagerImpl,beginTransaction,android.support.v4.app.BackStackRecord,<init>,other,
GeneralJava,VirtualDispatch3,FLOWDROID,android.support.v4.app.FragmentManagerImpl,dispatchCreate,android.support.v4.app.FragmentManagerImpl,moveToState,other,
GeneralJava,VirtualDispatch3,FLOWDROID,android.support.v4.app.FragmentManagerImpl,enqueueAction,android.os.Handler,post,other,
GeneralJava,VirtualDispatch3,FLOWDROID,android.support.v4.app.FragmentManagerImpl,enqueueAction,android.os.Handler,removeCallbacks,other,
GeneralJava,VirtualDispatch3,FLOWDROID,android.support.v4.app.FragmentManagerImpl,enqueueAction,android.support.v4.app.FragmentManagerImpl,checkStateLoss,other,
GeneralJava,VirtualDispatch3,FLOWDROID,android.support.v4.app.FragmentManagerImpl,enqueueAction,java.util.ArrayList,<init>,other,
GeneralJava,VirtualDispatch3,FLOWDROID,android.support.v4.app.FragmentManagerImpl,enqueueAction,java.util.ArrayList,add,other,
GeneralJava,VirtualDispatch3,FLOWDROID,android.support.v4.app.FragmentManagerImpl,enqueueAction,java.util.ArrayList,size,other,
GeneralJava,VirtualDispatch3,FLOWDROID,android.support.v4.app.FragmentManagerImpl,moveToState,android.support.v4.app.FragmentManagerImpl,moveToState,other,
GeneralJava,VirtualDispatch3,FLOWDROID,android.support.v4.app.NavUtils,getParentActivityName,android.app.Activity,getComponentName,component,component
GeneralJava,VirtualDispatch3,FLOWDROID,android.support.v4.app.NavUtils,getParentActivityName,android.content.Context,getPackageManager,ipc,ipc
GeneralJava,VirtualDispatch3,FLOWDROID,android.support.v4.app.NavUtils,getParentActivityName,android.content.pm.PackageManager,getActivityInfo,other,
GeneralJava,VirtualDispatch3,FLOWDROID,android.support.v4.app.NavUtils$NavUtilsImplJB,getParentActivityName,android.support.v4.app.NavUtils$NavUtilsImplBase,getParentActivityName,other,
GeneralJava,VirtualDispatch3,FLOWDROID,android.support.v7.app.ActionBarActivity,onContentChanged,android.support.v7.app.ActionBarActivityDelegate,onContentChanged,callback,callback
GeneralJava,VirtualDispatch3,FLOWDROID,android.support.v7.app.ActionBarActivity,onCreate,android.support.v7.app.ActionBarActivityDelegate,createDelegate,other,
GeneralJava,VirtualDispatch3,FLOWDROID,android.support.v7.app.ActionBarActivity,setContentView,android.support.v7.app.ActionBarActivityDelegate,setContentView,other,
GeneralJava,VirtualDispatch3,FLOWDROID,android.support.v7.app.ActionBarActivity,superSetContentView,android.app.Activity,setContentView,component,component
GeneralJava,VirtualDispatch3,FLOWDROID,android.support.v7.app.ActionBarActivityDelegate,createDelegate,android.support.v7.app.ActionBarActivityDelegateJBMR2,<init>,other,
GeneralJava,VirtualDispatch3,FLOWDROID,android.support.v7.app.ActionBarActivityDelegate,getUiOptionsFromMetadata,android.app.Activity,getComponentName,component,component
GeneralJava,VirtualDispatch3,FLOWDROID,android.support.v7.app.ActionBarActivityDelegate,getUiOptionsFromMetadata,android.content.ContextWrapper,getPackageManager,ipc,ipc
GeneralJava,VirtualDispatch3,FLOWDROID,android.support.v7.app.ActionBarActivityDelegate,getUiOptionsFromMetadata,android.content.pm.PackageManager,getActivityInfo,other,
GeneralJava,VirtualDispatch3,FLOWDROID,android.support.v7.app.ActionBarActivityDelegate,onCreate,android.content.Context,obtainStyledAttributes,ipc,ipc
GeneralJava,VirtualDispatch3,FLOWDROID,android.support.v7.app.ActionBarActivityDelegate,onCreate,android.content.res.TypedArray,getBoolean,other,
GeneralJava,VirtualDispatch3,FLOWDROID,android.support.v7.app.ActionBarActivityDelegate,onCreate,android.content.res.TypedArray,hasValue,other,
GeneralJava,VirtualDispatch3,FLOWDROID,android.support.v7.app.ActionBarActivityDelegate,onCreate,android.content.res.TypedArray,recycle,other,
GeneralJava,VirtualDispatch3,FLOWDROID,android.support.v7.app.ActionBarActivityDelegate,onCreate,android.support.v4.app.NavUtils,getParentActivityName,other,
GeneralJava,VirtualDispatch3,FLOWDROID,android.support.v7.app.ActionBarActivityDelegateICS,createWindowCallbackWrapper,android.support.v7.app.ActionBarActivityDelegateICS$WindowCallbackWrapper,<init>,other,
GeneralJava,VirtualDispatch3,FLOWDROID,android.support.v7.app.ActionBarActivityDelegateICS,onContentChanged,android.support.v7.app.ActionBarActivity,onSupportContentChanged,callback,callback|entrypoint
GeneralJava,VirtualDispatch3,FLOWDROID,android.support.v7.app.ActionBarActivityDelegateICS,onCreate,android.app.Activity,getWindow,component,component
GeneralJava,VirtualDispatch3,FLOWDROID,android.support.v7.app.ActionBarActivityDelegateICS,onCreate,android.app.Activity,requestWindowFeature,component,component
GeneralJava,VirtualDispatch3,FLOWDROID,android.support.v7.app.ActionBarActivityDelegateICS,onCreate,android.support.v7.app.ActionBarActivityDelegate,getUiOptionsFromMetadata,other,
GeneralJava,VirtualDispatch3,FLOWDROID,android.support.v7.app.ActionBarActivityDelegateICS,onCreate,android.support.v7.app.ActionBarActivityDelegateICS,createWindowCallbackWrapper,other,
GeneralJava,VirtualDispatch3,FLOWDROID,android.support.v7.app.ActionBarActivityDelegateICS,onCreate,android.view.Window,getCallback,other,
GeneralJava,VirtualDispatch3,FLOWDROID,android.support.v7.app.ActionBarActivityDelegateICS,onCreate,android.view.Window,setCallback,other,
GeneralJava,VirtualDispatch3,FLOWDROID,android.support.v7.app.ActionBarActivityDelegateICS,onCreate,java.lang.String,equals,other,
GeneralJava,VirtualDispatch3,FLOWDROID,android.support.v7.app.ActionBarActivityDelegateICS,setContentView,android.support.v7.app.ActionBarActivity,superSetContentView,other,
GeneralJava,VirtualDispatch3,FLOWDROID,android.support.v7.app.ActionBarActivityDelegateICS$WindowCallbackWrapper,onWindowAttributesChanged,android.view.Window$Callback,onWindowAttributesChanged,callback,callback
GeneralJava,VirtualDispatch3,FLOWDROID,de.ecspride.MainActivity,factoryTest,android.telephony.SmsManager,sendTextMessage,sensitive_api,sensitive_api|telephony
GeneralJava,VirtualDispatch3,FLOWDROID,de.ecspride.MainActivity,onCreate,android.support.v4.app.FragmentManager,beginTransaction,other,
GeneralJava,VirtualDispatch3,FLOWDROID,de.ecspride.MainActivity,onCreate,android.support.v4.app.FragmentTransaction,add,other,
GeneralJava,VirtualDispatch3,FLOWDROID,de.ecspride.MainActivity,onCreate,android.support.v4.app.FragmentTransaction,commit,other,
GeneralJava,VirtualDispatch3,GATOR,android.support.v4.app.FragmentActivity,onCreate,android.view.LayoutInflater,getFactory,other,
GeneralJava,VirtualDispatch3,GATOR,android.support.v4.app.FragmentActivity,onCreate,android.view.LayoutInflater,setFactory,other,
GeneralJava,VirtualDispatch3,GATOR,android.support.v4.app.NavUtils,getParentActivityName,android.content.pm.PackageManager,getActivityInfo,other,
GeneralJava,VirtualDispatch3,GATOR,android.support.v7.app.ActionBarActivityDelegate,getUiOptionsFromMetadata,android.content.pm.PackageManager,getActivityInfo,other,
GeneralJava,VirtualDispatch3,GATOR,android.support.v7.app.ActionBarActivityDelegateICS,onCreate,android.view.Window,getCallback,other,
GeneralJava,VirtualDispatch3,GATOR,android.support.v7.app.ActionBarActivityDelegateICS,onCreate,android.view.Window,setCallback,other,
GeneralJava,VirtualDispatch3,MAMADROID,android.support.v4.app.BackStackRecord,add,android.support.v4.app.BackStackRecord,doAddOp,other,
GeneralJava,VirtualDispatch3,MAMADROID,android.support.v4.app.BackStackRecord,commit,android.support.v4.app.BackStackRecord,commitInternal,other,
GeneralJava,VirtualDispatch3,MAMADROID,android.support.v4.app.BackStackRecord,commitInternal,android.support.v4.app.FragmentManagerImpl,enqueueAction,other,
GeneralJava,VirtualDispatch3,MAMADROID,android.support.v4.app.BackStackRecord,doAddOp,android.support.v4.app.BackStackRecord,addOp,other,
GeneralJava,VirtualDispatch3,MAMADROID,android.support.v4.app.BackStackRecord,doAddOp,android.support.v4.app.BackStackRecord$Op,<init>,other,
GeneralJava,VirtualDispatch3,MAMADROID,android.support.v4.app.Fragment,<clinit>,android.support.v4.util.SimpleArrayMap,<init>,other,
GeneralJava,VirtualDispatch3,MAMADROID,android.support.v4.app.FragmentActivity,onCreate,android.app.Activity,getLastNonConfigurationInstance,component,component
GeneralJava,VirtualDispatch3,MAMADROID,android.support.v4.app.FragmentActivity,onCreate,android.app.Activity,getLayoutInflater,component,component
GeneralJava,VirtualDispatch3,MAMADROID,android.support.v4.app.FragmentActivity,onCreate,android.support.v4.app.FragmentManagerImpl,attachActivity,other,
GeneralJava,VirtualDispatch3,MAMADROID,android.support.v4.app.FragmentActivity,onCreate,android.support.v4.app.FragmentManagerImpl,dispatchCreate,other,
GeneralJava,VirtualDispatch3,MAMADROID,android.support.v4.app.FragmentActivity,onCreate,android.view.LayoutInflater,getFactory,other,
GeneralJava,VirtualDispatch3,MAMADROID,android.support.v4.app.FragmentActivity,onCreate,android.view.LayoutInflater,setFactory,other,
GeneralJava,VirtualDispatch3,MAMADROID,android.support.v4.app.FragmentActivity,onCreateView,android.app.Activity,onCreateView,callback,callback|component|entrypoint
GeneralJava,VirtualDispatch3,MAMADROID,android.support.v4.app.FragmentActivity,onCreateView,java.lang.String,equals,other,
GeneralJava,VirtualDispatch3,MAMADROID,android.support.v4.app.FragmentManagerImpl,beginTransaction,android.support.v4.app.BackStackRecord,<init>,other,
GeneralJava,VirtualDispatch3,MAMADROID,android.support.v4.app.FragmentManagerImpl,dispatchCreate,android.support.v4.app.FragmentManagerImpl,moveToState,other,
GeneralJava,VirtualDispatch3,MAMADROID,android.support.v4.app.FragmentManagerImpl,enqueueAction,android.os.Handler,post,other,
GeneralJava,VirtualDispatch3,MAMADROID,android.support.v4.app.FragmentManagerImpl,enqueueAction,android.os.Handler,removeCallbacks,other,
GeneralJava,VirtualDispatch3,MAMADROID,android.support.v4.app.FragmentManagerImpl,enqueueAction,android.support.v4.app.FragmentManagerImpl,checkStateLoss,other,
GeneralJava,VirtualDispatch3,MAMADROID,android.support.v4.app.FragmentManagerImpl,enqueueAction,java.util.ArrayList,<init>,other,
GeneralJava,VirtualDispatch3,MAMADROID,android.support.v4.app.FragmentManagerImpl,enqueueAction,java.util.ArrayList,add,other,
GeneralJava,VirtualDispatch3,MAMADROID,android.support.v4.app.FragmentManagerImpl,enqueueAction,java.util.ArrayList,size,other,
GeneralJava,VirtualDispatch3,MAMADROID,android.support.v4.app.FragmentManagerImpl,moveToState,android.support.v4.app.FragmentManagerImpl,moveToState,other,
GeneralJava,VirtualDispatch3,MAMADROID,android.support.v4.app.NavUtils,getParentActivityName,android.app.Activity,getComponentName,component,component
GeneralJava,VirtualDispatch3,MAMADROID,android.support.v4.app.NavUtils,getParentActivityName,android.content.Context,getPackageManager,ipc,ipc
GeneralJava,VirtualDispatch3,MAMADROID,android.support.v4.app.NavUtils,getParentActivityName,android.content.pm.PackageManager,getActivityInfo,other,
GeneralJava,VirtualDispatch3,MAMADROID,android.support.v4.app.NavUtils$NavUtilsImplJB,getParentActivityName,android.support.v4.app.NavUtils$NavUtilsImplBase,getParentActivityName,other,
GeneralJava,VirtualDispatch3,MAMADROID,android.support.v7.app.ActionBarActivity,onContentChanged,android.support.v7.app.ActionBarActivityDelegate,onContentChanged,callback,callback
GeneralJava,VirtualDispatch3,MAMADROID,android.support.v7.app.ActionBarActivity,onCreate,android.support.v7.app.ActionBarActivityDelegate,createDelegate,other,
GeneralJava,VirtualDispatch3,MAMADROID,android.support.v7.app.ActionBarActivity,setContentView,android.support.v7.app.ActionBarActivityDelegate,setContentView,other,
GeneralJava,VirtualDispatch3,MAMADROID,android.support.v7.app.ActionBarActivity,superSetContentView,android.app.Activity,setContentView,component,component
GeneralJava,VirtualDispatch3,MAMADROID,android.support.v7.app.ActionBarActivityDelegate,createDelegate,android.support.v7.app.ActionBarActivityDelegateJBMR2,<init>,other,
GeneralJava,VirtualDispatch3,MAMADROID,android.support.v7.app.ActionBarActivityDelegate,getUiOptionsFromMetadata,android.app.Activity,getComponentName,component,component
GeneralJava,VirtualDispatch3,MAMADROID,android.support.v7.app.ActionBarActivityDelegate,getUiOptionsFromMetadata,android.content.ContextWrapper,getPackageManager,ipc,ipc
GeneralJava,VirtualDispatch3,MAMADROID,android.support.v7.app.ActionBarActivityDelegate,getUiOptionsFromMetadata,android.content.pm.PackageManager,getActivityInfo,other,
GeneralJava,VirtualDispatch3,MAMADROID,android.support.v7.app.ActionBarActivityDelegate,onCreate,android.content.Context,obtainStyledAttributes,ipc,ipc
GeneralJava,VirtualDispatch3,MAMADROID,android.support.v7.app.ActionBarActivityDelegate,onCreate,android.content.res.TypedArray,getBoolean,other,
GeneralJava,VirtualDispatch3,MAMADROID,android.support.v7.app.ActionBarActivityDelegate,onCreate,android.content.res.TypedArray,hasValue,other,
GeneralJava,VirtualDispatch3,MAMADROID,android.support.v7.app.ActionBarActivityDelegate,onCreate,android.content.res.TypedArray,recycle,other,
GeneralJava,VirtualDispatch3,MAMADROID,android.support.v7.app.ActionBarActivityDelegate,onCreate,android.support.v4.app.NavUtils,getParentActivityName,other,
GeneralJava,VirtualDispatch3,MAMADROID,android.support.v7.app.ActionBarActivityDelegateICS,createWindowCallbackWrapper,android.support.v7.app.ActionBarActivityDelegateICS$WindowCallbackWrapper,<init>,other,
GeneralJava,VirtualDispatch3,MAMADROID,android.support.v7.app.ActionBarActivityDelegateICS,onContentChanged,android.support.v7.app.ActionBarActivity,onSupportContentChanged,callback,callback|entrypoint
GeneralJava,VirtualDispatch3,MAMADROID,android.support.v7.app.ActionBarActivityDelegateICS,onCreate,android.app.Activity,getWindow,component,component
GeneralJava,VirtualDispatch3,MAMADROID,android.support.v7.app.ActionBarActivityDelegateICS,onCreate,android.app.Activity,requestWindowFeature,component,component
GeneralJava,VirtualDispatch3,MAMADROID,android.support.v7.app.ActionBarActivityDelegateICS,onCreate,android.support.v7.app.ActionBarActivityDelegate,getUiOptionsFromMetadata,other,
GeneralJava,VirtualDispatch3,MAMADROID,android.support.v7.app.ActionBarActivityDelegateICS,onCreate,android.support.v7.app.ActionBarActivityDelegateICS,createWindowCallbackWrapper,other,
GeneralJava,VirtualDispatch3,MAMADROID,android.support.v7.app.ActionBarActivityDelegateICS,onCreate,android.view.Window,getCallback,other,
GeneralJava,VirtualDispatch3,MAMADROID,android.support.v7.app.ActionBarActivityDelegateICS,onCreate,android.view.Window,setCallback,other,
GeneralJava,VirtualDispatch3,MAMADROID,android.support.v7.app.ActionBarActivityDelegateICS,onCreate,java.lang.String,equals,other,
GeneralJava,VirtualDispatch3,MAMADROID,android.support.v7.app.ActionBarActivityDelegateICS,setContentView,android.support.v7.app.ActionBarActivity,superSetContentView,other,
GeneralJava,VirtualDispatch3,MAMADROID,android.support.v7.app.ActionBarActivityDelegateICS$WindowCallbackWrapper,onWindowAttributesChanged,android.view.Window$Callback,onWindowAttributesChanged,callback,callback
GeneralJava,VirtualDispatch3,MAMADROID,de.ecspride.MainActivity,factoryTest,android.telephony.SmsManager,sendTextMessage,sensitive_api,sensitive_api|telephony
GeneralJava,VirtualDispatch3,MAMADROID,de.ecspride.MainActivity,onCreate,android.support.v4.app.FragmentManager,beginTransaction,other,
GeneralJava,VirtualDispatch3,MAMADROID,de.ecspride.MainActivity,onCreate,android.support.v4.app.FragmentTransaction,add,other,
GeneralJava,VirtualDispatch3,MAMADROID,de.ecspride.MainActivity,onCreate,android.support.v4.app.FragmentTransaction,commit,other,
GeneralJava,VirtualDispatch3,NATIDROID,android.support.v4.app.FragmentActivity,onCreate,android.view.LayoutInflater,getFactory,other,
GeneralJava,VirtualDispatch3,NATIDROID,android.support.v4.app.FragmentActivity,onCreate,android.view.LayoutInflater,setFactory,other,
GeneralJava,VirtualDispatch3,NATIDROID,android.support.v4.app.NavUtils,getParentActivityName,android.content.pm.PackageManager,getActivityInfo,other,
GeneralJava,VirtualDispatch3,NATIDROID,android.support.v7.app.ActionBarActivityDelegate,getUiOptionsFromMetadata,android.content.pm.PackageManager,getActivityInfo,other,
GeneralJava,VirtualDispatch3,NATIDROID,android.support.v7.app.ActionBarActivityDelegateICS,onCreate,android.view.Window,getCallback,other,
GeneralJava,VirtualDispatch3,NATIDROID,android.support.v7.app.ActionBarActivityDelegateICS,onCreate,android.view.Window,setCallback,other,
GeneralJava,VirtualDispatch4,FLOWDROID,android.support.v4.app.BackStackRecord,add,android.support.v4.app.BackStackRecord,doAddOp,other,
GeneralJava,VirtualDispatch4,FLOWDROID,android.support.v4.app.BackStackRecord,commit,android.support.v4.app.BackStackRecord,commitInternal,other,
GeneralJava,VirtualDispatch4,FLOWDROID,android.support.v4.app.BackStackRecord,commitInternal,android.support.v4.app.FragmentManagerImpl,enqueueAction,other,
GeneralJava,VirtualDispatch4,FLOWDROID,android.support.v4.app.BackStackRecord,doAddOp,android.support.v4.app.BackStackRecord,addOp,other,
GeneralJava,VirtualDispatch4,FLOWDROID,android.support.v4.app.BackStackRecord,doAddOp,android.support.v4.app.BackStackRecord$Op,<init>,other,
GeneralJava,VirtualDispatch4,FLOWDROID,android.support.v4.app.BackStackRecord,run,android.support.v4.app.BackStackRecord,bumpBackStackNesting,other,
GeneralJava,VirtualDispatch4,FLOWDROID,android.support.v4.app.BackStackRecord,run,android.support.v4.app.FragmentManagerImpl,addFragment,other,
GeneralJava,VirtualDispatch4,FLOWDROID,android.support.v4.app.BackStackRecord,run,android.support.v4.app.FragmentManagerImpl,moveToState,other,
GeneralJava,VirtualDispatch4,FLOWDROID,android.support.v4.app.Fragment,<clinit>,android.support.v4.util.SimpleArrayMap,<init>,other,
GeneralJava,VirtualDispatch4,FLOWDROID,android.support.v4.app.Fragment,getLayoutInflater,android.app.Activity,getLayoutInflater,component,component
GeneralJava,VirtualDispatch4,FLOWDROID,android.support.v4.app.Fragment,onStart,android.support.v4.app.FragmentActivity,getLoaderManager,other,
GeneralJava,VirtualDispatch4,FLOWDROID,android.support.v4.app.Fragment,performActivityCreated,android.support.v4.app.Fragment,onActivityCreated,callback,callback|entrypoint
GeneralJava,VirtualDispatch4,FLOWDROID,android.support.v4.app.Fragment,performCreate,android.support.v4.app.Fragment,onCreate,callback,callback|entrypoint
GeneralJava,VirtualDispatch4,FLOWDROID,android.support.v4.app.Fragment,performCreateView,android.support.v4.app.Fragment,onCreateView,callback,callback|entrypoint
GeneralJava,VirtualDispatch4,FLOWDROID,android.support.v4.app.Fragment,performDestroy,android.support.v4.app.Fragment,onDestroy,callback,callback|entrypoint
GeneralJava,VirtualDispatch4,FLOWDROID,android.support.v4.app.Fragment,performDestroyView,android.support.v4.app.Fragment,onDestroyView,callback,callback|entrypoint
GeneralJava,VirtualDispatch4,FLOWDROID,android.support.v4.app.Fragment,performPause,android.support.v4.app.Fragment,onPause,callback,callback|entrypoint
GeneralJava,VirtualDispatch4,FLOWDROID,android.support.v4.app.Fragment,performResume,android.support.v4.app.Fragment,onResume,callback,callback|entrypoint
GeneralJava,VirtualDispatch4,FLOWDROID,android.support.v4.app.Fragment,performSaveInstanceState,android.support.v4.app.Fragment,onSaveInstanceState,callback,callback|entrypoint
GeneralJava,VirtualDispatch4,FLOWDROID,android.support.v4.app.Fragment,performStart,android.support.v4.app.Fragment,onStart,callback,callback|entrypoint
GeneralJava,VirtualDispatch4,FLOWDROID,android.support.v4.app.Fragment,performStop,android.support.v4.app.Fragment,onStop,callback,callback|entrypoint
GeneralJava,VirtualDispatch4,FLOWDROID,android.support.v4.app.Fragment,restoreViewState,android.support.v4.app.Fragment,onViewStateRestored,callback,callback|entrypoint
GeneralJava,VirtualDispatch4,FLOWDROID,android.support.v4.app.Fragment,setIndex,java.lang.StringBuilder,<init>,other,
GeneralJava,VirtualDispatch4,FLOWDROID,android.support.v4.app.Fragment,setIndex,java.lang.StringBuilder,append,other,
GeneralJava,VirtualDispatch4,FLOWDROID,android.support.v4.app.Fragment,setIndex,java.lang.StringBuilder,toString,other,
GeneralJava,VirtualDispatch4,FLOWDROID,android.support.v4.app.FragmentActivity,doReallyStop,android.os.Handler,removeMessages,other,
GeneralJava,VirtualDispatch4,FLOWDROID,android.support.v4.app.FragmentActivity,doReallyStop,android.support.v4.app.FragmentActivity,onReallyStop,callback,callback|entrypoint
GeneralJava,VirtualDispatch4,FLOWDROID,android.support.v4.app.FragmentActivity,getLoaderManager,android.support.v4.util.SimpleArrayMap,<init>,other,
GeneralJava,VirtualDispatch4,FLOWDROID,android.support.v4.app.FragmentActivity,getLoaderManager,android.support.v4.util.SimpleArrayMap,get,other,
GeneralJava,VirtualDispatch4,FLOWDROID,android.support.v4.app.FragmentActivity,invalidateSupportFragment,android.support.v4.util.SimpleArrayMap,get,other,
GeneralJava,VirtualDispatch4,FLOWDROID,android.support.v4.app.FragmentActivity,onBackPressed,android.app.Activity,finish,component,component
GeneralJava,VirtualDispatch4,FLOWDROID,android.support.v4.app.FragmentActivity,onBackPressed,android.support.v4.app.FragmentManagerImpl,popBackStackImmediate,other,
GeneralJava,VirtualDispatch4,FLOWDROID,android.support.v4.app.FragmentActivity,onCreate,android.app.Activity,getLastNonConfigurationInstance,component,component
GeneralJava,VirtualDispatch4,FLOWDROID,android.support.v4.app.FragmentActivity,onCreate,android.app.Activity,getLayoutInflater,component,component
GeneralJava,VirtualDispatch4,FLOWDROID,android.support.v4.app.FragmentActivity,onCreate,android.support.v4.app.FragmentManagerImpl,attachActivity,other,
GeneralJava,VirtualDispatch4,FLOWDROID,android.support.v4.app.FragmentActivity,onCreate,android.support.v4.app.FragmentManagerImpl,dispatchCreate,other,
GeneralJava,VirtualDispatch4,FLOWDROID,android.support.v4.app.FragmentActivity,onCreate,android.view.LayoutInflater,getFactory,other,
GeneralJava,VirtualDispatch4,FLOWDROID,android.support.v4.app.FragmentActivity,onCreate,android.view.LayoutInflater,setFactory,other,
GeneralJava,VirtualDispatch4,FLOWDROID,android.support.v4.app.FragmentActivity,onCreatePanelMenu,android.app.Activity,getMenuInflater,component,component
GeneralJava,VirtualDispatch4,FLOWDROID,android.support.v4.app.FragmentActivity,onCreatePanelMenu,android.app.Activity,onCreatePanelMenu,callback,callback|component|entrypoint
GeneralJava,VirtualDispatch4,FLOWDROID,android.support.v4.app.FragmentActivity,onCreatePanelMenu,android.support.v4.app.FragmentManagerImpl,dispatchCreateOptionsMenu,other,
GeneralJava,VirtualDispatch4,FLOWDROID,android.support.v4.app.FragmentActivity,onCreateView,android.app.Activity,onCreateView,callback,callback|component|entrypoint
GeneralJava,VirtualDispatch4,FLOWDROID,android.support.v4.app.FragmentActivity,onCreateView,java.lang.String,equals,other,
GeneralJava,VirtualDispatch4,FLOWDROID,android.support.v4.app.FragmentActivity,onDestroy,android.app.Activity,onDestroy,callback,callback|component|entrypoint
GeneralJava,VirtualDispatch4,FLOWDROID,android.support.v4.app.FragmentActivity,onDestroy,android.support.v4.app.FragmentActivity,doReallyStop,other,
GeneralJava,VirtualDispatch4,FLOWDROID,android.support.v4.app.FragmentActivity,onDestroy,android.support.v4.app.FragmentManagerImpl,dispatchDestroy,other,
GeneralJava,VirtualDispatch4,FLOWDROID,android.support.v4.app.FragmentActivity,onKeyDown,android.app.Activity,onKeyDown,callback,callback|component|entrypoint
GeneralJava,VirtualDispatch4,FLOWDROID,android.support.v4.app.FragmentActivity,onMenuItemSelected,android.app.Activity,onMenuItemSelected,callback,callback|component|entrypoint
GeneralJava,VirtualDispatch4,FLOWDROID,android.support.v4.app.FragmentActivity,onPanelClosed,android.app.Activity,onPanelClosed,callback,callback|component|entrypoint
GeneralJava,VirtualDispatch4,FLOWDROID,android.support.v4.app.FragmentActivity,onPause,android.app.Activity,onPause,callback,callback|component|entrypoint
GeneralJava,VirtualDispatch4,FLOWDROID,android.support.v4.app.FragmentActivity,onPause,android.os.Handler,hasMessages,other,
GeneralJava,VirtualDispatch4,FLOWDROID,android.support.v4.app.FragmentActivity,onPause,android.support.v4.app.FragmentManagerImpl,dispatchPause,other,
GeneralJava,VirtualDispatch4,FLOWDROID,android.support.v4.app.FragmentActivity,onPostResume,android.app.Activity,onPostResume,callback,callback|component|entrypoint
GeneralJava,VirtualDispatch4,FLOWDROID,android.support.v4.app.FragmentActivity,onPostResume,android.os.Handler,removeMessages,other,
GeneralJava,VirtualDispatch4,FLOWDROID,android.support.v4.app.FragmentActivity,onPostResume,android.support.v4.app.FragmentActivity,onResumeFragments,callback,callback|entrypoint
GeneralJava,VirtualDispatch4,FLOWDROID,android.support.v4.app.FragmentActivity,onPostResume,android.support.v4.app.FragmentManagerImpl,execPendingActions,other,
GeneralJava,VirtualDispatch4,FLOWDROID,android.support.v4.app.FragmentActivity,onPrepareOptionsPanel,android.app.Activity,onPreparePanel,callback,callback|component|entrypoint
GeneralJava,VirtualDispatch4,FLOWDROID,android.support.v4.app.FragmentActivity,onPreparePanel,android.support.v4.app.FragmentActivity,onPrepareOptionsPanel,callback,callback|entrypoint
GeneralJava,VirtualDispatch4,FLOWDROID,android.support.v4.app.FragmentActivity,onPreparePanel,android.support.v4.app.FragmentManagerImpl,dispatchPrepareOptionsMenu,other,
GeneralJava,VirtualDispatch4,FLOWDROID,android.support.v4.app.FragmentActivity,onReallyStop,android.support.v4.app.FragmentManagerImpl,dispatchReallyStop,other,
GeneralJava,VirtualDispatch4,FLOWDROID,android.support.v4.app.FragmentActivity,onResume,android.app.Activity,onResume,callback,callback|component|entrypoint
GeneralJava,VirtualDispatch4,FLOWDROID,android.support.v4.app.FragmentActivity,onResume,android.os.Handler,sendEmptyMessage,other,
GeneralJava,VirtualDispatch4,FLOWDROID,android.support.v4.app.FragmentActivity,onResume,android.support.v4.app.FragmentManagerImpl,execPendingActions,other,
GeneralJava,VirtualDispatch4,FLOWDROID,android.support.v4.app.FragmentActivity,onResumeFragments,android.support.v4.app.FragmentManagerImpl,dispatchResume,other,
GeneralJava,VirtualDispatch4,FLOWDROID,android.support.v4.app.FragmentActivity,onSaveInstanceState,android.app.Activity,onSaveInstanceState,callback,callback|component|entrypoint
GeneralJava,VirtualDispatch4,FLOWDROID,android.support.v4.app.FragmentActivity,onSaveInstanceState,android.os.Bundle,putParcelable,other,
GeneralJava,VirtualDispatch4,FLOWDROID,android.support.v4.app.FragmentActivity,onSaveInstanceState,android.support.v4.app.FragmentManagerImpl,saveAllState,other,
GeneralJava,VirtualDispatch4,FLOWDROID,android.support.v4.app.FragmentActivity,onStart,android.app.Activity,onStart,callback,callback|component|entrypoint
GeneralJava,VirtualDispatch4,FLOWDROID,android.support.v4.app.FragmentActivity,onStart,android.os.Handler,removeMessages,other,
GeneralJava,VirtualDispatch4,FLOWDROID,android.support.v4.app.FragmentActivity,onStart,android.support.v4.app.FragmentManagerImpl,dispatchActivityCreated,other,
GeneralJava,VirtualDispatch4,FLOWDROID,android.support.v4.app.FragmentActivity,onStart,android.support.v4.app.FragmentManagerImpl,dispatchStart,other,
GeneralJava,VirtualDispatch4,FLOWDROID,android.support.v4.app.FragmentActivity,onStart,android.support.v4.app.FragmentManagerImpl,execPendingActions,other,
GeneralJava,VirtualDispatch4,FLOWDROID,android.support.v4.app.FragmentActivity,onStart,android.support.v4.app.FragmentManagerImpl,noteStateNotSaved,other,
GeneralJava,VirtualDispatch4,FLOWDROID,android.support.v4.app.FragmentActivity,onStart,android.support.v4.util.SimpleArrayMap,size,other,
GeneralJava,VirtualDispatch4,FLOWDROID,android.support.v4.app.FragmentActivity,onStop,android.app.Activity,onStop,callback,callback|component|entrypoint
GeneralJava,VirtualDispatch4,FLOWDROID,android.support.v4.app.FragmentActivity,onStop,android.os.Handler,sendEmptyMessage,other,
GeneralJava,VirtualDispatch4,FLOWDROID,android.support.v4.app.FragmentActivity,onStop,android.support.v4.app.FragmentManagerImpl,dispatchStop,other,
GeneralJava,VirtualDispatch4,FLOWDROID,android.support.v4.app.FragmentActivity$1,handleMessage,android.support.v4.app.FragmentActivity,doReallyStop,other,
GeneralJava,VirtualDispatch4,FLOWDROID,android.support.v4.app.FragmentActivity$2,findViewById,android.app.Activity,findViewById,component,component
GeneralJava,VirtualDispatch4,FLOWDROID,android.support.v4.app.FragmentManagerImpl,addFragment,android.support.v4.app.FragmentManagerImpl,makeActive,other,
GeneralJava,VirtualDispatch4,FLOWDROID,android.support.v4.app.FragmentManagerImpl,addFragment,java.util.ArrayList,<init>,other,
GeneralJava,VirtualDispatch4,FLOWDROID,android.support.v4.app.FragmentManagerImpl,addFragment,java.util.ArrayList,add,other,
GeneralJava,VirtualDispatch4,FLOWDROID,android.support.v4.app.FragmentManagerImpl,addFragment,java.util.ArrayList,contains,other,
GeneralJava,VirtualDispatch4,FLOWDROID,android.support.v4.app.FragmentManagerImpl,beginTransaction,android.support.v4.app.BackStackRecord,<init>,other,
GeneralJava,VirtualDispatch4,FLOWDROID,android.support.v4.app.FragmentManagerImpl,dispatchActivityCreated,android.support.v4.app.FragmentManagerImpl,moveToState,other,
GeneralJava,VirtualDispatch4,FLOWDROID,android.support.v4.app.FragmentManagerImpl,dispatchCreate,android.support.v4.app.FragmentManagerImpl,moveToState,other,
GeneralJava,VirtualDispatch4,FLOWDROID,android.support.v4.app.FragmentManagerImpl,dispatchCreateOptionsMenu,android.support.v4.app.Fragment,performCreateOptionsMenu,other,
GeneralJava,VirtualDispatch4,FLOWDROID,android.support.v4.app.FragmentManagerImpl,dispatchCreateOptionsMenu,java.util.ArrayList,get,other,
GeneralJava,VirtualDispatch4,FLOWDROID,android.support.v4.app.FragmentManagerImpl,dispatchCreateOptionsMenu,java.util.ArrayList,size,other,
GeneralJava,VirtualDispatch4,FLOWDROID,android.support.v4.app.FragmentManagerImpl,dispatchDestroy,android.support.v4.app.FragmentManagerImpl,execPendingActions,other,
GeneralJava,VirtualDispatch4,FLOWDROID,android.support.v4.app.FragmentManagerImpl,dispatchDestroy,android.support.v4.app.FragmentManagerImpl,moveToState,other,
GeneralJava,VirtualDispatch4,FLOWDROID,android.support.v4.app.FragmentManagerImpl,dispatchPause,android.support.v4.app.FragmentManagerImpl,moveToState,other,
GeneralJava,VirtualDispatch4,FLOWDROID,android.support.v4.app.FragmentManagerImpl,dispatchPrepareOptionsMenu,android.support.v4.app.Fragment,performPrepareOptionsMenu,other,
GeneralJava,VirtualDispatch4,FLOWDROID,android.support.v4.app.FragmentManagerImpl,dispatchPrepareOptionsMenu,java.util.ArrayList,get,other,
GeneralJava,VirtualDispatch4,FLOWDROID,android.support.v4.app.FragmentManagerImpl,dispatchPrepareOptionsMenu,java.util.ArrayList,size,other,
GeneralJava,VirtualDispatch4,FLOWDROID,android.support.v4.app.FragmentManagerImpl,dispatchReallyStop,android.support.v4.app.FragmentManagerImpl,moveToState,other,
GeneralJava,VirtualDispatch4,FLOWDROID,android.support.v4.app.FragmentManagerImpl,dispatchResume,android.support.v4.app.FragmentManagerImpl,moveToState,other,
GeneralJava,VirtualDispatch4,FLOWDROID,android.support.v4.app.FragmentManagerImpl,dispatchStart,android.support.v4.app.FragmentManagerImpl,moveToState,other,
GeneralJava,VirtualDispatch4,FLOWDROID,android.support.v4.app.FragmentManagerImpl,dispatchStop,android.support.v4.app.FragmentManagerImpl,moveToState,other,
GeneralJava,VirtualDispatch4,FLOWDROID,android.support.v4.app.FragmentManagerImpl,enqueueAction,android.os.Handler,post,other,
GeneralJava,VirtualDispatch4,FLOWDROID,android.support.v4.app.FragmentManagerImpl,enqueueAction,android.os.Handler,removeCallbacks,other,
GeneralJava,VirtualDispatch4,FLOWDROID,android.support.v4.app.FragmentManagerImpl,enqueueAction,android.support.v4.app.FragmentManagerImpl,checkStateLoss,other,
GeneralJava,VirtualDispatch4,FLOWDROID,android.support.v4.app.FragmentManagerImpl,enqueueAction,java.util.ArrayList,<init>,other,
GeneralJava,VirtualDispatch4,FLOWDROID,android.support.v4.app.FragmentManagerImpl,enqueueAction,java.util.ArrayList,add,other,
GeneralJava,VirtualDispatch4,FLOWDROID,android.support.v4.app.FragmentManagerImpl,enqueueAction,java.util.ArrayList,size,other,
GeneralJava,VirtualDispatch4,FLOWDROID,android.support.v4.app.FragmentManagerImpl,execPendingActions,android.os.Handler,getLooper,other,
GeneralJava,VirtualDispatch4,FLOWDROID,android.support.v4.app.FragmentManagerImpl,execPendingActions,android.os.Handler,removeCallbacks,other,
GeneralJava,VirtualDispatch4,FLOWDROID,android.support.v4.app.FragmentManagerImpl,execPendingActions,android.os.Looper,myLooper,other,
GeneralJava,VirtualDispatch4,FLOWDROID,android.support.v4.app.FragmentManagerImpl,execPendingActions,java.lang.Runnable,run,other,
GeneralJava,VirtualDispatch4,FLOWDROID,android.support.v4.app.FragmentManagerImpl,execPendingActions,java.util.ArrayList,clear,other,
GeneralJava,VirtualDispatch4,FLOWDROID,android.support.v4.app.FragmentManagerImpl,execPendingActions,java.util.ArrayList,size,other,
GeneralJava,VirtualDispatch4,FLOWDROID,android.support.v4.app.FragmentManagerImpl,execPendingActions,java.util.ArrayList,toArray,other,
GeneralJava,VirtualDispatch4,FLOWDROID,android.support.v4.app.FragmentManagerImpl,executePendingTransactions,android.support.v4.app.FragmentManagerImpl,execPendingActions,other,
GeneralJava,VirtualDispatch4,FLOWDROID,android.support.v4.app.FragmentManagerImpl,loadAnimation,android.support.v4.app.Fragment,onCreateAnimation,callback,callback|entrypoint
GeneralJava,VirtualDispatch4,FLOWDROID,android.support.v4.app.FragmentManagerImpl,makeActive,android.support.v4.app.Fragment,setIndex,other,
GeneralJava,VirtualDispatch4,FLOWDROID,android.support.v4.app.FragmentManagerImpl,makeActive,java.util.ArrayList,<init>,other,
GeneralJava,VirtualDispatch4,FLOWDROID,android.support.v4.app.FragmentManagerImpl,makeActive,java.util.ArrayList,add,other,
GeneralJava,VirtualDispatch4,FLOWDROID,android.support.v4.app.FragmentManagerImpl,makeActive,java.util.ArrayList,size,other,
GeneralJava,VirtualDispatch4,FLOWDROID,android.support.v4.app.FragmentManagerImpl,makeInactive,android.support.v4.app.Fragment,initState,other,
GeneralJava,VirtualDispatch4,FLOWDROID,android.support.v4.app.FragmentManagerImpl,makeInactive,android.support.v4.app.FragmentActivity,invalidateSupportFragment,other,
GeneralJava,VirtualDispatch4,FLOWDROID,android.support.v4.app.FragmentManagerImpl,makeInactive,java.lang.Integer,valueOf,other,
GeneralJava,VirtualDispatch4,FLOWDROID,android.support.v4.app.FragmentManagerImpl,makeInactive,java.util.ArrayList,<init>,other,
GeneralJava,VirtualDispatch4,FLOWDROID,android.support.v4.app.FragmentManagerImpl,makeInactive,java.util.ArrayList,add,other,
GeneralJava,VirtualDispatch4,FLOWDROID,android.support.v4.app.FragmentManagerImpl,makeInactive,java.util.ArrayList,set,other,
GeneralJava,VirtualDispatch4,FLOWDROID,android.support.v4.app.FragmentManagerImpl,moveToState,android.app.Activity,isFinishing,component,component
GeneralJava,VirtualDispatch4,FLOWDROID,android.support.v4.app.FragmentManagerImpl,moveToState,android.support.v4.app.Fragment,getLayoutInflater,other,
GeneralJava,VirtualDispatch4,FLOWDROID,android.support.v4.app.FragmentManagerImpl,moveToState,android.support.v4.app.Fragment,onAttach,callback,callback|entrypoint
GeneralJava,VirtualDispatch4,FLOWDROID,android.support.v4.app.FragmentManagerImpl,moveToState,android.support.v4.app.Fragment,onDetach,callback,callback|entrypoint
GeneralJava,VirtualDispatch4,FLOWDROID,android.support.v4.app.FragmentManagerImpl,moveToState,android.support.v4.app.Fragment,onViewCreated,callback,callback|entrypoint
GeneralJava,VirtualDispatch4,FLOWDROID,android.support.v4.app.FragmentManagerImpl,moveToState,android.support.v4.app.Fragment,performActivityCreated,other,
GeneralJava,VirtualDispatch4,FLOWDROID,android.support.v4.app.FragmentManagerImpl,moveToState,android.support.v4.app.Fragment,performCreate,other,
GeneralJava,VirtualDispatch4,FLOWDROID,android.support.v4.app.FragmentManagerImpl,moveToState,android.support.v4.app.Fragment,performCreateView,other,
GeneralJava,VirtualDispatch4,FLOWDROID,android.support.v4.app.FragmentManagerImpl,moveToState,android.support.v4.app.Fragment,performDestroy,other,
GeneralJava,VirtualDispatch4,FLOWDROID,android.support.v4.app.FragmentManagerImpl,moveToState,android.support.v4.app.Fragment,performDestroyView,other,
GeneralJava,VirtualDispatch4,FLOWDROID,android.support.v4.app.FragmentManagerImpl,moveToState,android.support.v4.app.Fragment,performPause,other,
GeneralJava,VirtualDispatch4,FLOWDROID,android.support.v4.app.FragmentManagerImpl,moveToState,android.support.v4.app.Fragment,performReallyStop,other,
GeneralJava,VirtualDispatch4,FLOWDROID,android.support.v4.app.FragmentManagerImpl,moveToState,android.support.v4.app.Fragment,performResume,other,
GeneralJava,VirtualDispatch4,FLOWDROID,android.support.v4.app.FragmentManagerImpl,moveToState,android.support.v4.app.Fragment,performStart,other,
GeneralJava,VirtualDispatch4,FLOWDROID,android.support.v4.app.FragmentManagerImpl,moveToState,android.support.v4.app.Fragment,performStop,other,
GeneralJava,VirtualDispatch4,FLOWDROID,android.support.v4.app.FragmentManagerImpl,moveToState,android.support.v4.app.Fragment,restoreViewState,other,
GeneralJava,VirtualDispatch4,FLOWDROID,android.support.v4.app.FragmentManagerImpl,moveToState,android.support.v4.app.FragmentActivity,onAttachFragment,callback,callback|entrypoint
GeneralJava,VirtualDispatch4,FLOWDROID,android.support.v4.app.FragmentManagerImpl,moveToState,android.support.v4.app.FragmentContainer,findViewById,other,
GeneralJava,VirtualDispatch4,FLOWDROID,android.support.v4.app.FragmentManagerImpl,moveToState,android.support.v4.app.FragmentManagerImpl,loadAnimation,other,
GeneralJava,VirtualDispatch4,FLOWDROID,android.support.v4.app.FragmentManagerImpl,moveToState,android.support.v4.app.FragmentManagerImpl,makeInactive,other,
GeneralJava,VirtualDispatch4,FLOWDROID,android.support.v4.app.FragmentManagerImpl,moveToState,android.support.v4.app.FragmentManagerImpl,moveToState,other,
GeneralJava,VirtualDispatch4,FLOWDROID,android.support.v4.app.FragmentManagerImpl,moveToState,android.support.v4.app.FragmentManagerImpl,startPendingDeferredFragments,other,
GeneralJava,VirtualDispatch4,FLOWDROID,android.support.v4.app.FragmentManagerImpl,moveToState,android.support.v4.app.NoSaveStateFrameLayout,wrap,other,
GeneralJava,VirtualDispatch4,FLOWDROID,android.support.v4.app.FragmentManagerImpl,moveToState,android.view.ViewGroup,addView,other,
GeneralJava,VirtualDispatch4,FLOWDROID,android.support.v4.app.FragmentManagerImpl,moveToState,android.view.ViewGroup,removeView,other,
GeneralJava,VirtualDispatch4,FLOWDROID,android.support.v4.app.FragmentManagerImpl,moveToState,java.util.ArrayList,get,other,
GeneralJava,VirtualDispatch4,FLOWDROID,android.support.v4.app.FragmentManagerImpl,moveToState,java.util.ArrayList,size,other,
GeneralJava,VirtualDispatch4,FLOWDROID,android.support.v4.app.FragmentManagerImpl,popBackStackImmediate,android.support.v4.app.FragmentManagerImpl,checkStateLoss,other,
GeneralJava,VirtualDispatch4,FLOWDROID,android.support.v4.app.FragmentManagerImpl,popBackStackImmediate,android.support.v4.app.FragmentManagerImpl,executePendingTransactions,other,
GeneralJava,VirtualDispatch4,FLOWDROID,android.support.v4.app.FragmentManagerImpl,popBackStackImmediate,android.support.v4.app.FragmentManagerImpl,popBackStackState,other,
GeneralJava,VirtualDispatch4,FLOWDROID,android.support.v4.app.FragmentManagerImpl,saveAllState,android.support.v4.app.FragmentManagerImpl,execPendingActions,other,
GeneralJava,VirtualDispatch4,FLOWDROID,android.support.v4.app.FragmentManagerImpl,saveAllState,android.support.v4.app.FragmentManagerImpl,saveFragmentBasicState,other,
GeneralJava,VirtualDispatch4,FLOWDROID,android.support.v4.app.FragmentManagerImpl,saveAllState,android.support.v4.app.FragmentManagerState,<init>,other,
GeneralJava,VirtualDispatch4,FLOWDROID,android.support.v4.app.FragmentManagerImpl,saveAllState,java.util.ArrayList,get,other,
GeneralJava,VirtualDispatch4,FLOWDROID,android.support.v4.app.FragmentManagerImpl,saveAllState,java.util.ArrayList,size,other,
GeneralJava,VirtualDispatch4,FLOWDROID,android.support.v4.app.FragmentManagerImpl,saveFragmentBasicState,android.os.BaseBundle,isEmpty,other,
GeneralJava,VirtualDispatch4,FLOWDROID,android.support.v4.app.FragmentManagerImpl,saveFragmentBasicState,android.os.Bundle,<init>,other,
GeneralJava,VirtualDispatch4,FLOWDROID,android.support.v4.app.FragmentManagerImpl,saveFragmentBasicState,android.support.v4.app.Fragment,performSaveInstanceState,other,
GeneralJava,VirtualDispatch4,FLOWDROID,android.support.v4.app.FragmentManagerImpl,saveFragmentBasicState,android.support.v4.app.FragmentManagerImpl,saveFragmentViewState,other,
GeneralJava,VirtualDispatch4,FLOWDROID,android.support.v4.app.FragmentManagerImpl,saveFragmentViewState,android.util.SparseArray,<init>,other,
GeneralJava,VirtualDispatch4,FLOWDROID,android.support.v4.app.FragmentManagerImpl,saveFragmentViewState,android.util.SparseArray,clear,other,
GeneralJava,VirtualDispatch4,FLOWDROID,android.support.v4.app.FragmentManagerImpl,saveFragmentViewState,android.util.SparseArray,size,other,
GeneralJava,VirtualDispatch4,FLOWDROID,android.support.v4.app.FragmentManagerImpl,saveFragmentViewState,android.view.View,saveHierarchyState,other,
GeneralJava,VirtualDispatch4,FLOWDROID,android.support.v4.app.FragmentManagerImpl,startPendingDeferredFragments,android.support.v4.app.FragmentManagerImpl,performPendingDeferredStart,other,
GeneralJava,VirtualDispatch4,FLOWDROID,android.support.v4.app.FragmentManagerImpl,startPendingDeferredFragments,java.util.ArrayList,get,other,
GeneralJava,VirtualDispatch4,FLOWDROID,android.support.v4.app.FragmentManagerImpl,startPendingDeferredFragments,java.util.ArrayList,size,other,
GeneralJava,VirtualDispatch4,FLOWDROID,android.support.v4.app.FragmentManagerState,writeToParcel,android.os.Parcel,writeIntArray,other,
GeneralJava,VirtualDispatch4,FLOWDROID,android.support.v4.app.FragmentManagerState,writeToParcel,android.os.Parcel,writeTypedArray,other,
GeneralJava,VirtualDispatch4,FLOWDROID,android.support.v4.app.FragmentState,<init>,java.lang.Class,getName,reflection,reflection
GeneralJava,VirtualDispatch4,FLOWDROID,android.support.v4.app.FragmentState,<init>,java.lang.Object,getClass,other,
GeneralJava,VirtualDispatch4,FLOWDROID,android.support.v4.app.FragmentState,writeToParcel,android.os.Parcel,writeBundle,other,
GeneralJava,VirtualDispatch4,FLOWDROID,android.support.v4.app.FragmentState,writeToParcel,android.os.Parcel,writeInt,other,
GeneralJava,VirtualDispatch4,FLOWDROID,android.support.v4.app.FragmentState,writeToParcel,android.os.Parcel,writeString,other,
GeneralJava,VirtualDispatch4,FLOWDROID,android.support.v4.app.NavUtils,getParentActivityName,android.app.Activity,getComponentName,component,component
GeneralJava,VirtualDispatch4,FLOWDROID,android.support.v4.app.NavUtils,getParentActivityName,android.content.Context,getPackageManager,ipc,ipc
GeneralJava,VirtualDispatch4,FLOWDROID,android.support.v4.app.NavUtils,getParentActivityName,android.content.pm.PackageManager,getActivityInfo,other,
GeneralJava,VirtualDispatch4,FLOWDROID,android.support.v4.app.NavUtils$NavUtilsImplJB,getParentActivityName,android.support.v4.app.NavUtils$NavUtilsImplBase,getParentActivityName,other,
GeneralJava,VirtualDispatch4,FLOWDROID,android.support.v4.app.NoSaveStateFrameLayout,dispatchSaveInstanceState,android.view.ViewGroup,dispatchFreezeSelfOnly,other,
GeneralJava,VirtualDispatch4,FLOWDROID,android.support.v4.app.NoSaveStateFrameLayout,wrap,android.support.v4.app.NoSaveStateFrameLayout,<init>,other,
GeneralJava,VirtualDispatch4,FLOWDROID,android.support.v4.app.NoSaveStateFrameLayout,wrap,android.view.View,getContext,other,
GeneralJava,VirtualDispatch4,FLOWDROID,android.support.v4.app.NoSaveStateFrameLayout,wrap,android.view.View,getLayoutParams,other,
GeneralJava,VirtualDispatch4,FLOWDROID,android.support.v4.app.NoSaveStateFrameLayout,wrap,android.view.View,setLayoutParams,other,
GeneralJava,VirtualDispatch4,FLOWDROID,android.support.v4.app.NoSaveStateFrameLayout,wrap,android.view.ViewGroup,addView,other,
GeneralJava,VirtualDispatch4,FLOWDROID,android.support.v4.util.SimpleArrayMap,get,android.support.v4.util.SimpleArrayMap,indexOf,other,
GeneralJava,VirtualDispatch4,FLOWDROID,android.support.v4.util.SimpleArrayMap,get,java.lang.Object,hashCode,other,
GeneralJava,VirtualDispatch4,FLOWDROID,android.support.v4.view.MenuItemCompat,setShowAsAction,android.support.v4.internal.view.SupportMenuItem,setShowAsAction,other,
GeneralJava,VirtualDispatch4,FLOWDROID,android.support.v7.app.ActionBarActivity,getMenuInflater,android.support.v7.app.ActionBarActivityDelegate,getMenuInflater,other,
GeneralJava,VirtualDispatch4,FLOWDROID,android.support.v7.app.ActionBarActivity,onBackPressed,android.support.v4.app.FragmentActivity,onBackPressed,callback,callback|entrypoint
GeneralJava,VirtualDispatch4,FLOWDROID,android.support.v7.app.ActionBarActivity,onContentChanged,android.support.v7.app.ActionBarActivityDelegate,onContentChanged,callback,callback
GeneralJava,VirtualDispatch4,FLOWDROID,android.support.v7.app.ActionBarActivity,onCreate,android.support.v7.app.ActionBarActivityDelegate,createDelegate,other,
GeneralJava,VirtualDispatch4,FLOWDROID,android.support.v7.app.ActionBarActivity,onCreatePanelView,android.support.v7.app.ActionBarActivityDelegate,onCreatePanelView,callback,callback
GeneralJava,VirtualDispatch4,FLOWDROID,android.support.v7.app.ActionBarActivity,onPrepareOptionsPanel,android.support.v7.app.ActionBarActivityDelegate,onPrepareOptionsPanel,callback,callback
GeneralJava,VirtualDispatch4,FLOWDROID,android.support.v7.app.ActionBarActivity,onPreparePanel,android.support.v7.app.ActionBarActivityDelegate,onPreparePanel,callback,callback
GeneralJava,VirtualDispatch4,FLOWDROID,android.support.v7.app.ActionBarActivity,onTitleChanged,android.app.Activity,onTitleChanged,callback,callback|component|entrypoint
GeneralJava,VirtualDispatch4,FLOWDROID,android.support.v7.app.ActionBarActivity,setContentView,android.support.v7.app.ActionBarActivityDelegate,setContentView,other,
GeneralJava,VirtualDispatch4,FLOWDROID,android.support.v7.app.ActionBarActivity,superOnCreatePanelMenu,android.support.v4.app.FragmentActivity,onCreatePanelMenu,callback,callback|entrypoint
GeneralJava,VirtualDispatch4,FLOWDROID,android.support.v7.app.ActionBarActivity,superOnMenuItemSelected,android.support.v4.app.FragmentActivity,onMenuItemSelected,callback,callback|entrypoint
GeneralJava,VirtualDispatch4,FLOWDROID,android.support.v7.app.ActionBarActivity,superOnPrepareOptionsPanel,android.support.v4.app.FragmentActivity,onPrepareOptionsPanel,callback,callback|entrypoint
GeneralJava,VirtualDispatch4,FLOWDROID,android.support.v7.app.ActionBarActivity,superOnPreparePanel,android.support.v4.app.FragmentActivity,onPreparePanel,callback,callback|entrypoint
GeneralJava,VirtualDispatch4,FLOWDROID,android.support.v7.app.ActionBarActivity,superSetContentView,android.app.Activity,setContentView,component,component
GeneralJava,VirtualDispatch4,FLOWDROID,android.support.v7.app.ActionBarActivityDelegate,createDelegate,android.support.v7.app.ActionBarActivityDelegateJBMR2,<init>,other,
GeneralJava,VirtualDispatch4,FLOWDROID,android.support.v7.app.ActionBarActivityDelegate,getActionBarThemedContext,android.support.v7.app.ActionBar,getThemedContext,other,
GeneralJava,VirtualDispatch4,FLOWDROID,android.support.v7.app.ActionBarActivityDelegate,getActionBarThemedContext,android.support.v7.app.ActionBarActivityDelegate,getSupportActionBar,other,
GeneralJava,VirtualDispatch4,FLOWDROID,android.support.v7.app.ActionBarActivityDelegate,getMenuInflater,android.support.v7.app.ActionBarActivityDelegate,getActionBarThemedContext,other,
GeneralJava,VirtualDispatch4,FLOWDROID,android.support.v7.app.ActionBarActivityDelegate,getMenuInflater,android.support.v7.internal.view.SupportMenuInflater,<init>,other,
GeneralJava,VirtualDispatch4,FLOWDROID,android.support.v7.app.ActionBarActivityDelegate,getSupportActionBar,android.support.v7.app.ActionBarActivityDelegate,createSupportActionBar,other,
GeneralJava,VirtualDispatch4,FLOWDROID,android.support.v7.app.ActionBarActivityDelegate,getUiOptionsFromMetadata,android.app.Activity,getComponentName,component,component
GeneralJava,VirtualDispatch4,FLOWDROID,android.support.v7.app.ActionBarActivityDelegate,getUiOptionsFromMetadata,android.content.ContextWrapper,getPackageManager,ipc,ipc
GeneralJava,VirtualDispatch4,FLOWDROID,android.support.v7.app.ActionBarActivityDelegate,getUiOptionsFromMetadata,android.content.pm.PackageManager,getActivityInfo,other,
GeneralJava,VirtualDispatch4,FLOWDROID,android.support.v7.app.ActionBarActivityDelegate,onCreate,android.content.Context,obtainStyledAttributes,ipc,ipc
GeneralJava,VirtualDispatch4,FLOWDROID,android.support.v7.app.ActionBarActivityDelegate,onCreate,android.content.res.TypedArray,getBoolean,other,
GeneralJava,VirtualDispatch4,FLOWDROID,android.support.v7.app.ActionBarActivityDelegate,onCreate,android.content.res.TypedArray,hasValue,other,
GeneralJava,VirtualDispatch4,FLOWDROID,android.support.v7.app.ActionBarActivityDelegate,onCreate,android.content.res.TypedArray,recycle,other,
GeneralJava,VirtualDispatch4,FLOWDROID,android.support.v7.app.ActionBarActivityDelegate,onCreate,android.support.v4.app.NavUtils,getParentActivityName,other,
GeneralJava,VirtualDispatch4,FLOWDROID,android.support.v7.app.ActionBarActivityDelegate,onPrepareOptionsPanel,android.support.v7.app.ActionBarActivity,superOnPrepareOptionsPanel,other,
GeneralJava,VirtualDispatch4,FLOWDROID,android.support.v7.app.ActionBarActivityDelegateICS,createWindowCallbackWrapper,android.support.v7.app.ActionBarActivityDelegateICS$WindowCallbackWrapper,<init>,other,
GeneralJava,VirtualDispatch4,FLOWDROID,android.support.v7.app.ActionBarActivityDelegateICS,onContentChanged,android.support.v7.app.ActionBarActivity,onSupportContentChanged,callback,callback|entrypoint
GeneralJava,VirtualDispatch4,FLOWDROID,android.support.v7.app.ActionBarActivityDelegateICS,onCreate,android.app.Activity,getWindow,component,component
GeneralJava,VirtualDispatch4,FLOWDROID,android.support.v7.app.ActionBarActivityDelegateICS,onCreate,android.app.Activity,requestWindowFeature,component,component
GeneralJava,VirtualDispatch4,FLOWDROID,android.support.v7.app.ActionBarActivityDelegateICS,onCreate,android.support.v7.app.ActionBarActivityDelegate,getUiOptionsFromMetadata,other,
GeneralJava,VirtualDispatch4,FLOWDROID,android.support.v7.app.ActionBarActivityDelegateICS,onCreate,android.support.v7.app.ActionBarActivityDelegateICS,createWindowCallbackWrapper,other,
GeneralJava,VirtualDispatch4,FLOWDROID,android.support.v7.app.ActionBarActivityDelegateICS,onCreate,android.view.Window,getCallback,other,
GeneralJava,VirtualDispatch4,FLOWDROID,android.support.v7.app.ActionBarActivityDelegateICS,onCreate,android.view.Window,setCallback,other,
GeneralJava,VirtualDispatch4,FLOWDROID,android.support.v7.app.ActionBarActivityDelegateICS,onCreate,java.lang.String,equals,other,
GeneralJava,VirtualDispatch4,FLOWDROID,android.support.v7.app.ActionBarActivityDelegateICS,onCreatePanelMenu,android.support.v7.app.ActionBarActivity,superOnCreatePanelMenu,other,
GeneralJava,VirtualDispatch4,FLOWDROID,android.support.v7.app.ActionBarActivityDelegateICS,onCreatePanelMenu,android.support.v7.internal.view.menu.MenuWrapperFactory,createMenuWrapper,other,
GeneralJava,VirtualDispatch4,FLOWDROID,android.support.v7.app.ActionBarActivityDelegateICS,onMenuItemSelected,android.support.v7.app.ActionBarActivity,superOnMenuItemSelected,other,
GeneralJava,VirtualDispatch4,FLOWDROID,android.support.v7.app.ActionBarActivityDelegateICS,onMenuItemSelected,android.support.v7.internal.view.menu.MenuWrapperFactory,createMenuItemWrapper,other,
GeneralJava,VirtualDispatch4,FLOWDROID,android.support.v7.app.ActionBarActivityDelegateICS,onPreparePanel,android.support.v7.app.ActionBarActivity,superOnPreparePanel,other,
GeneralJava,VirtualDispatch4,FLOWDROID,android.support.v7.app.ActionBarActivityDelegateICS,setContentView,android.support.v7.app.ActionBarActivity,superSetContentView,other,
GeneralJava,VirtualDispatch4,FLOWDROID,android.support.v7.app.ActionBarActivityDelegateICS$WindowCallbackWrapper,dispatchKeyEvent,android.view.Window$Callback,dispatchKeyEvent,other,
GeneralJava,VirtualDispatch4,FLOWDROID,android.support.v7.app.ActionBarActivityDelegateICS$WindowCallbackWrapper,dispatchTouchEvent,android.view.Window$Callback,dispatchTouchEvent,other,
GeneralJava,VirtualDispatch4,FLOWDROID,android.support.v7.app.ActionBarActivityDelegateICS$WindowCallbackWrapper,dispatchTrackballEvent,android.view.Window$Callback,dispatchTrackballEvent,other,
GeneralJava,VirtualDispatch4,FLOWDROID,android.support.v7.app.ActionBarActivityDelegateICS$WindowCallbackWrapper,onAttachedToWindow,android.view.Window$Callback,onAttachedToWindow,callback,callback
GeneralJava,VirtualDispatch4,FLOWDROID,android.support.v7.app.ActionBarActivityDelegateICS$WindowCallbackWrapper,onDetachedFromWindow,android.view.Window$Callback,onDetachedFromWindow,callback,callback
GeneralJava,VirtualDispatch4,FLOWDROID,android.support.v7.app.ActionBarActivityDelegateICS$WindowCallbackWrapper,onMenuOpened,android.view.Window$Callback,onMenuOpened,callback,callback
GeneralJava,VirtualDispatch4,FLOWDROID,android.support.v7.app.ActionBarActivityDelegateICS$WindowCallbackWrapper,onWindowAttributesChanged,android.view.Window$Callback,onWindowAttributesChanged,callback,callback
GeneralJava,VirtualDispatch4,FLOWDROID,android.support.v7.app.ActionBarActivityDelegateICS$WindowCallbackWrapper,onWindowFocusChanged,android.view.Window$Callback,onWindowFocusChanged,callback,callback
GeneralJava,VirtualDispatch4,FLOWDROID,android.support.v7.app.ActionBarActivityDelegateJBMR2,createSupportActionBar,android.support.v7.app.ActionBarImplJBMR2,<init>,other,
GeneralJava,VirtualDispatch4,FLOWDROID,android.support.v7.app.ActionBarImplICS,<init>,android.app.Activity,getActionBar,component,component
GeneralJava,VirtualDispatch4,FLOWDROID,android.support.v7.app.ActionBarImplICS,getThemedContext,android.app.ActionBar,getThemedContext,other,
GeneralJava,VirtualDispatch4,FLOWDROID,android.support.v7.internal.view.SupportMenuInflater,inflate,android.content.Context,getResources,ipc,ipc
GeneralJava,VirtualDispatch4,FLOWDROID,android.support.v7.internal.view.SupportMenuInflater,inflate,android.content.res.Resources,getLayout,other,
GeneralJava,VirtualDispatch4,FLOWDROID,android.support.v7.internal.view.SupportMenuInflater,inflate,android.content.res.XmlResourceParser,close,other,
GeneralJava,VirtualDispatch4,FLOWDROID,android.support.v7.internal.view.SupportMenuInflater,inflate,android.support.v7.internal.view.SupportMenuInflater,parseMenu,other,
GeneralJava,VirtualDispatch4,FLOWDROID,android.support.v7.internal.view.SupportMenuInflater,inflate,android.util.Xml,asAttributeSet,other,
GeneralJava,VirtualDispatch4,FLOWDROID,android.support.v7.internal.view.SupportMenuInflater,parseMenu,android.support.v7.internal.view.SupportMenuInflater$MenuState,<init>,other,
GeneralJava,VirtualDispatch4,FLOWDROID,android.support.v7.internal.view.SupportMenuInflater,parseMenu,android.support.v7.internal.view.SupportMenuInflater$MenuState,access$000,other,
GeneralJava,VirtualDispatch4,FLOWDROID,android.support.v7.internal.view.SupportMenuInflater,parseMenu,android.support.v7.internal.view.SupportMenuInflater$MenuState,addItem,other,
GeneralJava,VirtualDispatch4,FLOWDROID,android.support.v7.internal.view.SupportMenuInflater,parseMenu,android.support.v7.internal.view.SupportMenuInflater$MenuState,hasAddedItem,other,
GeneralJava,VirtualDispatch4,FLOWDROID,android.support.v7.internal.view.SupportMenuInflater,parseMenu,android.support.v7.internal.view.SupportMenuInflater$MenuState,readItem,other,
GeneralJava,VirtualDispatch4,FLOWDROID,android.support.v7.internal.view.SupportMenuInflater,parseMenu,java.lang.String,equals,other,
GeneralJava,VirtualDispatch4,FLOWDROID,android.support.v7.internal.view.SupportMenuInflater,parseMenu,org.xmlpull.v1.XmlPullParser,getEventType,other,
GeneralJava,VirtualDispatch4,FLOWDROID,android.support.v7.internal.view.SupportMenuInflater,parseMenu,org.xmlpull.v1.XmlPullParser,getName,other,
GeneralJava,VirtualDispatch4,FLOWDROID,android.support.v7.internal.view.SupportMenuInflater,parseMenu,org.xmlpull.v1.XmlPullParser,next,other,
GeneralJava,VirtualDispatch4,FLOWDROID,android.support.v7.internal.view.SupportMenuInflater$MenuState,<init>,android.support.v7.internal.view.SupportMenuInflater$MenuState,resetGroup,other,
GeneralJava,VirtualDispatch4,FLOWDROID,android.support.v7.internal.view.SupportMenuInflater$MenuState,addItem,android.support.v7.internal.view.SupportMenuInflater$MenuState,setItem,other,
GeneralJava,VirtualDispatch4,FLOWDROID,android.support.v7.internal.view.SupportMenuInflater$MenuState,addItem,android.view.Menu,add,other,
GeneralJava,VirtualDispatch4,FLOWDROID,android.support.v7.internal.view.SupportMenuInflater$MenuState,readItem,android.content.Context,obtainStyledAttributes,ipc,ipc
GeneralJava,VirtualDispatch4,FLOWDROID,android.support.v7.internal.view.SupportMenuInflater$MenuState,readItem,android.content.res.TypedArray,getBoolean,other,
GeneralJava,VirtualDispatch4,FLOWDROID,android.support.v7.internal.view.SupportMenuInflater$MenuState,readItem,android.content.res.TypedArray,getInt,other,
GeneralJava,VirtualDispatch4,FLOWDROID,android.support.v7.internal.view.SupportMenuInflater$MenuState,readItem,android.content.res.TypedArray,getResourceId,other,
GeneralJava,VirtualDispatch4,FLOWDROID,android.support.v7.internal.view.SupportMenuInflater$MenuState,readItem,android.content.res.TypedArray,getString,other,
GeneralJava,VirtualDispatch4,FLOWDROID,android.support.v7.internal.view.SupportMenuInflater$MenuState,readItem,android.content.res.TypedArray,getText,other,
GeneralJava,VirtualDispatch4,FLOWDROID,android.support.v7.internal.view.SupportMenuInflater$MenuState,readItem,android.content.res.TypedArray,hasValue,other,
GeneralJava,VirtualDispatch4,FLOWDROID,android.support.v7.internal.view.SupportMenuInflater$MenuState,readItem,android.content.res.TypedArray,recycle,other,
GeneralJava,VirtualDispatch4,FLOWDROID,android.support.v7.internal.view.SupportMenuInflater$MenuState,readItem,android.support.v7.internal.view.SupportMenuInflater,access$100,other,
GeneralJava,VirtualDispatch4,FLOWDROID,android.support.v7.internal.view.SupportMenuInflater$MenuState,readItem,android.support.v7.internal.view.SupportMenuInflater$MenuState,getShortcut,other,
GeneralJava,VirtualDispatch4,FLOWDROID,android.support.v7.internal.view.SupportMenuInflater$MenuState,setItem,android.support.v4.view.MenuItemCompat,setShowAsAction,other,
GeneralJava,VirtualDispatch4,FLOWDROID,android.support.v7.internal.view.SupportMenuInflater$MenuState,setItem,android.view.MenuItem,setAlphabeticShortcut,other,
GeneralJava,VirtualDispatch4,FLOWDROID,android.support.v7.internal.view.SupportMenuInflater$MenuState,setItem,android.view.MenuItem,setCheckable,other,
GeneralJava,VirtualDispatch4,FLOWDROID,android.support.v7.internal.view.SupportMenuInflater$MenuState,setItem,android.view.MenuItem,setChecked,other,
GeneralJava,VirtualDispatch4,FLOWDROID,android.support.v7.internal.view.SupportMenuInflater$MenuState,setItem,android.view.MenuItem,setEnabled,other,
GeneralJava,VirtualDispatch4,FLOWDROID,android.support.v7.internal.view.SupportMenuInflater$MenuState,setItem,android.view.MenuItem,setIcon,other,
GeneralJava,VirtualDispatch4,FLOWDROID,android.support.v7.internal.view.SupportMenuInflater$MenuState,setItem,android.view.MenuItem,setNumericShortcut,other,
GeneralJava,VirtualDispatch4,FLOWDROID,android.support.v7.internal.view.SupportMenuInflater$MenuState,setItem,android.view.MenuItem,setTitleCondensed,other,
GeneralJava,VirtualDispatch4,FLOWDROID,android.support.v7.internal.view.SupportMenuInflater$MenuState,setItem,android.view.MenuItem,setVisible,other,
GeneralJava,VirtualDispatch4,FLOWDROID,android.support.v7.internal.view.menu.BaseMenuWrapper,getMenuItemWrapper,android.support.v7.internal.view.menu.MenuWrapperFactory,createSupportMenuItemWrapper,other,
GeneralJava,VirtualDispatch4,FLOWDROID,android.support.v7.internal.view.menu.BaseMenuWrapper,getMenuItemWrapper,java.util.HashMap,<init>,other,
GeneralJava,VirtualDispatch4,FLOWDROID,android.support.v7.internal.view.menu.BaseMenuWrapper,getMenuItemWrapper,java.util.HashMap,get,other,
GeneralJava,VirtualDispatch4,FLOWDROID,android.support.v7.internal.view.menu.BaseMenuWrapper,getMenuItemWrapper,java.util.HashMap,put,other,
GeneralJava,VirtualDispatch4,FLOWDROID,android.support.v7.internal.view.menu.MenuItemWrapperICS,<init>,android.view.MenuItem,isVisible,other,
GeneralJava,VirtualDispatch4,FLOWDROID,android.support.v7.internal.view.menu.MenuItemWrapperICS,getItemId,android.view.MenuItem,getItemId,other,
GeneralJava,VirtualDispatch4,FLOWDROID,android.support.v7.internal.view.menu.MenuItemWrapperICS,getTitleCondensed,android.view.MenuItem,getTitleCondensed,other,
GeneralJava,VirtualDispatch4,FLOWDROID,android.support.v7.internal.view.menu.MenuItemWrapperICS,setChecked,android.view.MenuItem,setChecked,other,
GeneralJava,VirtualDispatch4,FLOWDROID,android.support.v7.internal.view.menu.MenuItemWrapperICS,setVisible,android.support.v7.internal.view.menu.MenuItemWrapperICS,wrappedSetVisible,other,
GeneralJava,VirtualDispatch4,FLOWDROID,android.support.v7.internal.view.menu.MenuItemWrapperICS,wrappedSetVisible,android.view.MenuItem,setVisible,other,
GeneralJava,VirtualDispatch4,FLOWDROID,android.support.v7.internal.view.menu.MenuWrapperFactory,createMenuItemWrapper,android.support.v7.internal.view.menu.MenuItemWrapperJB,<init>,other,
GeneralJava,VirtualDispatch4,FLOWDROID,android.support.v7.internal.view.menu.MenuWrapperFactory,createMenuWrapper,android.support.v7.internal.view.menu.MenuWrapperICS,<init>,other,
GeneralJava,VirtualDispatch4,FLOWDROID,android.support.v7.internal.view.menu.MenuWrapperFactory,createSupportMenuItemWrapper,android.support.v7.internal.view.menu.MenuItemWrapperJB,<init>,other,
GeneralJava,VirtualDispatch4,FLOWDROID,android.support.v7.internal.view.menu.MenuWrapperICS,add,android.support.v7.internal.view.menu.BaseMenuWrapper,getMenuItemWrapper,other,
GeneralJava,VirtualDispatch4,FLOWDROID,android.support.v7.internal.view.menu.MenuWrapperICS,add,android.view.Menu,add,other,
GeneralJava,VirtualDispatch4,FLOWDROID,de.ecspride.MainActivity,factoryTest,android.telephony.SmsManager,sendTextMessage,sensitive_api,sensitive_api|telephony
GeneralJava,VirtualDispatch4,FLOWDROID,de.ecspride.MainActivity,factoryTest,de.ecspride.MainActivity$MyInterface,getString,other,
GeneralJava,VirtualDispatch4,FLOWDROID,de.ecspride.MainActivity,factoryTest,java.io.PrintStream,println,other,
GeneralJava,VirtualDispatch4,FLOWDROID,de.ecspride.MainActivity,onCreate,android.support.v4.app.FragmentManager,beginTransaction,other,
GeneralJava,VirtualDispatch4,FLOWDROID,de.ecspride.MainActivity,onCreate,android.support.v4.app.FragmentTransaction,add,other,
GeneralJava,VirtualDispatch4,FLOWDROID,de.ecspride.MainActivity,onCreate,android.support.v4.app.FragmentTransaction,commit,other,
GeneralJava,VirtualDispatch4,FLOWDROID,de.ecspride.MainActivity,onCreateOptionsMenu,android.view.MenuInflater,inflate,other,
GeneralJava,VirtualDispatch4,FLOWDROID,de.ecspride.MainActivity,onOptionsItemSelected,android.view.MenuItem,getItemId,other,
GeneralJava,VirtualDispatch4,FLOWDROID,de.ecspride.MainActivity$PlaceholderFragment,onCreateView,android.view.LayoutInflater,inflate,other,
GeneralJava,VirtualDispatch4,GATOR,android.support.v4.app.FragmentActivity,onCreate,android.view.LayoutInflater,getFactory,other,
GeneralJava,VirtualDispatch4,GATOR,android.support.v4.app.FragmentActivity,onCreate,android.view.LayoutInflater,setFactory,other,
GeneralJava,VirtualDispatch4,GATOR,android.support.v4.app.NavUtils,getParentActivityName,android.content.pm.PackageManager,getActivityInfo,other,
GeneralJava,VirtualDispatch4,GATOR,android.support.v7.app.ActionBarActivityDelegate,getUiOptionsFromMetadata,android.content.pm.PackageManager,getActivityInfo,other,
GeneralJava,VirtualDispatch4,GATOR,android.support.v7.app.ActionBarActivityDelegateICS,onCreate,android.view.Window,getCallback,other,
GeneralJava,VirtualDispatch4,GATOR,android.support.v7.app.ActionBarActivityDelegateICS,onCreate,android.view.Window,setCallback,other,
GeneralJava,VirtualDispatch4,GATOR,android.support.v7.internal.view.SupportMenuInflater,inflate,android.content.res.XmlResourceParser,close,other,
GeneralJava,VirtualDispatch4,GATOR,android.support.v7.internal.view.SupportMenuInflater,parseMenu,org.xmlpull.v1.XmlPullParser,getEventType,other,
GeneralJava,VirtualDispatch4,GATOR,android.support.v7.internal.view.SupportMenuInflater,parseMenu,org.xmlpull.v1.XmlPullParser,getName,other,
GeneralJava,VirtualDispatch4,GATOR,android.support.v7.internal.view.SupportMenuInflater,parseMenu,org.xmlpull.v1.XmlPullParser,next,other,
GeneralJava,VirtualDispatch4,GATOR,de.ecspride.MainActivity$PlaceholderFragment,onCreateView,android.view.LayoutInflater,inflate,other,
GeneralJava,VirtualDispatch4,MAMADROID,android.support.v4.app.BackStackRecord,add,android.support.v4.app.BackStackRecord,doAddOp,other,
GeneralJava,VirtualDispatch4,MAMADROID,android.support.v4.app.BackStackRecord,commit,android.support.v4.app.BackStackRecord,commitInternal,other,
GeneralJava,VirtualDispatch4,MAMADROID,android.support.v4.app.BackStackRecord,commitInternal,android.support.v4.app.FragmentManagerImpl,enqueueAction,other,
GeneralJava,VirtualDispatch4,MAMADROID,android.support.v4.app.BackStackRecord,doAddOp,android.support.v4.app.BackStackRecord,addOp,other,
GeneralJava,VirtualDispatch4,MAMADROID,android.support.v4.app.BackStackRecord,doAddOp,android.support.v4.app.BackStackRecord$Op,<init>,other,
GeneralJava,VirtualDispatch4,MAMADROID,android.support.v4.app.BackStackRecord,run,android.support.v4.app.BackStackRecord,bumpBackStackNesting,other,
GeneralJava,VirtualDispatch4,MAMADROID,android.support.v4.app.BackStackRecord,run,android.support.v4.app.FragmentManagerImpl,addFragment,other,
GeneralJava,VirtualDispatch4,MAMADROID,android.support.v4.app.BackStackRecord,run,android.support.v4.app.FragmentManagerImpl,moveToState,other,
GeneralJava,VirtualDispatch4,MAMADROID,android.support.v4.app.Fragment,<clinit>,android.support.v4.util.SimpleArrayMap,<init>,other,
GeneralJava,VirtualDispatch4,MAMADROID,android.support.v4.app.Fragment,getLayoutInflater,android.app.Activity,getLayoutInflater,component,component
GeneralJava,VirtualDispatch4,MAMADROID,android.support.v4.app.Fragment,onStart,android.support.v4.app.FragmentActivity,getLoaderManager,other,
GeneralJava,VirtualDispatch4,MAMADROID,android.support.v4.app.Fragment,performActivityCreated,android.support.v4.app.Fragment,onActivityCreated,callback,callback|entrypoint
GeneralJava,VirtualDispatch4,MAMADROID,android.support.v4.app.Fragment,performCreate,android.support.v4.app.Fragment,onCreate,callback,callback|entrypoint
GeneralJava,VirtualDispatch4,MAMADROID,android.support.v4.app.Fragment,performCreateView,android.support.v4.app.Fragment,onCreateView,callback,callback|entrypoint
GeneralJava,VirtualDispatch4,MAMADROID,android.support.v4.app.Fragment,performDestroy,android.support.v4.app.Fragment,onDestroy,callback,callback|entrypoint
GeneralJava,VirtualDispatch4,MAMADROID,android.support.v4.app.Fragment,performDestroyView,android.support.v4.app.Fragment,onDestroyView,callback,callback|entrypoint
GeneralJava,VirtualDispatch4,MAMADROID,android.support.v4.app.Fragment,performPause,android.support.v4.app.Fragment,onPause,callback,callback|entrypoint
GeneralJava,VirtualDispatch4,MAMADROID,android.support.v4.app.Fragment,performResume,android.support.v4.app.Fragment,onResume,callback,callback|entrypoint
GeneralJava,VirtualDispatch4,MAMADROID,android.support.v4.app.Fragment,performSaveInstanceState,android.support.v4.app.Fragment,onSaveInstanceState,callback,callback|entrypoint
GeneralJava,VirtualDispatch4,MAMADROID,android.support.v4.app.Fragment,performStart,android.support.v4.app.Fragment,onStart,callback,callback|entrypoint
GeneralJava,VirtualDispatch4,MAMADROID,android.support.v4.app.Fragment,performStop,android.support.v4.app.Fragment,onStop,callback,callback|entrypoint
GeneralJava,VirtualDispatch4,MAMADROID,android.support.v4.app.Fragment,restoreViewState,android.support.v4.app.Fragment,onViewStateRestored,callback,callback|entrypoint
GeneralJava,VirtualDispatch4,MAMADROID,android.support.v4.app.Fragment,setIndex,java.lang.StringBuilder,<init>,other,
GeneralJava,VirtualDispatch4,MAMADROID,android.support.v4.app.Fragment,setIndex,java.lang.StringBuilder,append,other,
GeneralJava,VirtualDispatch4,MAMADROID,android.support.v4.app.Fragment,setIndex,java.lang.StringBuilder,toString,other,
GeneralJava,VirtualDispatch4,MAMADROID,android.support.v4.app.FragmentActivity,doReallyStop,android.os.Handler,removeMessages,other,
GeneralJava,VirtualDispatch4,MAMADROID,android.support.v4.app.FragmentActivity,doReallyStop,android.support.v4.app.FragmentActivity,onReallyStop,callback,callback|entrypoint
GeneralJava,VirtualDispatch4,MAMADROID,android.support.v4.app.FragmentActivity,getLoaderManager,android.support.v4.util.SimpleArrayMap,<init>,other,
GeneralJava,VirtualDispatch4,MAMADROID,android.support.v4.app.FragmentActivity,getLoaderManager,android.support.v4.util.SimpleArrayMap,get,other,
GeneralJava,VirtualDispatch4,MAMADROID,android.support.v4.app.FragmentActivity,invalidateSupportFragment,android.support.v4.util.SimpleArrayMap,get,other,
GeneralJava,VirtualDispatch4,MAMADROID,android.support.v4.app.FragmentActivity,onBackPressed,android.app.Activity,finish,component,component
GeneralJava,VirtualDispatch4,MAMADROID,android.support.v4.app.FragmentActivity,onBackPressed,android.support.v4.app.FragmentManagerImpl,popBackStackImmediate,other,
GeneralJava,VirtualDispatch4,MAMADROID,android.support.v4.app.FragmentActivity,onCreate,android.app.Activity,getLastNonConfigurationInstance,component,component
GeneralJava,VirtualDispatch4,MAMADROID,android.support.v4.app.FragmentActivity,onCreate,android.app.Activity,getLayoutInflater,component,component
GeneralJava,VirtualDispatch4,MAMADROID,android.support.v4.app.FragmentActivity,onCreate,android.support.v4.app.FragmentManagerImpl,attachActivity,other,
GeneralJava,VirtualDispatch4,MAMADROID,android.support.v4.app.FragmentActivity,onCreate,android.support.v4.app.FragmentManagerImpl,dispatchCreate,other,
GeneralJava,VirtualDispatch4,MAMADROID,android.support.v4.app.FragmentActivity,onCreate,android.view.LayoutInflater,getFactory,other,
GeneralJava,VirtualDispatch4,MAMADROID,android.support.v4.app.FragmentActivity,onCreate,android.view.LayoutInflater,setFactory,other,
GeneralJava,VirtualDispatch4,MAMADROID,android.support.v4.app.FragmentActivity,onCreatePanelMenu,android.app.Activity,getMenuInflater,component,component
GeneralJava,VirtualDispatch4,MAMADROID,android.support.v4.app.FragmentActivity,onCreatePanelMenu,android.app.Activity,onCreatePanelMenu,callback,callback|component|entrypoint
GeneralJava,VirtualDispatch4,MAMADROID,android.support.v4.app.FragmentActivity,onCreatePanelMenu,android.support.v4.app.FragmentManagerImpl,dispatchCreateOptionsMenu,other,
GeneralJava,VirtualDispatch4,MAMADROID,android.support.v4.app.FragmentActivity,onCreateView,android.app.Activity,onCreateView,callback,callback|component|entrypoint
GeneralJava,VirtualDispatch4,MAMADROID,android.support.v4.app.FragmentActivity,onCreateView,java.lang.String,equals,other,
GeneralJava,VirtualDispatch4,MAMADROID,android.support.v4.app.FragmentActivity,onDestroy,android.app.Activity,onDestroy,callback,callback|component|entrypoint
GeneralJava,VirtualDispatch4,MAMADROID,android.support.v4.app.FragmentActivity,onDestroy,android.support.v4.app.FragmentActivity,doReallyStop,other,
GeneralJava,VirtualDispatch4,MAMADROID,android.support.v4.app.FragmentActivity,onDestroy,android.support.v4.app.FragmentManagerImpl,dispatchDestroy,other,
GeneralJava,VirtualDispatch4,MAMADROID,android.support.v4.app.FragmentActivity,onKeyDown,android.app.Activity,onKeyDown,callback,callback|component|entrypoint
GeneralJava,VirtualDispatch4,MAMADROID,android.support.v4.app.FragmentActivity,onMenuItemSelected,android.app.Activity,onMenuItemSelected,callback,callback|component|entrypoint
GeneralJava,VirtualDispatch4,MAMADROID,android.support.v4.app.FragmentActivity,onPanelClosed,android.app.Activity,onPanelClosed,callback,callback|component|entrypoint
GeneralJava,VirtualDispatch4,MAMADROID,android.support.v4.app.FragmentActivity,onPause,android.app.Activity,onPause,callback,callback|component|entrypoint
GeneralJava,VirtualDispatch4,MAMADROID,android.support.v4.app.FragmentActivity,onPause,android.os.Handler,hasMessages,other,
GeneralJava,VirtualDispatch4,MAMADROID,android.support.v4.app.FragmentActivity,onPause,android.support.v4.app.FragmentManagerImpl,dispatchPause,other,
GeneralJava,VirtualDispatch4,MAMADROID,android.support.v4.app.FragmentActivity,onPostResume,android.app.Activity,onPostResume,callback,callback|component|entrypoint
GeneralJava,VirtualDispatch4,MAMADROID,android.support.v4.app.FragmentActivity,onPostResume,android.os.Handler,removeMessages,other,
GeneralJava,VirtualDispatch4,MAMADROID,android.support.v4.app.FragmentActivity,onPostResume,android.support.v4.app.FragmentActivity,onResumeFragments,callback,callback|entrypoint
GeneralJava,VirtualDispatch4,MAMADROID,android.support.v4.app.FragmentActivity,onPostResume,android.support.v4.app.FragmentManagerImpl,execPendingActions,other,
GeneralJava,VirtualDispatch4,MAMADROID,android.support.v4.app.FragmentActivity,onPrepareOptionsPanel,android.app.Activity,onPreparePanel,callback,callback|component|entrypoint
GeneralJava,VirtualDispatch4,MAMADROID,android.support.v4.app.FragmentActivity,onPreparePanel,android.support.v4.app.FragmentActivity,onPrepareOptionsPanel,callback,callback|entrypoint
GeneralJava,VirtualDispatch4,MAMADROID,android.support.v4.app.FragmentActivity,onPreparePanel,android.support.v4.app.FragmentManagerImpl,dispatchPrepareOptionsMenu,other,
GeneralJava,VirtualDispatch4,MAMADROID,android.support.v4.app.FragmentActivity,onReallyStop,android.support.v4.app.FragmentManagerImpl,dispatchReallyStop,other,
GeneralJava,VirtualDispatch4,MAMADROID,android.support.v4.app.FragmentActivity,onResume,android.app.Activity,onResume,callback,callback|component|entrypoint
GeneralJava,VirtualDispatch4,MAMADROID,android.support.v4.app.FragmentActivity,onResume,android.os.Handler,sendEmptyMessage,other,
GeneralJava,VirtualDispatch4,MAMADROID,android.support.v4.app.FragmentActivity,onResume,android.support.v4.app.FragmentManagerImpl,execPendingActions,other,
GeneralJava,VirtualDispatch4,MAMADROID,android.support.v4.app.FragmentActivity,onResumeFragments,android.support.v4.app.FragmentManagerImpl,dispatchResume,other,
GeneralJava,VirtualDispatch4,MAMADROID,android.support.v4.app.FragmentActivity,onSaveInstanceState,android.app.Activity,onSaveInstanceState,callback,callback|component|entrypoint
GeneralJava,VirtualDispatch4,MAMADROID,android.support.v4.app.FragmentActivity,onSaveInstanceState,android.os.Bundle,putParcelable,other,
GeneralJava,VirtualDispatch4,MAMADROID,android.support.v4.app.FragmentActivity,onSaveInstanceState,android.support.v4.app.FragmentManagerImpl,saveAllState,other,
GeneralJava,VirtualDispatch4,MAMADROID,android.support.v4.app.FragmentActivity,onStart,android.app.Activity,onStart,callback,callback|component|entrypoint
GeneralJava,VirtualDispatch4,MAMADROID,android.support.v4.app.FragmentActivity,onStart,android.os.Handler,removeMessages,other,
GeneralJava,VirtualDispatch4,MAMADROID,android.support.v4.app.FragmentActivity,onStart,android.support.v4.app.FragmentManagerImpl,dispatchActivityCreated,other,
GeneralJava,VirtualDispatch4,MAMADROID,android.support.v4.app.FragmentActivity,onStart,android.support.v4.app.FragmentManagerImpl,dispatchStart,other,
GeneralJava,VirtualDispatch4,MAMADROID,android.support.v4.app.FragmentActivity,onStart,android.support.v4.app.FragmentManagerImpl,execPendingActions,other,
GeneralJava,VirtualDispatch4,MAMADROID,android.support.v4.app.FragmentActivity,onStart,android.support.v4.app.FragmentManagerImpl,noteStateNotSaved,other,
GeneralJava,VirtualDispatch4,MAMADROID,android.support.v4.app.FragmentActivity,onStart,android.support.v4.util.SimpleArrayMap,size,other,
GeneralJava,VirtualDispatch4,MAMADROID,android.support.v4.app.FragmentActivity,onStop,android.app.Activity,onStop,callback,callback|component|entrypoint
GeneralJava,VirtualDispatch4,MAMADROID,android.support.v4.app.FragmentActivity,onStop,android.os.Handler,sendEmptyMessage,other,
GeneralJava,VirtualDispatch4,MAMADROID,android.support.v4.app.FragmentActivity,onStop,android.support.v4.app.FragmentManagerImpl,dispatchStop,other,
GeneralJava,VirtualDispatch4,MAMADROID,android.support.v4.app.FragmentActivity$1,handleMessage,android.support.v4.app.FragmentActivity,doReallyStop,other,
GeneralJava,VirtualDispatch4,MAMADROID,android.support.v4.app.FragmentActivity$2,findViewById,android.app.Activity,findViewById,component,component
GeneralJava,VirtualDispatch4,MAMADROID,android.support.v4.app.FragmentManagerImpl,addFragment,android.support.v4.app.FragmentManagerImpl,makeActive,other,
GeneralJava,VirtualDispatch4,MAMADROID,android.support.v4.app.FragmentManagerImpl,addFragment,java.util.ArrayList,<init>,other,
GeneralJava,VirtualDispatch4,MAMADROID,android.support.v4.app.FragmentManagerImpl,addFragment,java.util.ArrayList,add,other,
GeneralJava,VirtualDispatch4,MAMADROID,android.support.v4.app.FragmentManagerImpl,addFragment,java.util.ArrayList,contains,other,
GeneralJava,VirtualDispatch4,MAMADROID,android.support.v4.app.FragmentManagerImpl,beginTransaction,android.support.v4.app.BackStackRecord,<init>,other,
GeneralJava,VirtualDispatch4,MAMADROID,android.support.v4.app.FragmentManagerImpl,dispatchActivityCreated,android.support.v4.app.FragmentManagerImpl,moveToState,other,
GeneralJava,VirtualDispatch4,MAMADROID,android.support.v4.app.FragmentManagerImpl,dispatchCreate,android.support.v4.app.FragmentManagerImpl,moveToState,other,
GeneralJava,VirtualDispatch4,MAMADROID,android.support.v4.app.FragmentManagerImpl,dispatchCreateOptionsMenu,android.support.v4.app.Fragment,performCreateOptionsMenu,other,
GeneralJava,VirtualDispatch4,MAMADROID,android.support.v4.app.FragmentManagerImpl,dispatchCreateOptionsMenu,java.util.ArrayList,get,other,
GeneralJava,VirtualDispatch4,MAMADROID,android.support.v4.app.FragmentManagerImpl,dispatchCreateOptionsMenu,java.util.ArrayList,size,other,
GeneralJava,VirtualDispatch4,MAMADROID,android.support.v4.app.FragmentManagerImpl,dispatchDestroy,android.support.v4.app.FragmentManagerImpl,execPendingActions,other,
GeneralJava,VirtualDispatch4,MAMADROID,android.support.v4.app.FragmentManagerImpl,dispatchDestroy,android.support.v4.app.FragmentManagerImpl,moveToState,other,
GeneralJava,VirtualDispatch4,MAMADROID,android.support.v4.app.FragmentManagerImpl,dispatchPause,android.support.v4.app.FragmentManagerImpl,moveToState,other,
GeneralJava,VirtualDispatch4,MAMADROID,android.support.v4.app.FragmentManagerImpl,dispatchPrepareOptionsMenu,android.support.v4.app.Fragment,performPrepareOptionsMenu,other,
GeneralJava,VirtualDispatch4,MAMADROID,android.support.v4.app.FragmentManagerImpl,dispatchPrepareOptionsMenu,java.util.ArrayList,get,other,
GeneralJava,VirtualDispatch4,MAMADROID,android.support.v4.app.FragmentManagerImpl,dispatchPrepareOptionsMenu,java.util.ArrayList,size,other,
GeneralJava,VirtualDispatch4,MAMADROID,android.support.v4.app.FragmentManagerImpl,dispatchReallyStop,android.support.v4.app.FragmentManagerImpl,moveToState,other,
GeneralJava,VirtualDispatch4,MAMADROID,android.support.v4.app.FragmentManagerImpl,dispatchResume,android.support.v4.app.FragmentManagerImpl,moveToState,other,
GeneralJava,VirtualDispatch4,MAMADROID,android.support.v4.app.FragmentManagerImpl,dispatchStart,android.support.v4.app.FragmentManagerImpl,moveToState,other,
GeneralJava,VirtualDispatch4,MAMADROID,android.support.v4.app.FragmentManagerImpl,dispatchStop,android.support.v4.app.FragmentManagerImpl,moveToState,other,
GeneralJava,VirtualDispatch4,MAMADROID,android.support.v4.app.FragmentManagerImpl,enqueueAction,android.os.Handler,post,other,
GeneralJava,VirtualDispatch4,MAMADROID,android.support.v4.app.FragmentManagerImpl,enqueueAction,android.os.Handler,removeCallbacks,other,
GeneralJava,VirtualDispatch4,MAMADROID,android.support.v4.app.FragmentManagerImpl,enqueueAction,android.support.v4.app.FragmentManagerImpl,checkStateLoss,other,
GeneralJava,VirtualDispatch4,MAMADROID,android.support.v4.app.FragmentManagerImpl,enqueueAction,java.util.ArrayList,<init>,other,
GeneralJava,VirtualDispatch4,MAMADROID,android.support.v4.app.FragmentManagerImpl,enqueueAction,java.util.ArrayList,add,other,
GeneralJava,VirtualDispatch4,MAMADROID,android.support.v4.app.FragmentManagerImpl,enqueueAction,java.util.ArrayList,size,other,
GeneralJava,VirtualDispatch4,MAMADROID,android.support.v4.app.FragmentManagerImpl,execPendingActions,android.os.Handler,getLooper,other,
GeneralJava,VirtualDispatch4,MAMADROID,android.support.v4.app.FragmentManagerImpl,execPendingActions,android.os.Handler,removeCallbacks,other,
GeneralJava,VirtualDispatch4,MAMADROID,android.support.v4.app.FragmentManagerImpl,execPendingActions,android.os.Looper,myLooper,other,
GeneralJava,VirtualDispatch4,MAMADROID,android.support.v4.app.FragmentManagerImpl,execPendingActions,java.lang.Runnable,run,other,
GeneralJava,VirtualDispatch4,MAMADROID,android.support.v4.app.FragmentManagerImpl,execPendingActions,java.util.ArrayList,clear,other,
GeneralJava,VirtualDispatch4,MAMADROID,android.support.v4.app.FragmentManagerImpl,execPendingActions,java.util.ArrayList,size,other,
GeneralJava,VirtualDispatch4,MAMADROID,android.support.v4.app.FragmentManagerImpl,execPendingActions,java.util.ArrayList,toArray,other,
GeneralJava,VirtualDispatch4,MAMADROID,android.support.v4.app.FragmentManagerImpl,executePendingTransactions,android.support.v4.app.FragmentManagerImpl,execPendingActions,other,
GeneralJava,VirtualDispatch4,MAMADROID,android.support.v4.app.FragmentManagerImpl,loadAnimation,android.support.v4.app.Fragment,onCreateAnimation,callback,callback|entrypoint
GeneralJava,VirtualDispatch4,MAMADROID,android.support.v4.app.FragmentManagerImpl,makeActive,android.support.v4.app.Fragment,setIndex,other,
GeneralJava,VirtualDispatch4,MAMADROID,android.support.v4.app.FragmentManagerImpl,makeActive,java.util.ArrayList,<init>,other,
GeneralJava,VirtualDispatch4,MAMADROID,android.support.v4.app.FragmentManagerImpl,makeActive,java.util.ArrayList,add,other,
GeneralJava,VirtualDispatch4,MAMADROID,android.support.v4.app.FragmentManagerImpl,makeActive,java.util.ArrayList,size,other,
GeneralJava,VirtualDispatch4,MAMADROID,android.support.v4.app.FragmentManagerImpl,makeInactive,android.support.v4.app.Fragment,initState,other,
GeneralJava,VirtualDispatch4,MAMADROID,android.support.v4.app.FragmentManagerImpl,makeInactive,android.support.v4.app.FragmentActivity,invalidateSupportFragment,other,
GeneralJava,VirtualDispatch4,MAMADROID,android.support.v4.app.FragmentManagerImpl,makeInactive,java.lang.Integer,valueOf,other,
GeneralJava,VirtualDispatch4,MAMADROID,android.support.v4.app.FragmentManagerImpl,makeInactive,java.util.ArrayList,<init>,other,
GeneralJava,VirtualDispatch4,MAMADROID,android.support.v4.app.FragmentManagerImpl,makeInactive,java.util.ArrayList,add,other,
GeneralJava,VirtualDispatch4,MAMADROID,android.support.v4.app.FragmentManagerImpl,makeInactive,java.util.ArrayList,set,other,
GeneralJava,VirtualDispatch4,MAMADROID,android.support.v4.app.FragmentManagerImpl,moveToState,android.app.Activity,isFinishing,component,component
GeneralJava,VirtualDispatch4,MAMADROID,android.support.v4.app.FragmentManagerImpl,moveToState,android.support.v4.app.Fragment,getLayoutInflater,other,
GeneralJava,VirtualDispatch4,MAMADROID,android.support.v4.app.FragmentManagerImpl,moveToState,android.support.v4.app.Fragment,onAttach,callback,callback|entrypoint
GeneralJava,VirtualDispatch4,MAMADROID,android.support.v4.app.FragmentManagerImpl,moveToState,android.support.v4.app.Fragment,onDetach,callback,callback|entrypoint
GeneralJava,VirtualDispatch4,MAMADROID,android.support.v4.app.FragmentManagerImpl,moveToState,android.support.v4.app.Fragment,onViewCreated,callback,callback|entrypoint
GeneralJava,VirtualDispatch4,MAMADROID,android.support.v4.app.FragmentManagerImpl,moveToState,android.support.v4.app.Fragment,performActivityCreated,other,
GeneralJava,VirtualDispatch4,MAMADROID,android.support.v4.app.FragmentManagerImpl,moveToState,android.support.v4.app.Fragment,performCreate,other,
GeneralJava,VirtualDispatch4,MAMADROID,android.support.v4.app.FragmentManagerImpl,moveToState,android.support.v4.app.Fragment,performCreateView,other,
GeneralJava,VirtualDispatch4,MAMADROID,android.support.v4.app.FragmentManagerImpl,moveToState,android.support.v4.app.Fragment,performDestroy,other,
GeneralJava,VirtualDispatch4,MAMADROID,android.support.v4.app.FragmentManagerImpl,moveToState,android.support.v4.app.Fragment,performDestroyView,other,
GeneralJava,VirtualDispatch4,MAMADROID,android.support.v4.app.FragmentManagerImpl,moveToState,android.support.v4.app.Fragment,performPause,other,
GeneralJava,VirtualDispatch4,MAMADROID,android.support.v4.app.FragmentManagerImpl,moveToState,android.support.v4.app.Fragment,performReallyStop,other,
GeneralJava,VirtualDispatch4,MAMADROID,android.support.v4.app.FragmentManagerImpl,moveToState,android.support.v4.app.Fragment,performResume,other,
GeneralJava,VirtualDispatch4,MAMADROID,android.support.v4.app.FragmentManagerImpl,moveToState,android.support.v4.app.Fragment,performStart,other,
GeneralJava,VirtualDispatch4,MAMADROID,android.support.v4.app.FragmentManagerImpl,moveToState,android.support.v4.app.Fragment,performStop,other,
GeneralJava,VirtualDispatch4,MAMADROID,android.support.v4.app.FragmentManagerImpl,moveToState,android.support.v4.app.Fragment,restoreViewState,other,
GeneralJava,VirtualDispatch4,MAMADROID,android.support.v4.app.FragmentManagerImpl,moveToState,android.support.v4.app.FragmentActivity,onAttachFragment,callback,callback|entrypoint
GeneralJava,VirtualDispatch4,MAMADROID,android.support.v4.app.FragmentManagerImpl,moveToState,android.support.v4.app.FragmentContainer,findViewById,other,
GeneralJava,VirtualDispatch4,MAMADROID,android.support.v4.app.FragmentManagerImpl,moveToState,android.support.v4.app.FragmentManagerImpl,loadAnimation,other,
GeneralJava,VirtualDispatch4,MAMADROID,android.support.v4.app.FragmentManagerImpl,moveToState,android.support.v4.app.FragmentManagerImpl,makeInactive,other,
GeneralJava,VirtualDispatch4,MAMADROID,android.support.v4.app.FragmentManagerImpl,moveToState,android.support.v4.app.FragmentManagerImpl,moveToState,other,
GeneralJava,VirtualDispatch4,MAMADROID,android.support.v4.app.FragmentManagerImpl,moveToState,android.support.v4.app.FragmentManagerImpl,startPendingDeferredFragments,other,
GeneralJava,VirtualDispatch4,MAMADROID,android.support.v4.app.FragmentManagerImpl,moveToState,android.support.v4.app.NoSaveStateFrameLayout,wrap,other,
GeneralJava,VirtualDispatch4,MAMADROID,android.support.v4.app.FragmentManagerImpl,moveToState,android.view.ViewGroup,addView,other,
GeneralJava,VirtualDispatch4,MAMADROID,android.support.v4.app.FragmentManagerImpl,moveToState,android.view.ViewGroup,removeView,other,
GeneralJava,VirtualDispatch4,MAMADROID,android.support.v4.app.FragmentManagerImpl,moveToState,java.util.ArrayList,get,other,
GeneralJava,VirtualDispatch4,MAMADROID,android.support.v4.app.FragmentManagerImpl,moveToState,java.util.ArrayList,size,other,
GeneralJava,VirtualDispatch4,MAMADROID,android.support.v4.app.FragmentManagerImpl,popBackStackImmediate,android.support.v4.app.FragmentManagerImpl,checkStateLoss,other,
GeneralJava,VirtualDispatch4,MAMADROID,android.support.v4.app.FragmentManagerImpl,popBackStackImmediate,android.support.v4.app.FragmentManagerImpl,executePendingTransactions,other,
GeneralJava,VirtualDispatch4,MAMADROID,android.support.v4.app.FragmentManagerImpl,popBackStackImmediate,android.support.v4.app.FragmentManagerImpl,popBackStackState,other,
GeneralJava,VirtualDispatch4,MAMADROID,android.support.v4.app.FragmentManagerImpl,saveAllState,android.support.v4.app.FragmentManagerImpl,execPendingActions,other,
GeneralJava,VirtualDispatch4,MAMADROID,android.support.v4.app.FragmentManagerImpl,saveAllState,android.support.v4.app.FragmentManagerImpl,saveFragmentBasicState,other,
GeneralJava,VirtualDispatch4,MAMADROID,android.support.v4.app.FragmentManagerImpl,saveAllState,android.support.v4.app.FragmentManagerState,<init>,other,
GeneralJava,VirtualDispatch4,MAMADROID,android.support.v4.app.FragmentManagerImpl,saveAllState,java.util.ArrayList,get,other,
GeneralJava,VirtualDispatch4,MAMADROID,android.support.v4.app.FragmentManagerImpl,saveAllState,java.util.ArrayList,size,other,
GeneralJava,VirtualDispatch4,MAMADROID,android.support.v4.app.FragmentManagerImpl,saveFragmentBasicState,android.os.BaseBundle,isEmpty,other,
GeneralJava,VirtualDispatch4,MAMADROID,android.support.v4.app.FragmentManagerImpl,saveFragmentBasicState,android.os.Bundle,<init>,other,
GeneralJava,VirtualDispatch4,MAMADROID,android.support.v4.app.FragmentManagerImpl,saveFragmentBasicState,android.support.v4.app.Fragment,performSaveInstanceState,other,
GeneralJava,VirtualDispatch4,MAMADROID,android.support.v4.app.FragmentManagerImpl,saveFragmentBasicState,android.support.v4.app.FragmentManagerImpl,saveFragmentViewState,other,
GeneralJava,VirtualDispatch4,MAMADROID,android.support.v4.app.FragmentManagerImpl,saveFragmentViewState,android.util.SparseArray,<init>,other,
GeneralJava,VirtualDispatch4,MAMADROID,android.support.v4.app.FragmentManagerImpl,saveFragmentViewState,android.util.SparseArray,clear,other,
GeneralJava,VirtualDispatch4,MAMADROID,android.support.v4.app.FragmentManagerImpl,saveFragmentViewState,android.util.SparseArray,size,other,
GeneralJava,VirtualDispatch4,MAMADROID,android.support.v4.app.FragmentManagerImpl,saveFragmentViewState,android.view.View,saveHierarchyState,other,
GeneralJava,VirtualDispatch4,MAMADROID,android.support.v4.app.FragmentManagerImpl,startPendingDeferredFragments,android.support.v4.app.FragmentManagerImpl,performPendingDeferredStart,other,
GeneralJava,VirtualDispatch4,MAMADROID,android.support.v4.app.FragmentManagerImpl,startPendingDeferredFragments,java.util.ArrayList,get,other,
GeneralJava,VirtualDispatch4,MAMADROID,android.support.v4.app.FragmentManagerImpl,startPendingDeferredFragments,java.util.ArrayList,size,other,
GeneralJava,VirtualDispatch4,MAMADROID,android.support.v4.app.FragmentManagerState,writeToParcel,android.os.Parcel,writeIntArray,other,
GeneralJava,VirtualDispatch4,MAMADROID,android.support.v4.app.FragmentManagerState,writeToParcel,android.os.Parcel,writeTypedArray,other,
GeneralJava,VirtualDispatch4,MAMADROID,android.support.v4.app.FragmentState,<init>,java.lang.Class,getName,reflection,reflection
GeneralJava,VirtualDispatch4,MAMADROID,android.support.v4.app.FragmentState,<init>,java.lang.Object,getClass,other,
GeneralJava,VirtualDispatch4,MAMADROID,android.support.v4.app.FragmentState,writeToParcel,android.os.Parcel,writeBundle,other,
GeneralJava,VirtualDispatch4,MAMADROID,android.support.v4.app.FragmentState,writeToParcel,android.os.Parcel,writeInt,other,
GeneralJava,VirtualDispatch4,MAMADROID,android.support.v4.app.FragmentState,writeToParcel,android.os.Parcel,writeString,other,
GeneralJava,VirtualDispatch4,MAMADROID,android.support.v4.app.NavUtils,getParentActivityName,android.app.Activity,getComponentName,component,component
GeneralJava,VirtualDispatch4,MAMADROID,android.support.v4.app.NavUtils,getParentActivityName,android.content.Context,getPackageManager,ipc,ipc
GeneralJava,VirtualDispatch4,MAMADROID,android.support.v4.app.NavUtils,getParentActivityName,android.content.pm.PackageManager,getActivityInfo,other,
GeneralJava,VirtualDispatch4,MAMADROID,android.support.v4.app.NavUtils$NavUtilsImplJB,getParentActivityName,android.support.v4.app.NavUtils$NavUtilsImplBase,getParentActivityName,other,
GeneralJava,VirtualDispatch4,MAMADROID,android.support.v4.app.NoSaveStateFrameLayout,dispatchSaveInstanceState,android.view.ViewGroup,dispatchFreezeSelfOnly,other,
GeneralJava,VirtualDispatch4,MAMADROID,android.support.v4.app.NoSaveStateFrameLayout,wrap,android.support.v4.app.NoSaveStateFrameLayout,<init>,other,
GeneralJava,VirtualDispatch4,MAMADROID,android.support.v4.app.NoSaveStateFrameLayout,wrap,android.view.View,getContext,other,
GeneralJava,VirtualDispatch4,MAMADROID,android.support.v4.app.NoSaveStateFrameLayout,wrap,android.view.View,getLayoutParams,other,
GeneralJava,VirtualDispatch4,MAMADROID,android.support.v4.app.NoSaveStateFrameLayout,wrap,android.view.View,setLayoutParams,other,
GeneralJava,VirtualDispatch4,MAMADROID,android.support.v4.app.NoSaveStateFrameLayout,wrap,android.view.ViewGroup,addView,other,
GeneralJava,VirtualDispatch4,MAMADROID,android.support.v4.util.SimpleArrayMap,get,android.support.v4.util.SimpleArrayMap,indexOf,other,
GeneralJava,VirtualDispatch4,MAMADROID,android.support.v4.util.SimpleArrayMap,get,java.lang.Object,hashCode,other,
GeneralJava,VirtualDispatch4,MAMADROID,android.support.v4.view.MenuItemCompat,setShowAsAction,android.support.v4.internal.view.SupportMenuItem,setShowAsAction,other,
GeneralJava,VirtualDispatch4,MAMADROID,android.support.v7.app.ActionBarActivity,getMenuInflater,android.support.v7.app.ActionBarActivityDelegate,getMenuInflater,other,
GeneralJava,VirtualDispatch4,MAMADROID,android.support.v7.app.ActionBarActivity,onBackPressed,android.support.v4.app.FragmentActivity,onBackPressed,callback,callback|entrypoint
GeneralJava,VirtualDispatch4,MAMADROID,android.support.v7.app.ActionBarActivity,onContentChanged,android.support.v7.app.ActionBarActivityDelegate,onContentChanged,callback,callback
GeneralJava,VirtualDispatch4,MAMADROID,android.support.v7.app.ActionBarActivity,onCreate,android.support.v7.app.ActionBarActivityDelegate,createDelegate,other,
GeneralJava,VirtualDispatch4,MAMADROID,android.support.v7.app.ActionBarActivity,onCreatePanelView,android.support.v7.app.ActionBarActivityDelegate,onCreatePanelView,callback,callback
GeneralJava,VirtualDispatch4,MAMADROID,android.support.v7.app.ActionBarActivity,onPrepareOptionsPanel,android.support.v7.app.ActionBarActivityDelegate,onPrepareOptionsPanel,callback,callback
GeneralJava,VirtualDispatch4,MAMADROID,android.support.v7.app.ActionBarActivity,onPreparePanel,android.support.v7.app.ActionBarActivityDelegate,onPreparePanel,callback,callback
GeneralJava,VirtualDispatch4,MAMADROID,android.support.v7.app.ActionBarActivity,onTitleChanged,android.app.Activity,onTitleChanged,callback,callback|component|entrypoint
GeneralJava,VirtualDispatch4,MAMADROID,android.support.v7.app.ActionBarActivity,setContentView,android.support.v7.app.ActionBarActivityDelegate,setContentView,other,
GeneralJava,VirtualDispatch4,MAMADROID,android.support.v7.app.ActionBarActivity,superOnCreatePanelMenu,android.support.v4.app.FragmentActivity,onCreatePanelMenu,callback,callback|entrypoint
GeneralJava,VirtualDispatch4,MAMADROID,android.support.v7.app.ActionBarActivity,superOnMenuItemSelected,android.support.v4.app.FragmentActivity,onMenuItemSelected,callback,callback|entrypoint
GeneralJava,VirtualDispatch4,MAMADROID,android.support.v7.app.ActionBarActivity,superOnPrepareOptionsPanel,android.support.v4.app.FragmentActivity,onPrepareOptionsPanel,callback,callback|entrypoint
GeneralJava,VirtualDispatch4,MAMADROID,android.support.v7.app.ActionBarActivity,superOnPreparePanel,android.support.v4.app.FragmentActivity,onPreparePanel,callback,callback|entrypoint
GeneralJava,VirtualDispatch4,MAMADROID,android.support.v7.app.ActionBarActivity,superSetContentView,android.app.Activity,setContentView,component,component
GeneralJava,VirtualDispatch4,MAMADROID,android.support.v7.app.ActionBarActivityDelegate,createDelegate,android.support.v7.app.ActionBarActivityDelegateJBMR2,<init>,other,
GeneralJava,VirtualDispatch4,MAMADROID,android.support.v7.app.ActionBarActivityDelegate,getActionBarThemedContext,android.support.v7.app.ActionBar,getThemedContext,other,
GeneralJava,VirtualDispatch4,MAMADROID,android.support.v7.app.ActionBarActivityDelegate,getActionBarThemedContext,android.support.v7.app.ActionBarActivityDelegate,getSupportActionBar,other,
GeneralJava,VirtualDispatch4,MAMADROID,android.support.v7.app.ActionBarActivityDelegate,getMenuInflater,android.support.v7.app.ActionBarActivityDelegate,getActionBarThemedContext,other,
GeneralJava,VirtualDispatch4,MAMADROID,android.support.v7.app.ActionBarActivityDelegate,getMenuInflater,android.support.v7.internal.view.SupportMenuInflater,<init>,other,
GeneralJava,VirtualDispatch4,MAMADROID,android.support.v7.app.ActionBarActivityDelegate,getSupportActionBar,android.support.v7.app.ActionBarActivityDelegate,createSupportActionBar,other,
GeneralJava,VirtualDispatch4,MAMADROID,android.support.v7.app.ActionBarActivityDelegate,getUiOptionsFromMetadata,android.app.Activity,getComponentName,component,component
GeneralJava,VirtualDispatch4,MAMADROID,android.support.v7.app.ActionBarActivityDelegate,getUiOptionsFromMetadata,android.content.ContextWrapper,getPackageManager,ipc,ipc
GeneralJava,VirtualDispatch4,MAMADROID,android.support.v7.app.ActionBarActivityDelegate,getUiOptionsFromMetadata,android.content.pm.PackageManager,getActivityInfo,other,
GeneralJava,VirtualDispatch4,MAMADROID,android.support.v7.app.ActionBarActivityDelegate,onCreate,android.content.Context,obtainStyledAttributes,ipc,ipc
GeneralJava,VirtualDispatch4,MAMADROID,android.support.v7.app.ActionBarActivityDelegate,onCreate,android.content.res.TypedArray,getBoolean,other,
GeneralJava,VirtualDispatch4,MAMADROID,android.support.v7.app.ActionBarActivityDelegate,onCreate,android.content.res.TypedArray,hasValue,other,
GeneralJava,VirtualDispatch4,MAMADROID,android.support.v7.app.ActionBarActivityDelegate,onCreate,android.content.res.TypedArray,recycle,other,
GeneralJava,VirtualDispatch4,MAMADROID,android.support.v7.app.ActionBarActivityDelegate,onCreate,android.support.v4.app.NavUtils,getParentActivityName,other,
GeneralJava,VirtualDispatch4,MAMADROID,android.support.v7.app.ActionBarActivityDelegate,onPrepareOptionsPanel,android.support.v7.app.ActionBarActivity,superOnPrepareOptionsPanel,other,
GeneralJava,VirtualDispatch4,MAMADROID,android.support.v7.app.ActionBarActivityDelegateICS,createWindowCallbackWrapper,android.support.v7.app.ActionBarActivityDelegateICS$WindowCallbackWrapper,<init>,other,
GeneralJava,VirtualDispatch4,MAMADROID,android.support.v7.app.ActionBarActivityDelegateICS,onContentChanged,android.support.v7.app.ActionBarActivity,onSupportContentChanged,callback,callback|entrypoint
GeneralJava,VirtualDispatch4,MAMADROID,android.support.v7.app.ActionBarActivityDelegateICS,onCreate,android.app.Activity,getWindow,component,component
GeneralJava,VirtualDispatch4,MAMADROID,android.support.v7.app.ActionBarActivityDelegateICS,onCreate,android.app.Activity,requestWindowFeature,component,component
GeneralJava,VirtualDispatch4,MAMADROID,android.support.v7.app.ActionBarActivityDelegateICS,onCreate,android.support.v7.app.ActionBarActivityDelegate,getUiOptionsFromMetadata,other,
GeneralJava,VirtualDispatch4,MAMADROID,android.support.v7.app.ActionBarActivityDelegateICS,onCreate,android.support.v7.app.ActionBarActivityDelegateICS,createWindowCallbackWrapper,other,
GeneralJava,VirtualDispatch4,MAMADROID,android.support.v7.app.ActionBarActivityDelegateICS,onCreate,android.view.Window,getCallback,other,
GeneralJava,VirtualDispatch4,MAMADROID,android.support.v7.app.ActionBarActivityDelegateICS,onCreate,android.view.Window,setCallback,other,
GeneralJava,VirtualDispatch4,MAMADROID,android.support.v7.app.ActionBarActivityDelegateICS,onCreate,java.lang.String,equals,other,
GeneralJava,VirtualDispatch4,MAMADROID,android.support.v7.app.ActionBarActivityDelegateICS,onCreatePanelMenu,android.support.v7.app.ActionBarActivity,superOnCreatePanelMenu,other,
GeneralJava,VirtualDispatch4,MAMADROID,android.support.v7.app.ActionBarActivityDelegateICS,onCreatePanelMenu,android.support.v7.internal.view.menu.MenuWrapperFactory,createMenuWrapper,other,
GeneralJava,VirtualDispatch4,MAMADROID,android.support.v7.app.ActionBarActivityDelegateICS,onMenuItemSelected,android.support.v7.app.ActionBarActivity,superOnMenuItemSelected,other,
GeneralJava,VirtualDispatch4,MAMADROID,android.support.v7.app.ActionBarActivityDelegateICS,onMenuItemSelected,android.support.v7.internal.view.menu.MenuWrapperFactory,createMenuItemWrapper,other,
GeneralJava,VirtualDispatch4,MAMADROID,android.support.v7.app.ActionBarActivityDelegateICS,onPreparePanel,android.support.v7.app.ActionBarActivity,superOnPreparePanel,other,
GeneralJava,VirtualDispatch4,MAMADROID,android.support.v7.app.ActionBarActivityDelegateICS,setContentView,android.support.v7.app.ActionBarActivity,superSetContentView,other,
GeneralJava,VirtualDispatch4,MAMADROID,android.support.v7.app.ActionBarActivityDelegateICS$WindowCallbackWrapper,dispatchKeyEvent,android.view.Window$Callback,dispatchKeyEvent,other,
GeneralJava,VirtualDispatch4,MAMADROID,android.support.v7.app.ActionBarActivityDelegateICS$WindowCallbackWrapper,dispatchTouchEvent,android.view.Window$Callback,dispatchTouchEvent,other,
GeneralJava,VirtualDispatch4,MAMADROID,android.support.v7.app.ActionBarActivityDelegateICS$WindowCallbackWrapper,dispatchTrackballEvent,android.view.Window$Callback,dispatchTrackballEvent,other,
GeneralJava,VirtualDispatch4,MAMADROID,android.support.v7.app.ActionBarActivityDelegateICS$WindowCallbackWrapper,onAttachedToWindow,android.view.Window$Callback,onAttachedToWindow,callback,callback
GeneralJava,VirtualDispatch4,MAMADROID,android.support.v7.app.ActionBarActivityDelegateICS$WindowCallbackWrapper,onDetachedFromWindow,android.view.Window$Callback,onDetachedFromWindow,callback,callback
GeneralJava,VirtualDispatch4,MAMADROID,android.support.v7.app.ActionBarActivityDelegateICS$WindowCallbackWrapper,onMenuOpened,android.view.Window$Callback,onMenuOpened,callback,callback
GeneralJava,VirtualDispatch4,MAMADROID,android.support.v7.app.ActionBarActivityDelegateICS$WindowCallbackWrapper,onWindowAttributesChanged,android.view.Window$Callback,onWindowAttributesChanged,callback,callback
GeneralJava,VirtualDispatch4,MAMADROID,android.support.v7.app.ActionBarActivityDelegateICS$WindowCallbackWrapper,onWindowFocusChanged,android.view.Window$Callback,onWindowFocusChanged,callback,callback
GeneralJava,VirtualDispatch4,MAMADROID,android.support.v7.app.ActionBarActivityDelegateJBMR2,createSupportActionBar,android.support.v7.app.ActionBarImplJBMR2,<init>,other,
GeneralJava,VirtualDispatch4,MAMADROID,android.support.v7.app.ActionBarImplICS,<init>,android.app.Activity,getActionBar,component,component
GeneralJava,VirtualDispatch4,MAMADROID,android.support.v7.app.ActionBarImplICS,getThemedContext,android.app.ActionBar,getThemedContext,other,
GeneralJava,VirtualDispatch4,MAMADROID,android.support.v7.internal.view.SupportMenuInflater,inflate,android.content.Context,getResources,ipc,ipc
GeneralJava,VirtualDispatch4,MAMADROID,android.support.v7.internal.view.SupportMenuInflater,inflate,android.content.res.Resources,getLayout,other,
GeneralJava,VirtualDispatch4,MAMADROID,android.support.v7.internal.view.SupportMenuInflater,inflate,android.content.res.XmlResourceParser,close,other,
GeneralJava,VirtualDispatch4,MAMADROID,android.support.v7.internal.view.SupportMenuInflater,inflate,android.support.v7.internal.view.SupportMenuInflater,parseMenu,other,
GeneralJava,VirtualDispatch4,MAMADROID,android.support.v7.internal.view.SupportMenuInflater,inflate,android.util.Xml,asAttributeSet,other,
GeneralJava,VirtualDispatch4,MAMADROID,android.support.v7.internal.view.SupportMenuInflater,parseMenu,android.support.v7.internal.view.SupportMenuInflater$MenuState,<init>,other,
GeneralJava,VirtualDispatch4,MAMADROID,android.support.v7.internal.view.SupportMenuInflater,parseMenu,android.support.v7.internal.view.SupportMenuInflater$MenuState,access$000,other,
GeneralJava,VirtualDispatch4,MAMADROID,android.support.v7.internal.view.SupportMenuInflater,parseMenu,android.support.v7.internal.view.SupportMenuInflater$MenuState,addItem,other,
GeneralJava,VirtualDispatch4,MAMADROID,android.support.v7.internal.view.SupportMenuInflater,parseMenu,android.support.v7.internal.view.SupportMenuInflater$MenuState,hasAddedItem,other,
GeneralJava,VirtualDispatch4,MAMADROID,android.support.v7.internal.view.SupportMenuInflater,parseMenu,android.support.v7.internal.view.SupportMenuInflater$MenuState,readItem,other,
GeneralJava,VirtualDispatch4,MAMADROID,android.support.v7.internal.view.SupportMenuInflater,parseMenu,java.lang.String,equals,other,
GeneralJava,VirtualDispatch4,MAMADROID,android.support.v7.internal.view.SupportMenuInflater,parseMenu,org.xmlpull.v1.XmlPullParser,getEventType,other,
GeneralJava,VirtualDispatch4,MAMADROID,android.support.v7.internal.view.SupportMenuInflater,parseMenu,org.xmlpull.v1.XmlPullParser,getName,other,
GeneralJava,VirtualDispatch4,MAMADROID,android.support.v7.internal.view.SupportMenuInflater,parseMenu,org.xmlpull.v1.XmlPullParser,next,other,
GeneralJava,VirtualDispatch4,MAMADROID,android.support.v7.internal.view.SupportMenuInflater$MenuState,<init>,android.support.v7.internal.view.SupportMenuInflater$MenuState,resetGroup,other,
GeneralJava,VirtualDispatch4,MAMADROID,android.support.v7.internal.view.SupportMenuInflater$MenuState,addItem,android.support.v7.internal.view.SupportMenuInflater$MenuState,setItem,other,
GeneralJava,VirtualDispatch4,MAMADROID,android.support.v7.internal.view.SupportMenuInflater$MenuState,addItem,android.view.Menu,add,other,
GeneralJava,VirtualDispatch4,MAMADROID,android.support.v7.internal.view.SupportMenuInflater$MenuState,readItem,android.content.Context,obtainStyledAttributes,ipc,ipc
GeneralJava,VirtualDispatch4,MAMADROID,android.support.v7.internal.view.SupportMenuInflater$MenuState,readItem,android.content.res.TypedArray,getBoolean,other,
GeneralJava,VirtualDispatch4,MAMADROID,android.support.v7.internal.view.SupportMenuInflater$MenuState,readItem,android.content.res.TypedArray,getInt,other,
GeneralJava,VirtualDispatch4,MAMADROID,android.support.v7.internal.view.SupportMenuInflater$MenuState,readItem,android.content.res.TypedArray,getResourceId,other,
GeneralJava,VirtualDispatch4,MAMADROID,android.support.v7.internal.view.SupportMenuInflater$MenuState,readItem,android.content.res.TypedArray,getString,other,
GeneralJava,VirtualDispatch4,MAMADROID,android.support.v7.internal.view.SupportMenuInflater$MenuState,readItem,android.content.res.TypedArray,getText,other,
GeneralJava,VirtualDispatch4,MAMADROID,android.support.v7.internal.view.SupportMenuInflater$MenuState,readItem,android.content.res.TypedArray,hasValue,other,
GeneralJava,VirtualDispatch4,MAMADROID,android.support.v7.internal.view.SupportMenuInflater$MenuState,readItem,android.content.res.TypedArray,recycle,other,
GeneralJava,VirtualDispatch4,MAMADROID,android.support.v7.internal.view.SupportMenuInflater$MenuState,readItem,android.support.v7.internal.view.SupportMenuInflater,access$100,other,
GeneralJava,VirtualDispatch4,MAMADROID,android.support.v7.internal.view.SupportMenuInflater$MenuState,readItem,android.support.v7.internal.view.SupportMenuInflater$MenuState,getShortcut,other,
GeneralJava,VirtualDispatch4,MAMADROID,android.support.v7.internal.view.SupportMenuInflater$MenuState,setItem,android.support.v4.view.MenuItemCompat,setShowAsAction,other,
GeneralJava,VirtualDispatch4,MAMADROID,android.support.v7.internal.view.SupportMenuInflater$MenuState,setItem,android.view.MenuItem,setAlphabeticShortcut,other,
GeneralJava,VirtualDispatch4,MAMADROID,android.support.v7.internal.view.SupportMenuInflater$MenuState,setItem,android.view.MenuItem,setCheckable,other,
GeneralJava,VirtualDispatch4,MAMADROID,android.support.v7.internal.view.SupportMenuInflater$MenuState,setItem,android.view.MenuItem,setChecked,other,
GeneralJava,VirtualDispatch4,MAMADROID,android.support.v7.internal.view.SupportMenuInflater$MenuState,setItem,android.view.MenuItem,setEnabled,other,
GeneralJava,VirtualDispatch4,MAMADROID,android.support.v7.internal.view.SupportMenuInflater$MenuState,setItem,android.view.MenuItem,setIcon,other,
GeneralJava,VirtualDispatch4,MAMADROID,android.support.v7.internal.view.SupportMenuInflater$MenuState,setItem,android.view.MenuItem,setNumericShortcut,other,
GeneralJava,VirtualDispatch4,MAMADROID,android.support.v7.internal.view.SupportMenuInflater$MenuState,setItem,android.view.MenuItem,setTitleCondensed,other,
GeneralJava,VirtualDispatch4,MAMADROID,android.support.v7.internal.view.SupportMenuInflater$MenuState,setItem,android.view.MenuItem,setVisible,other,
GeneralJava,VirtualDispatch4,MAMADROID,android.support.v7.internal.view.menu.BaseMenuWrapper,getMenuItemWrapper,android.support.v7.internal.view.menu.MenuWrapperFactory,createSupportMenuItemWrapper,other,
GeneralJava,VirtualDispatch4,MAMADROID,android.support.v7.internal.view.menu.BaseMenuWrapper,getMenuItemWrapper,java.util.HashMap,<init>,other,
GeneralJava,VirtualDispatch4,MAMADROID,android.support.v7.internal.view.menu.BaseMenuWrapper,getMenuItemWrapper,java.util.HashMap,get,other,
GeneralJava,VirtualDispatch4,MAMADROID,android.support.v7.internal.view.menu.BaseMenuWrapper,getMenuItemWrapper,java.util.HashMap,put,other,
GeneralJava,VirtualDispatch4,MAMADROID,android.support.v7.internal.view.menu.MenuItemWrapperICS,<init>,android.view.MenuItem,isVisible,other,
GeneralJava,VirtualDispatch4,MAMADROID,android.support.v7.internal.view.menu.MenuItemWrapperICS,getItemId,android.view.MenuItem,getItemId,other,
GeneralJava,VirtualDispatch4,MAMADROID,android.support.v7.internal.view.menu.MenuItemWrapperICS,getTitleCondensed,android.view.MenuItem,getTitleCondensed,other,
GeneralJava,VirtualDispatch4,MAMADROID,android.support.v7.internal.view.menu.MenuItemWrapperICS,setChecked,android.view.MenuItem,setChecked,other,
GeneralJava,VirtualDispatch4,MAMADROID,android.support.v7.internal.view.menu.MenuItemWrapperICS,setVisible,android.support.v7.internal.view.menu.MenuItemWrapperICS,wrappedSetVisible,other,
GeneralJava,VirtualDispatch4,MAMADROID,android.support.v7.internal.view.menu.MenuItemWrapperICS,wrappedSetVisible,android.view.MenuItem,setVisible,other,
GeneralJava,VirtualDispatch4,MAMADROID,android.support.v7.internal.view.menu.MenuWrapperFactory,createMenuItemWrapper,android.support.v7.internal.view.menu.MenuItemWrapperJB,<init>,other,
GeneralJava,VirtualDispatch4,MAMADROID,android.support.v7.internal.view.menu.MenuWrapperFactory,createMenuWrapper,android.support.v7.internal.view.menu.MenuWrapperICS,<init>,other,
GeneralJava,VirtualDispatch4,MAMADROID,android.support.v7.internal.view.menu.MenuWrapperFactory,createSupportMenuItemWrapper,android.support.v7.internal.view.menu.MenuItemWrapperJB,<init>,other,
GeneralJava,VirtualDispatch4,MAMADROID,android.support.v7.internal.view.menu.MenuWrapperICS,add,android.support.v7.internal.view.menu.BaseMenuWrapper,getMenuItemWrapper,other,
GeneralJava,VirtualDispatch4,MAMADROID,android.support.v7.internal.view.menu.MenuWrapperICS,add,android.view.Menu,add,other,
GeneralJava,VirtualDispatch4,MAMADROID,de.ecspride.MainActivity,factoryTest,android.telephony.SmsManager,sendTextMessage,sensitive_api,sensitive_api|telephony
GeneralJava,VirtualDispatch4,MAMADROID,de.ecspride.MainActivity,factoryTest,de.ecspride.MainActivity$MyInterface,getString,other,
GeneralJava,VirtualDispatch4,MAMADROID,de.ecspride.MainActivity,factoryTest,java.io.PrintStream,println,other,
GeneralJava,VirtualDispatch4,MAMADROID,de.ecspride.MainActivity,onCreate,android.support.v4.app.FragmentManager,beginTransaction,other,
GeneralJava,VirtualDispatch4,MAMADROID,de.ecspride.MainActivity,onCreate,android.support.v4.app.FragmentTransaction,add,other,
GeneralJava,VirtualDispatch4,MAMADROID,de.ecspride.MainActivity,onCreate,android.support.v4.app.FragmentTransaction,commit,other,
GeneralJava,VirtualDispatch4,MAMADROID,de.ecspride.MainActivity,onCreateOptionsMenu,android.view.MenuInflater,inflate,other,
GeneralJava,VirtualDispatch4,MAMADROID,de.ecspride.MainActivity,onOptionsItemSelected,android.view.MenuItem,getItemId,other,
GeneralJava,VirtualDispatch4,MAMADROID,de.ecspride.MainActivity$PlaceholderFragment,onCreateView,android.view.LayoutInflater,inflate,other,
GeneralJava,VirtualDispatch4,NATIDROID,android.support.v4.app.FragmentActivity,onCreate,android.view.LayoutInflater,getFactory,other,
GeneralJava,VirtualDispatch4,NATIDROID,android.support.v4.app.FragmentActivity,onCreate,android.view.LayoutInflater,setFactory,other,
GeneralJava,VirtualDispatch4,NATIDROID,android.support.v4.app.NavUtils,getParentActivityName,android.content.pm.PackageManager,getActivityInfo,other,
GeneralJava,VirtualDispatch4,NATIDROID,android.support.v7.app.ActionBarActivityDelegate,getUiOptionsFromMetadata,android.content.pm.PackageManager,getActivityInfo,other,
GeneralJava,VirtualDispatch4,NATIDROID,android.support.v7.app.ActionBarActivityDelegateICS,onCreate,android.view.Window,getCallback,other,
GeneralJava,VirtualDispatch4,NATIDROID,android.support.v7.app.ActionBarActivityDelegateICS,onCreate,android.view.Window,setCallback,other,
GeneralJava,VirtualDispatch4,NATIDROID,android.support.v7.internal.view.SupportMenuInflater,inflate,android.content.res.XmlResourceParser,close,other,
GeneralJava,VirtualDispatch4,NATIDROID,android.support.v7.internal.view.SupportMenuInflater,parseMenu,org.xmlpull.v1.XmlPullParser,getEventType,other,
GeneralJava,VirtualDispatch4,NATIDROID,android.support.v7.internal.view.SupportMenuInflater,parseMenu,org.xmlpull.v1.XmlPullParser,getName,other,
GeneralJava,VirtualDispatch4,NATIDROID,android.support.v7.internal.view.SupportMenuInflater,parseMenu,org.xmlpull.v1.XmlPullParser,next,other,
GeneralJava,VirtualDispatch4,NATIDROID,de.ecspride.MainActivity$PlaceholderFragment,onCreateView,android.view.LayoutInflater,inflate,other,
ImplicitFlows,ImplicitFlow1,FLOWDROID,de.ecspride.ImplicitFlow1,onCreate,android.telephony.TelephonyManager,getDeviceId,sensitive_api,sensitive_api|telephony
ImplicitFlows,ImplicitFlow1,MAMADROID,de.ecspride.ImplicitFlow1,onCreate,android.telephony.TelephonyManager,getDeviceId,sensitive_api,sensitive_api|telephony
ImplicitFlows,ImplicitFlow3,FLOWDROID,de.ecspride.ImplicitFlow3,leakData,android.widget.EditText,getText,other,
ImplicitFlows,ImplicitFlow3,FLOWDROID,de.ecspride.ImplicitFlow3,leakData,java.lang.Object,toString,other,
ImplicitFlows,ImplicitFlow3,FLOWDROID,de.ecspride.ImplicitFlow3,leakData,java.lang.String,equals,other,
ImplicitFlows,ImplicitFlow3,GATOR,de.ecspride.ImplicitFlow3,leakData,java.lang.Object,toString,other,
ImplicitFlows,ImplicitFlow3,MAMADROID,de.ecspride.ImplicitFlow3,leakData,android.widget.EditText,getText,other,
ImplicitFlows,ImplicitFlow3,MAMADROID,de.ecspride.ImplicitFlow3,leakData,java.lang.Object,toString,other,
ImplicitFlows,ImplicitFlow3,MAMADROID,de.ecspride.ImplicitFlow3,leakData,java.lang.String,equals,other,
ImplicitFlows,ImplicitFlow3,NATIDROID,de.ecspride.ImplicitFlow3,leakData,java.lang.Object,toString,other,
ImplicitFlows,ImplicitFlow4,FLOWDROID,de.ecspride.ImplicitFlow4,checkUsernamePassword,android.widget.EditText,getText,other,
ImplicitFlows,ImplicitFlow4,FLOWDROID,de.ecspride.ImplicitFlow4,checkUsernamePassword,java.lang.Object,toString,other,
ImplicitFlows,ImplicitFlow4,FLOWDROID,de.ecspride.ImplicitFlow4,lookup,java.lang.String,equals,other,
ImplicitFlows,ImplicitFlow4,GATOR,de.ecspride.ImplicitFlow4,checkUsernamePassword,java.lang.Object,toString,other,
ImplicitFlows,ImplicitFlow4,MAMADROID,de.ecspride.ImplicitFlow4,checkUsernamePassword,android.widget.EditText,getText,other,
ImplicitFlows,ImplicitFlow4,MAMADROID,de.ecspride.ImplicitFlow4,checkUsernamePassword,java.lang.Object,toString,other,
ImplicitFlows,ImplicitFlow4,MAMADROID,de.ecspride.ImplicitFlow4,lookup,java.lang.String,equals,other,
ImplicitFlows,ImplicitFlow4,NATIDROID,de.ecspride.ImplicitFlow4,checkUsernamePassword,java.lang.Object,toString,other,
InterAppCommunication,SendSMS,FLOWDROID,org.cert.sendsms.Button1Listener,onClick,android.telephony.TelephonyManager,getDeviceId,sensitive_api,sensitive_api|telephony
InterAppCommunication,SendSMS,FLOWDROID,org.cert.sendsms.MainActivity,onCreate,android.view.View,setOnClickListener,other,
InterAppCommunication,SendSMS,FLOWDROID,org.cert.sendsms.MainActivity,onCreateOptionsMenu,android.view.MenuInflater,inflate,other,
InterAppCommunication,SendSMS,MAMADROID,org.cert.sendsms.Button1Listener,onClick,android.telephony.TelephonyManager,getDeviceId,sensitive_api,sensitive_api|telephony
InterAppCommunication,SendSMS,MAMADROID,org.cert.sendsms.MainActivity,onCreate,android.view.View,setOnClickListener,other,
InterAppCommunication,SendSMS,MAMADROID,org.cert.sendsms.MainActivity,onCreateOptionsMenu,android.view.MenuInflater,inflate,other,
InterAppCommunication,StartActivityForResult1,FLOWDROID,org.cert.WriteFile.Button1Listener,getMyLocation,android.location.Location,getLongitude,location,location|sensitive_api
InterAppCommunication,StartActivityForResult1,FLOWDROID,org.cert.WriteFile.Button1Listener,getMyLocation,android.location.LocationManager,getLastKnownLocation,location,location|sensitive_api
InterAppCommunication,StartActivityForResult1,FLOWDROID,org.cert.WriteFile.MainActivity,onCreate,android.view.View,setOnClickListener,other,
InterAppCommunication,StartActivityForResult1,FLOWDROID,org.cert.WriteFile.MainActivity,onCreateOptionsMenu,android.view.MenuInflater,inflate,other,
InterAppCommunication,StartActivityForResult1,MAMADROID,org.cert.WriteFile.Button1Listener,getMyLocation,android.location.Location,getLongitude,location,location|sensitive_api
InterAppCommunication,StartActivityForResult1,MAMADROID,org.cert.WriteFile.Button1Listener,getMyLocation,android.location.LocationManager,getLastKnownLocation,location,location|sensitive_api
InterAppCommunication,StartActivityForResult1,MAMADROID,org.cert.WriteFile.MainActivity,onCreate,android.view.View,setOnClickListener,other,
InterAppCommunication,StartActivityForResult1,MAMADROID,org.cert.WriteFile.MainActivity,onCreateOptionsMenu,android.view.MenuInflater,inflate,other,
InterComponentCommunication,ActivityCommunication1,FLOWDROID,de.ecspride.Activity1,onCreate,android.telephony.SmsManager,sendTextMessage,sensitive_api,sensitive_api|telephony
InterComponentCommunication,ActivityCommunication1,FLOWDROID,de.ecspride.Activity2,onCreate,android.telephony.TelephonyManager,getDeviceId,sensitive_api,sensitive_api|telephony
InterComponentCommunication,ActivityCommunication1,MAMADROID,de.ecspride.Activity1,onCreate,android.telephony.SmsManager,sendTextMessage,sensitive_api,sensitive_api|telephony
InterComponentCommunication,ActivityCommunication1,MAMADROID,de.ecspride.Activity2,onCreate,android.telephony.TelephonyManager,getDeviceId,sensitive_api,sensitive_api|telephony
InterComponentCommunication,ActivityCommunication2,FLOWDROID,edu.mit.icc_action_string_operations.InFlowActivity,onCreate,android.content.Intent,getStringExtra,ipc,ipc
InterComponentCommunication,ActivityCommunication2,FLOWDROID,edu.mit.icc_action_string_operations.OutFlowActivity,onCreate,android.telephony.TelephonyManager,getDeviceId,sensitive_api,sensitive_api|telephony
InterComponentCommunication,ActivityCommunication2,MAMADROID,edu.mit.icc_action_string_operations.InFlowActivity,onCreate,android.content.Intent,getStringExtra,ipc,ipc
InterComponentCommunication,ActivityCommunication2,MAMADROID,edu.mit.icc_action_string_operations.OutFlowActivity,onCreate,android.telephony.TelephonyManager,getDeviceId,sensitive_api,sensitive_api|telephony
InterComponentCommunication,ActivityCommunication3,FLOWDROID,edu.mit.icc_componentname_class_constant.InFlowActivity,onCreate,android.content.Intent,getStringExtra,ipc,ipc
InterComponentCommunication,ActivityCommunication3,FLOWDROID,edu.mit.icc_componentname_class_constant.OutFlowActivity,onCreate,android.telephony.TelephonyManager,getDeviceId,sensitive_api,sensitive_api|telephony
InterComponentCommunication,ActivityCommunication3,MAMADROID,edu.mit.icc_componentname_class_constant.InFlowActivity,onCreate,android.content.Intent,getStringExtra,ipc,ipc
InterComponentCommunication,ActivityCommunication3,MAMADROID,edu.mit.icc_componentname_class_constant.OutFlowActivity,onCreate,android.telephony.TelephonyManager,getDeviceId,sensitive_api,sensitive_api|telephony
InterComponentCommunication,ActivityCommunication4,FLOWDROID,edu.mit.icc_concat_action_string.InFlowActivity,onCreate,android.content.Intent,getStringExtra,ipc,ipc
InterComponentCommunication,ActivityCommunication4,FLOWDROID,edu.mit.icc_concat_action_string.OutFlowActivity,onCreate,android.telephony.TelephonyManager,getDeviceId,sensitive_api,sensitive_api|telephony
InterComponentCommunication,ActivityCommunication4,MAMADROID,edu.mit.icc_concat_action_string.InFlowActivity,onCreate,android.content.Intent,getStringExtra,ipc,ipc
InterComponentCommunication,ActivityCommunication4,MAMADROID,edu.mit.icc_concat_action_string.OutFlowActivity,onCreate,android.telephony.TelephonyManager,getDeviceId,sensitive_api,sensitive_api|telephony
InterComponentCommunication,ActivityCommunication5,FLOWDROID,edu.mit.icc_intent_component_name.InFlowActivity,onCreate,android.content.Intent,getStringExtra,ipc,ipc
InterComponentCommunication,ActivityCommunication5,FLOWDROID,edu.mit.icc_intent_component_name.OutFlowActivity,onCreate,android.telephony.TelephonyManager,getDeviceId,sensitive_api,sensitive_api|telephony
InterComponentCommunication,ActivityCommunication5,MAMADROID,edu.mit.icc_intent_component_name.InFlowActivity,onCreate,android.content.Intent,getStringExtra,ipc,ipc
InterComponentCommunication,ActivityCommunication5,MAMADROID,edu.mit.icc_intent_component_name.OutFlowActivity,onCreate,android.telephony.TelephonyManager,getDeviceId,sensitive_api,sensitive_api|telephony
InterComponentCommunication,ActivityCommunication6,FLOWDROID,edu.mit.icc_intent_passed_through_api.InFlowActivity,onCreate,android.content.Intent,getStringExtra,ipc,ipc
InterComponentCommunication,ActivityCommunication6,FLOWDROID,edu.mit.icc_intent_passed_through_api.OutFlowActivity,onCreate,android.telephony.TelephonyManager,getDeviceId,sensitive_api,sensitive_api|telephony
InterComponentCommunication,ActivityCommunication6,MAMADROID,edu.mit.icc_intent_passed_through_api.InFlowActivity,onCreate,android.content.Intent,getStringExtra,ipc,ipc
InterComponentCommunication,ActivityCommunication6,MAMADROID,edu.mit.icc_intent_passed_through_api.OutFlowActivity,onCreate,android.telephony.TelephonyManager,getDeviceId,sensitive_api,sensitive_api|telephony
InterComponentCommunication,ActivityCommunication7,FLOWDROID,edu.mit.icc_non_constant_class_object.InFlowActivity,onCreate,android.content.Intent,getStringExtra,ipc,ipc
InterComponentCommunication,ActivityCommunication7,FLOWDROID,edu.mit.icc_non_constant_class_object.OutFlowActivity,onCreate,android.telephony.TelephonyManager,getDeviceId,sensitive_api,sensitive_api|telephony
InterComponentCommunication,ActivityCommunication7,MAMADROID,edu.mit.icc_non_constant_class_object.InFlowActivity,onCreate,android.content.Intent,getStringExtra,ipc,ipc
InterComponentCommunication,ActivityCommunication7,MAMADROID,edu.mit.icc_non_constant_class_object.OutFlowActivity,onCreate,android.telephony.TelephonyManager,getDeviceId,sensitive_api,sensitive_api|telephony
InterComponentCommunication,ActivityCommunication8,FLOWDROID,edu.mit.icc_pass_action_string_through_api.InFlowActivity,onCreate,android.content.Intent,getStringExtra,ipc,ipc
InterComponentCommunication,ActivityCommunication8,FLOWDROID,edu.mit.icc_pass_action_string_through_api.OutFlowActivity,onCreate,android.telephony.TelephonyManager,getDeviceId,sensitive_api,sensitive_api|telephony
InterComponentCommunication,ActivityCommunication8,MAMADROID,edu.mit.icc_pass_action_string_through_api.InFlowActivity,onCreate,android.content.Intent,getStringExtra,ipc,ipc
InterComponentCommunication,ActivityCommunication8,MAMADROID,edu.mit.icc_pass_action_string_through_api.OutFlowActivity,onCreate,android.telephony.TelephonyManager,getDeviceId,sensitive_api,sensitive_api|telephony
InterComponentCommunication,ComponentNotInManifest1,FLOWDROID,edu.mit.icc_component_not_in_manifest.OutFlowActivity,onCreate,android.telephony.TelephonyManager,getDeviceId,sensitive_api,sensitive_api|telephony
InterComponentCommunication,ComponentNotInManifest1,MAMADROID,edu.mit.icc_component_not_in_manifest.OutFlowActivity,onCreate,android.telephony.TelephonyManager,getDeviceId,sensitive_api,sensitive_api|telephony
InterComponentCommunication,EventOrdering1,FLOWDROID,edu.mit.icc_event_ordering.InFlowActivity,onCreate,android.content.SharedPreferences,getString,other,
InterComponentCommunication,EventOrdering1,FLOWDROID,edu.mit.icc_event_ordering.InFlowActivity,writePreferences,android.content.SharedPreferences,edit,other,
InterComponentCommunication,EventOrdering1,FLOWDROID,edu.mit.icc_event_ordering.InFlowActivity,writePreferences,android.content.SharedPreferences$Editor,commit,other,
InterComponentCommunication,EventOrdering1,FLOWDROID,edu.mit.icc_event_ordering.InFlowActivity,writePreferences,android.content.SharedPreferences$Editor,putString,other,
InterComponentCommunication,EventOrdering1,FLOWDROID,edu.mit.icc_event_ordering.InFlowActivity,writePreferences,android.telephony.TelephonyManager,getDeviceId,sensitive_api,sensitive_api|telephony
InterComponentCommunication,EventOrdering1,GATOR,edu.mit.icc_event_ordering.InFlowActivity,onCreate,android.content.SharedPreferences,getString,other,
InterComponentCommunication,EventOrdering1,GATOR,edu.mit.icc_event_ordering.InFlowActivity,writePreferences,android.content.SharedPreferences,edit,other,
InterComponentCommunication,EventOrdering1,GATOR,edu.mit.icc_event_ordering.InFlowActivity,writePreferences,android.content.SharedPreferences$Editor,commit,other,
InterComponentCommunication,EventOrdering1,GATOR,edu.mit.icc_event_ordering.InFlowActivity,writePreferences,android.content.SharedPreferences$Editor,putString,other,
InterComponentCommunication,EventOrdering1,MAMADROID,edu.mit.icc_event_ordering.InFlowActivity,onCreate,android.content.SharedPreferences,getString,other,
InterComponentCommunication,EventOrdering1,MAMADROID,edu.mit.icc_event_ordering.InFlowActivity,writePreferences,android.content.SharedPreferences,edit,other,
InterComponentCommunication,EventOrdering1,MAMADROID,edu.mit.icc_event_ordering.InFlowActivity,writePreferences,android.content.SharedPreferences$Editor,commit,other,
InterComponentCommunication,EventOrdering1,MAMADROID,edu.mit.icc_event_ordering.InFlowActivity,writePreferences,android.content.SharedPreferences$Editor,putString,other,
InterComponentCommunication,EventOrdering1,MAMADROID,edu.mit.icc_event_ordering.InFlowActivity,writePreferences,android.telephony.TelephonyManager,getDeviceId,sensitive_api,sensitive_api|telephony
InterComponentCommunication,EventOrdering1,NATIDROID,edu.mit.icc_event_ordering.InFlowActivity,onCreate,android.content.SharedPreferences,getString,other,
InterComponentCommunication,EventOrdering1,NATIDROID,edu.mit.icc_event_ordering.InFlowActivity,writePreferences,android.content.SharedPreferences,edit,other,
InterComponentCommunication,EventOrdering1,NATIDROID,edu.mit.icc_event_ordering.InFlowActivity,writePreferences,android.content.SharedPreferences$Editor,commit,other,
InterComponentCommunication,EventOrdering1,NATIDROID,edu.mit.icc_event_ordering.InFlowActivity,writePreferences,android.content.SharedPreferences$Editor,putString,other,
InterComponentCommunication,IntentSink1,FLOWDROID,de.ecspride.IntentSink1,onCreate,android.content.Intent,putExtra,ipc,ipc
InterComponentCommunication,IntentSink1,FLOWDROID,de.ecspride.IntentSink1,onCreate,android.telephony.TelephonyManager,getDeviceId,sensitive_api,sensitive_api|telephony
InterComponentCommunication,IntentSink1,MAMADROID,de.ecspride.IntentSink1,onCreate,android.content.Intent,putExtra,ipc,ipc
InterComponentCommunication,IntentSink1,MAMADROID,de.ecspride.IntentSink1,onCreate,android.telephony.TelephonyManager,getDeviceId,sensitive_api,sensitive_api|telephony
InterComponentCommunication,IntentSink2,FLOWDROID,de.ecspride.IntentSink2,startIntent,android.telephony.TelephonyManager,getDeviceId,sensitive_api,sensitive_api|telephony
InterComponentCommunication,IntentSink2,FLOWDROID,de.ecspride.IntentSink2,startIntent,android.widget.EditText,getText,other,
InterComponentCommunication,IntentSink2,FLOWDROID,de.ecspride.IntentSink2,startIntent,java.lang.Object,toString,other,
InterComponentCommunication,IntentSink2,GATOR,de.ecspride.IntentSink2,startIntent,java.lang.Object,toString,other,
InterComponentCommunication,IntentSink2,MAMADROID,de.ecspride.IntentSink2,startIntent,android.telephony.TelephonyManager,getDeviceId,sensitive_api,sensitive_api|telephony
InterComponentCommunication,IntentSink2,MAMADROID,de.ecspride.IntentSink2,startIntent,android.widget.EditText,getText,other,
InterComponentCommunication,IntentSink2,MAMADROID,de.ecspride.IntentSink2,startIntent,java.lang.Object,toString,other,
InterComponentCommunication,IntentSink2,NATIDROID,de.ecspride.IntentSink2,startIntent,java.lang.Object,toString,other,
InterComponentCommunication,IntentSource1,FLOWDROID,lu.uni.snt.serval.IntentSource1,onActivityResult,android.content.Intent,getExtras,ipc,ipc
InterComponentCommunication,IntentSource1,FLOWDROID,lu.uni.snt.serval.IntentSource1,onCreate,android.content.Intent,setAction,ipc,ipc
InterComponentCommunication,IntentSource1,MAMADROID,lu.uni.snt.serval.IntentSource1,onActivityResult,android.content.Intent,getExtras,ipc,ipc
InterComponentCommunication,IntentSource1,MAMADROID,lu.uni.snt.serval.IntentSource1,onCreate,android.content.Intent,setAction,ipc,ipc
InterComponentCommunication,ServiceCommunication1,FLOWDROID,edu.mit.icc_service_messages.ActivityMessenger,sayHello,android.telephony.TelephonyManager,getDeviceId,sensitive_api,sensitive_api|telephony
InterComponentCommunication,ServiceCommunication1,FLOWDROID,edu.mit.icc_service_messages.ActivityMessenger$1,onServiceConnected,android.os.Messenger,<init>,other,
InterComponentCommunication,ServiceCommunication1,FLOWDROID,edu.mit.icc_service_messages.MessengerService,onBind,android.widget.Toast,show,other,
InterComponentCommunication,ServiceCommunication1,MAMADROID,edu.mit.icc_service_messages.ActivityMessenger,sayHello,android.telephony.TelephonyManager,getDeviceId,sensitive_api,sensitive_api|telephony
InterComponentCommunication,ServiceCommunication1,MAMADROID,edu.mit.icc_service_messages.ActivityMessenger$1,onServiceConnected,android.os.Messenger,<init>,other,
InterComponentCommunication,ServiceCommunication1,MAMADROID,edu.mit.icc_service_messages.MessengerService,onBind,android.content.ContextWrapper,getApplicationContext,ipc,ipc
InterComponentCommunication,ServiceCommunication1,MAMADROID,edu.mit.icc_service_messages.MessengerService,onBind,android.os.Messenger,getBinder,other,
InterComponentCommunication,ServiceCommunication1,MAMADROID,edu.mit.icc_service_messages.MessengerService,onBind,android.widget.Toast,makeText,other,
InterComponentCommunication,ServiceCommunication1,MAMADROID,edu.mit.icc_service_messages.MessengerService,onBind,android.widget.Toast,show,other,
InterComponentCommunication,SharedPreferences1,FLOWDROID,edu.mit.shared_preferences.MainActivity,onCreate,android.content.SharedPreferences,edit,other,
InterComponentCommunication,SharedPreferences1,FLOWDROID,edu.mit.shared_preferences.MainActivity,onCreate,android.content.SharedPreferences$Editor,commit,other,
InterComponentCommunication,SharedPreferences1,FLOWDROID,edu.mit.shared_preferences.MainActivity,onCreate,android.content.SharedPreferences$Editor,putString,other,
InterComponentCommunication,SharedPreferences1,FLOWDROID,edu.mit.shared_preferences.MainActivity,onCreate,android.telephony.TelephonyManager,getDeviceId,sensitive_api,sensitive_api|telephony
InterComponentCommunication,SharedPreferences1,GATOR,edu.mit.shared_preferences.MainActivity,onCreate,android.content.SharedPreferences,edit,other,
InterComponentCommunication,SharedPreferences1,GATOR,edu.mit.shared_preferences.MainActivity,onCreate,android.content.SharedPreferences$Editor,commit,other,
InterComponentCommunication,SharedPreferences1,GATOR,edu.mit.shared_preferences.MainActivity,onCreate,android.content.SharedPreferences$Editor,putString,other,
InterComponentCommunication,SharedPreferences1,MAMADROID,edu.mit.shared_preferences.MainActivity,onCreate,android.content.SharedPreferences,edit,other,
InterComponentCommunication,SharedPreferences1,MAMADROID,edu.mit.shared_preferences.MainActivity,onCreate,android.content.SharedPreferences$Editor,commit,other,
InterComponentCommunication,SharedPreferences1,MAMADROID,edu.mit.shared_preferences.MainActivity,onCreate,android.content.SharedPreferences$Editor,putString,other,
InterComponentCommunication,SharedPreferences1,MAMADROID,edu.mit.shared_preferences.MainActivity,onCreate,android.telephony.TelephonyManager,getDeviceId,sensitive_api,sensitive_api|telephony
InterComponentCommunication,SharedPreferences1,NATIDROID,edu.mit.shared_preferences.MainActivity,onCreate,android.content.SharedPreferences,edit,other,
InterComponentCommunication,SharedPreferences1,NATIDROID,edu.mit.shared_preferences.MainActivity,onCreate,android.content.SharedPreferences$Editor,commit,other,
InterComponentCommunication,SharedPreferences1,NATIDROID,edu.mit.shared_preferences.MainActivity,onCreate,android.content.SharedPreferences$Editor,putString,other,
InterComponentCommunication,UnresolvableIntent1,FLOWDROID,edu.mit.icc_unresolvable_intent.InFlowActivity2,onCreate,android.content.Intent,getStringExtra,ipc,ipc
InterComponentCommunication,UnresolvableIntent1,FLOWDROID,edu.mit.icc_unresolvable_intent.OutFlowActivity,onCreate,android.telephony.TelephonyManager,getDeviceId,sensitive_api,sensitive_api|telephony
InterComponentCommunication,UnresolvableIntent1,MAMADROID,edu.mit.icc_unresolvable_intent.InFlowActivity2,onCreate,android.content.Intent,getStringExtra,ipc,ipc
InterComponentCommunication,UnresolvableIntent1,MAMADROID,edu.mit.icc_unresolvable_intent.OutFlowActivity,onCreate,android.telephony.TelephonyManager,getDeviceId,sensitive_api,sensitive_api|telephony
Lifecycle,ActivityLifecycle1,FLOWDROID,de.ecspride.ActivityLifecycle1,onCreate,android.telephony.TelephonyManager,getDeviceId,sensitive_api,sensitive_api|telephony
Lifecycle,ActivityLifecycle1,MAMADROID,de.ecspride.ActivityLifecycle1,onCreate,android.telephony.TelephonyManager,getDeviceId,sensitive_api,sensitive_api|telephony
Lifecycle,ActivityLifecycle2,FLOWDROID,de.ecspride.GeneralActivity,onResume,android.telephony.SmsManager,sendTextMessage,sensitive_api,sensitive_api|telephony
Lifecycle,ActivityLifecycle2,FLOWDROID,de.ecspride.MainActivity,onCreate,android.telephony.TelephonyManager,getDeviceId,sensitive_api,sensitive_api|telephony
Lifecycle,ActivityLifecycle2,MAMADROID,de.ecspride.GeneralActivity,onResume,android.telephony.SmsManager,sendTextMessage,sensitive_api,sensitive_api|telephony
Lifecycle,ActivityLifecycle2,MAMADROID,de.ecspride.MainActivity,onCreate,android.telephony.TelephonyManager,getDeviceId,sensitive_api,sensitive_api|telephony
Lifecycle,ActivityLifecycle3,FLOWDROID,de.ecspride.MainActivity,onSaveInstanceState,android.telephony.TelephonyManager,getSubscriberId,sensitive_api,sensitive_api|telephony
Lifecycle,ActivityLifecycle3,MAMADROID,de.ecspride.MainActivity,onSaveInstanceState,android.telephony.TelephonyManager,getSubscriberId,sensitive_api,sensitive_api|telephony
Lifecycle,ActivityLifecycle4,FLOWDROID,de.ecspride.MainActivity,onPause,android.telephony.SmsManager,sendTextMessage,sensitive_api,sensitive_api|telephony
Lifecycle,ActivityLifecycle4,FLOWDROID,de.ecspride.MainActivity,onResume,android.telephony.TelephonyManager,getDeviceId,sensitive_api,sensitive_api|telephony
Lifecycle,ActivityLifecycle4,MAMADROID,de.ecspride.MainActivity,onPause,android.telephony.SmsManager,sendTextMessage,sensitive_api,sensitive_api|telephony
Lifecycle,ActivityLifecycle4,MAMADROID,de.ecspride.MainActivity,onResume,android.telephony.TelephonyManager,getDeviceId,sensitive_api,sensitive_api|telephony
Lifecycle,ActivitySavedState1,FLOWDROID,edu.mit.activity_saved_state.MainActivity,onSaveInstanceState,android.os.BaseBundle,putString,other,
Lifecycle,ActivitySavedState1,FLOWDROID,edu.mit.activity_saved_state.MainActivity,onSaveInstanceState,android.telephony.TelephonyManager,getDeviceId,sensitive_api,sensitive_api|telephony
Lifecycle,ActivitySavedState1,MAMADROID,edu.mit.activity_saved_state.MainActivity,onSaveInstanceState,android.os.BaseBundle,putString,other,
Lifecycle,ActivitySavedState1,MAMADROID,edu.mit.activity_saved_state.MainActivity,onSaveInstanceState,android.telephony.TelephonyManager,getDeviceId,sensitive_api,sensitive_api|telephony
Lifecycle,ApplicationLifecycle1,FLOWDROID,de.ecspride.ApplicationLifecyle1,onCreate,android.telephony.TelephonyManager,getDeviceId,sensitive_api,sensitive_api|telephony
Lifecycle,ApplicationLifecycle1,FLOWDROID,de.ecspride.MainActivity,onResume,android.telephony.SmsManager,sendTextMessage,sensitive_api,sensitive_api|telephony
Lifecycle,ApplicationLifecycle1,MAMADROID,de.ecspride.ApplicationLifecyle1,onCreate,android.telephony.TelephonyManager,getDeviceId,sensitive_api,sensitive_api|telephony
Lifecycle,ApplicationLifecycle1,MAMADROID,de.ecspride.MainActivity,onResume,android.telephony.SmsManager,sendTextMessage,sensitive_api,sensitive_api|telephony
Lifecycle,ApplicationLifecycle2,FLOWDROID,de.ecspride.ApplicationLifecyle2,onCreate,android.telephony.TelephonyManager,getDeviceId,sensitive_api,sensitive_api|telephony
Lifecycle,ApplicationLifecycle2,MAMADROID,de.ecspride.ApplicationLifecyle2,onCreate,android.telephony.TelephonyManager,getDeviceId,sensitive_api,sensitive_api|telephony
Lifecycle,ApplicationLifecycle3,FLOWDROID,de.ecspride.ApplicationLifecyle3,onCreate,android.telephony.SmsManager,sendTextMessage,sensitive_api,sensitive_api|telephony
Lifecycle,ApplicationLifecycle3,FLOWDROID,de.ecspride.ContentProvider,onCreate,android.content.Context,getSystemService,ipc,ipc
Lifecycle,ApplicationLifecycle3,FLOWDROID,de.ecspride.ContentProvider,onCreate,android.telephony.TelephonyManager,getDeviceId,sensitive_api,sensitive_api|telephony
Lifecycle,ApplicationLifecycle3,MAMADROID,de.ecspride.ApplicationLifecyle3,onCreate,android.telephony.SmsManager,sendTextMessage,sensitive_api,sensitive_api|telephony
Lifecycle,ApplicationLifecycle3,MAMADROID,de.ecspride.ContentProvider,onCreate,android.content.Context,getSystemService,ipc,ipc
Lifecycle,ApplicationLifecycle3,MAMADROID,de.ecspride.ContentProvider,onCreate,android.telephony.TelephonyManager,getDeviceId,sensitive_api,sensitive_api|telephony
Lifecycle,AsynchronousEventOrdering1,FLOWDROID,edu.mit.activity_asynchronous_event_ordering.MainActivity,onResume,android.telephony.TelephonyManager,getDeviceId,sensitive_api,sensitive_api|telephony
Lifecycle,AsynchronousEventOrdering1,MAMADROID,edu.mit.activity_asynchronous_event_ordering.MainActivity,onResume,android.telephony.TelephonyManager,getDeviceId,sensitive_api,sensitive_api|telephony
Lifecycle,BroadcastReceiverLifecycle2,FLOWDROID,de.ecspride.MainActivity,onCreate,android.content.Context,getSystemService,ipc,ipc
Lifecycle,BroadcastReceiverLifecycle2,FLOWDROID,de.ecspride.MainActivity,onCreate,android.telephony.TelephonyManager,getDeviceId,sensitive_api,sensitive_api|telephony
Lifecycle,BroadcastReceiverLifecycle2,FLOWDROID,de.ecspride.MainActivity,onCreateOptionsMenu,android.view.MenuInflater,inflate,other,
Lifecycle,BroadcastReceiverLifecycle2,MAMADROID,de.ecspride.MainActivity,onCreate,android.content.Context,getSystemService,ipc,ipc
Lifecycle,BroadcastReceiverLifecycle2,MAMADROID,de.ecspride.MainActivity,onCreate,android.telephony.TelephonyManager,getDeviceId,sensitive_api,sensitive_api|telephony
Lifecycle,BroadcastReceiverLifecycle2,MAMADROID,de.ecspride.MainActivity,onCreateOptionsMenu,android.view.MenuInflater,inflate,other,
Lifecycle,FragmentLifecycle1,FLOWDROID,android.support.v4.app.FragmentActivity,onCreate,android.app.Activity,getLastNonConfigurationInstance,component,component
Lifecycle,FragmentLifecycle1,FLOWDROID,android.support.v4.app.FragmentActivity,onCreate,android.app.Activity,getLayoutInflater,component,component
Lifecycle,FragmentLifecycle1,FLOWDROID,android.support.v4.app.FragmentActivity,onCreate,android.support.v4.app.FragmentManagerImpl,attachActivity,other,
Lifecycle,FragmentLifecycle1,FLOWDROID,android.support.v4.app.FragmentActivity,onCreate,android.support.v4.app.FragmentManagerImpl,dispatchCreate,other,
Lifecycle,FragmentLifecycle1,FLOWDROID,android.support.v4.app.FragmentActivity,onCreate,android.view.LayoutInflater,getFactory,other,
Lifecycle,FragmentLifecycle1,FLOWDROID,android.support.v4.app.FragmentActivity,onCreate,android.view.LayoutInflater,setFactory,other,
Lifecycle,FragmentLifecycle1,FLOWDROID,android.support.v4.app.FragmentActivity,onCreateView,android.app.Activity,onCreateView,callback,callback|component|entrypoint
Lifecycle,FragmentLifecycle1,FLOWDROID,android.support.v4.app.FragmentActivity,onCreateView,java.lang.String,equals,other,
Lifecycle,FragmentLifecycle1,FLOWDROID,android.support.v4.app.FragmentManagerImpl,<clinit>,android.view.animation.AccelerateInterpolator,<init>,other,
Lifecycle,FragmentLifecycle1,FLOWDROID,android.support.v4.app.FragmentManagerImpl,dispatchCreate,android.support.v4.app.FragmentManagerImpl,moveToState,other,
Lifecycle,FragmentLifecycle1,FLOWDROID,android.support.v4.app.FragmentManagerImpl,moveToState,android.support.v4.app.FragmentManagerImpl,moveToState,other,
Lifecycle,FragmentLifecycle1,FLOWDROID,de.ecspride.ExampleFragment,onActivityCreated,android.telephony.SmsManager,sendTextMessage,sensitive_api,sensitive_api|telephony
Lifecycle,FragmentLifecycle1,FLOWDROID,de.ecspride.MainActivity,onCreate,android.app.FragmentManager,beginTransaction,other,
Lifecycle,FragmentLifecycle1,FLOWDROID,de.ecspride.MainActivity,onCreate,android.app.FragmentTransaction,add,other,
Lifecycle,FragmentLifecycle1,FLOWDROID,de.ecspride.MainActivity,onCreate,android.app.FragmentTransaction,commit,other,
Lifecycle,FragmentLifecycle1,FLOWDROID,de.ecspride.MainActivity,onCreate,android.telephony.TelephonyManager,getDeviceId,sensitive_api,sensitive_api|telephony
Lifecycle,FragmentLifecycle1,GATOR,android.support.v4.app.FragmentActivity,onCreate,android.view.LayoutInflater,getFactory,other,
Lifecycle,FragmentLifecycle1,GATOR,android.support.v4.app.FragmentActivity,onCreate,android.view.LayoutInflater,setFactory,other,
Lifecycle,FragmentLifecycle1,GATOR,de.ecspride.MainActivity,onCreate,android.app.FragmentManager,beginTransaction,other,
Lifecycle,FragmentLifecycle1,GATOR,de.ecspride.MainActivity,onCreate,android.app.FragmentTransaction,add,other,
Lifecycle,FragmentLifecycle1,GATOR,de.ecspride.MainActivity,onCreate,android.app.FragmentTransaction,commit,other,
Lifecycle,FragmentLifecycle1,MAMADROID,android.support.v4.app.FragmentActivity,onCreate,android.app.Activity,getLastNonConfigurationInstance,component,component
Lifecycle,FragmentLifecycle1,MAMADROID,android.support.v4.app.FragmentActivity,onCreate,android.app.Activity,getLayoutInflater,component,component
Lifecycle,FragmentLifecycle1,MAMADROID,android.support.v4.app.FragmentActivity,onCreate,android.support.v4.app.FragmentManagerImpl,attachActivity,other,
Lifecycle,FragmentLifecycle1,MAMADROID,android.support.v4.app.FragmentActivity,onCreate,android.support.v4.app.FragmentManagerImpl,dispatchCreate,other,
Lifecycle,FragmentLifecycle1,MAMADROID,android.support.v4.app.FragmentActivity,onCreate,android.view.LayoutInflater,getFactory,other,
Lifecycle,FragmentLifecycle1,MAMADROID,android.support.v4.app.FragmentActivity,onCreate,android.view.LayoutInflater,setFactory,other,
Lifecycle,FragmentLifecycle1,MAMADROID,android.support.v4.app.FragmentActivity,onCreateView,android.app.Activity,onCreateView,callback,callback|component|entrypoint
Lifecycle,FragmentLifecycle1,MAMADROID,android.support.v4.app.FragmentActivity,onCreateView,java.lang.String,equals,other,
Lifecycle,FragmentLifecycle1,MAMADROID,android.support.v4.app.FragmentManagerImpl,<clinit>,android.view.animation.AccelerateInterpolator,<init>,other,
Lifecycle,FragmentLifecycle1,MAMADROID,android.support.v4.app.FragmentManagerImpl,dispatchCreate,android.support.v4.app.FragmentManagerImpl,moveToState,other,
Lifecycle,FragmentLifecycle1,MAMADROID,android.support.v4.app.FragmentManagerImpl,moveToState,android.support.v4.app.FragmentManagerImpl,moveToState,other,
Lifecycle,FragmentLifecycle1,MAMADROID,de.ecspride.ExampleFragment,onActivityCreated,android.telephony.SmsManager,sendTextMessage,sensitive_api,sensitive_api|telephony
Lifecycle,FragmentLifecycle1,MAMADROID,de.ecspride.MainActivity,onCreate,android.app.FragmentManager,beginTransaction,other,
Lifecycle,FragmentLifecycle1,MAMADROID,de.ecspride.MainActivity,onCreate,android.app.FragmentTransaction,add,other,
Lifecycle,FragmentLifecycle1,MAMADROID,de.ecspride.MainActivity,onCreate,android.app.FragmentTransaction,commit,other,
Lifecycle,FragmentLifecycle1,MAMADROID,de.ecspride.MainActivity,onCreate,android.telephony.TelephonyManager,getDeviceId,sensitive_api,sensitive_api|telephony
Lifecycle,FragmentLifecycle1,NATIDROID,android.support.v4.app.FragmentActivity,onCreate,android.view.LayoutInflater,getFactory,other,
Lifecycle,FragmentLifecycle1,NATIDROID,android.support.v4.app.FragmentActivity,onCreate,android.view.LayoutInflater,setFactory,other,
Lifecycle,FragmentLifecycle1,NATIDROID,de.ecspride.MainActivity,onCreate,android.app.FragmentManager,beginTransaction,other,
Lifecycle,FragmentLifecycle1,NATIDROID,de.ecspride.MainActivity,onCreate,android.app.FragmentTransaction,add,other,
Lifecycle,FragmentLifecycle1,NATIDROID,de.ecspride.MainActivity,onCreate,android.app.FragmentTransaction,commit,other,
Lifecycle,FragmentLifecycle2,FLOWDROID,edu.mit.fragments.ArticleFragment,onCreateView,android.view.LayoutInflater,inflate,other,
Lifecycle,FragmentLifecycle2,FLOWDROID,edu.mit.fragments.ArticleFragment,onSaveInstanceState,android.os.BaseBundle,putInt,other,
Lifecycle,FragmentLifecycle2,FLOWDROID,edu.mit.fragments.ArticleFragment,onStart,android.os.BaseBundle,getInt,other,
Lifecycle,FragmentLifecycle2,FLOWDROID,edu.mit.fragments.ArticleFragment,updateArticleView,android.app.Activity,findViewById,component,component
Lifecycle,FragmentLifecycle2,FLOWDROID,edu.mit.fragments.ArticleFragment,updateArticleView,android.widget.TextView,setText,other,
Lifecycle,FragmentLifecycle2,FLOWDROID,edu.mit.fragments.HeadlinesFragment,onListItemClick,android.app.Activity,getSystemService,component,component
Lifecycle,FragmentLifecycle2,FLOWDROID,edu.mit.fragments.HeadlinesFragment,onListItemClick,android.app.ListFragment,getListView,other,
Lifecycle,FragmentLifecycle2,FLOWDROID,edu.mit.fragments.HeadlinesFragment,onListItemClick,android.telephony.TelephonyManager,getDeviceId,sensitive_api,sensitive_api|telephony
Lifecycle,FragmentLifecycle2,FLOWDROID,edu.mit.fragments.HeadlinesFragment,onListItemClick,android.widget.AbsListView,setItemChecked,other,
Lifecycle,FragmentLifecycle2,FLOWDROID,edu.mit.fragments.HeadlinesFragment,onListItemClick,edu.mit.fragments.HeadlinesFragment$OnHeadlineSelectedListener,onArticleSelected,other,
Lifecycle,FragmentLifecycle2,FLOWDROID,edu.mit.fragments.HeadlinesFragment,onStart,android.app.FragmentManager,findFragmentById,other,
Lifecycle,FragmentLifecycle2,FLOWDROID,edu.mit.fragments.MainActivity,onArticleSelected,android.app.Activity,getFragmentManager,component,component
Lifecycle,FragmentLifecycle2,FLOWDROID,edu.mit.fragments.MainActivity,onArticleSelected,android.app.Fragment,setArguments,other,
Lifecycle,FragmentLifecycle2,FLOWDROID,edu.mit.fragments.MainActivity,onArticleSelected,android.app.FragmentManager,beginTransaction,other,
Lifecycle,FragmentLifecycle2,FLOWDROID,edu.mit.fragments.MainActivity,onArticleSelected,android.app.FragmentManager,findFragmentById,other,
Lifecycle,FragmentLifecycle2,FLOWDROID,edu.mit.fragments.MainActivity,onArticleSelected,android.app.FragmentTransaction,addToBackStack,other,
Lifecycle,FragmentLifecycle2,FLOWDROID,edu.mit.fragments.MainActivity,onArticleSelected,android.app.FragmentTransaction,commit,other,
Lifecycle,FragmentLifecycle2,FLOWDROID,edu.mit.fragments.MainActivity,onArticleSelected,android.app.FragmentTransaction,replace,other,
Lifecycle,FragmentLifecycle2,FLOWDROID,edu.mit.fragments.MainActivity,onArticleSelected,android.os.BaseBundle,putInt,other,
Lifecycle,FragmentLifecycle2,FLOWDROID,edu.mit.fragments.MainActivity,onArticleSelected,android.os.Bundle,<init>,other,
Lifecycle,FragmentLifecycle2,FLOWDROID,edu.mit.fragments.MainActivity,onCreate,android.app.FragmentManager,beginTransaction,other,
Lifecycle,FragmentLifecycle2,FLOWDROID,edu.mit.fragments.MainActivity,onCreate,android.app.FragmentTransaction,add,other,
Lifecycle,FragmentLifecycle2,FLOWDROID,edu.mit.fragments.MainActivity,onCreate,android.app.FragmentTransaction,commit,other,
Lifecycle,FragmentLifecycle2,FLOWDROID,edu.mit.fragments.MainActivity,onCreate,android.content.Intent,getExtras,ipc,ipc
Lifecycle,FragmentLifecycle2,GATOR,edu.mit.fragments.ArticleFragment,onCreateView,android.view.LayoutInflater,inflate,other,
Lifecycle,FragmentLifecycle2,GATOR,edu.mit.fragments.HeadlinesFragment,onStart,android.app.FragmentManager,findFragmentById,other,
Lifecycle,FragmentLifecycle2,GATOR,edu.mit.fragments.MainActivity,onArticleSelected,android.app.FragmentManager,beginTransaction,other,
Lifecycle,FragmentLifecycle2,GATOR,edu.mit.fragments.MainActivity,onArticleSelected,android.app.FragmentManager,findFragmentById,other,
Lifecycle,FragmentLifecycle2,GATOR,edu.mit.fragments.MainActivity,onArticleSelected,android.app.FragmentTransaction,addToBackStack,other,
Lifecycle,FragmentLifecycle2,GATOR,edu.mit.fragments.MainActivity,onArticleSelected,android.app.FragmentTransaction,commit,other,
Lifecycle,FragmentLifecycle2,GATOR,edu.mit.fragments.MainActivity,onArticleSelected,android.app.FragmentTransaction,replace,other,
Lifecycle,FragmentLifecycle2,GATOR,edu.mit.fragments.MainActivity,onCreate,android.app.FragmentManager,beginTransaction,other,
Lifecycle,FragmentLifecycle2,GATOR,edu.mit.fragments.MainActivity,onCreate,android.app.FragmentTransaction,add,other,
Lifecycle,FragmentLifecycle2,GATOR,edu.mit.fragments.MainActivity,onCreate,android.app.FragmentTransaction,commit,other,
Lifecycle,FragmentLifecycle2,MAMADROID,edu.mit.fragments.ArticleFragment,onCreateView,android.view.LayoutInflater,inflate,other,
Lifecycle,FragmentLifecycle2,MAMADROID,edu.mit.fragments.ArticleFragment,onSaveInstanceState,android.os.BaseBundle,putInt,other,
Lifecycle,FragmentLifecycle2,MAMADROID,edu.mit.fragments.ArticleFragment,onStart,android.os.BaseBundle,getInt,other,
Lifecycle,FragmentLifecycle2,MAMADROID,edu.mit.fragments.ArticleFragment,updateArticleView,android.app.Activity,findViewById,component,component
Lifecycle,FragmentLifecycle2,MAMADROID,edu.mit.fragments.ArticleFragment,updateArticleView,android.widget.TextView,setText,other,
Lifecycle,FragmentLifecycle2,MAMADROID,edu.mit.fragments.HeadlinesFragment,onListItemClick,android.app.Activity,getSystemService,component,component
Lifecycle,FragmentLifecycle2,MAMADROID,edu.mit.fragments.HeadlinesFragment,onListItemClick,android.app.ListFragment,getListView,other,
Lifecycle,FragmentLifecycle2,MAMADROID,edu.mit.fragments.HeadlinesFragment,onListItemClick,android.telephony.TelephonyManager,getDeviceId,sensitive_api,sensitive_api|telephony
Lifecycle,FragmentLifecycle2,MAMADROID,edu.mit.fragments.HeadlinesFragment,onListItemClick,android.widget.AbsListView,setItemChecked,other,
Lifecycle,FragmentLifecycle2,MAMADROID,edu.mit.fragments.HeadlinesFragment,onListItemClick,edu.mit.fragments.HeadlinesFragment$OnHeadlineSelectedListener,onArticleSelected,other,
Lifecycle,FragmentLifecycle2,MAMADROID,edu.mit.fragments.HeadlinesFragment,onStart,android.app.FragmentManager,findFragmentById,other,
Lifecycle,FragmentLifecycle2,MAMADROID,edu.mit.fragments.MainActivity,onArticleSelected,android.app.Activity,getFragmentManager,component,component
Lifecycle,FragmentLifecycle2,MAMADROID,edu.mit.fragments.MainActivity,onArticleSelected,android.app.Fragment,setArguments,other,
Lifecycle,FragmentLifecycle2,MAMADROID,edu.mit.fragments.MainActivity,onArticleSelected,android.app.FragmentManager,beginTransaction,other,
Lifecycle,FragmentLifecycle2,MAMADROID,edu.mit.fragments.MainActivity,onArticleSelected,android.app.FragmentManager,findFragmentById,other,
Lifecycle,FragmentLifecycle2,MAMADROID,edu.mit.fragments.MainActivity,onArticleSelected,android.app.FragmentTransaction,addToBackStack,other,
Lifecycle,FragmentLifecycle2,MAMADROID,edu.mit.fragments.MainActivity,onArticleSelected,android.app.FragmentTransaction,commit,other,
Lifecycle,FragmentLifecycle2,MAMADROID,edu.mit.fragments.MainActivity,onArticleSelected,android.app.FragmentTransaction,replace,other,
Lifecycle,FragmentLifecycle2,MAMADROID,edu.mit.fragments.MainActivity,onArticleSelected,android.os.BaseBundle,putInt,other,
Lifecycle,FragmentLifecycle2,MAMADROID,edu.mit.fragments.MainActivity,onArticleSelected,android.os.Bundle,<init>,other,
Lifecycle,FragmentLifecycle2,MAMADROID,edu.mit.fragments.MainActivity,onCreate,android.app.FragmentManager,beginTransaction,other,
Lifecycle,FragmentLifecycle2,MAMADROID,edu.mit.fragments.MainActivity,onCreate,android.app.FragmentTransaction,add,other,
Lifecycle,FragmentLifecycle2,MAMADROID,edu.mit.fragments.MainActivity,onCreate,android.app.FragmentTransaction,commit,other,
Lifecycle,FragmentLifecycle2,MAMADROID,edu.mit.fragments.MainActivity,onCreate,android.content.Intent,getExtras,ipc,ipc
Lifecycle,FragmentLifecycle2,NATIDROID,edu.mit.fragments.ArticleFragment,onCreateView,android.view.LayoutInflater,inflate,other,
Lifecycle,FragmentLifecycle2,NATIDROID,edu.mit.fragments.HeadlinesFragment,onStart,android.app.FragmentManager,findFragmentById,other,
Lifecycle,FragmentLifecycle2,NATIDROID,edu.mit.fragments.MainActivity,onArticleSelected,android.app.FragmentManager,beginTransaction,other,
Lifecycle,FragmentLifecycle2,NATIDROID,edu.mit.fragments.MainActivity,onArticleSelected,android.app.FragmentManager,findFragmentById,other,
Lifecycle,FragmentLifecycle2,NATIDROID,edu.mit.fragments.MainActivity,onArticleSelected,android.app.FragmentTransaction,addToBackStack,other,
Lifecycle,FragmentLifecycle2,NATIDROID,edu.mit.fragments.MainActivity,onArticleSelected,android.app.FragmentTransaction,commit,other,
Lifecycle,FragmentLifecycle2,NATIDROID,edu.mit.fragments.MainActivity,onArticleSelected,android.app.FragmentTransaction,replace,other,
Lifecycle,FragmentLifecycle2,NATIDROID,edu.mit.fragments.MainActivity,onCreate,android.app.FragmentManager,beginTransaction,other,
Lifecycle,FragmentLifecycle2,NATIDROID,edu.mit.fragments.MainActivity,onCreate,android.app.FragmentTransaction,add,other,
Lifecycle,FragmentLifecycle2,NATIDROID,edu.mit.fragments.MainActivity,onCreate,android.app.FragmentTransaction,commit,other,
Lifecycle,ServiceLifecycle2,FLOWDROID,edu.mit.service_lifecycle.MyService,onStartCommand,android.telephony.TelephonyManager,getDeviceId,sensitive_api,sensitive_api|telephony
Lifecycle,ServiceLifecycle2,MAMADROID,edu.mit.service_lifecycle.MyService,onStartCommand,android.telephony.TelephonyManager,getDeviceId,sensitive_api,sensitive_api|telephony
Lifecycle,SharedPreferenceChanged1,FLOWDROID,edu.mit.event_context_shared_pref_listener.MainActivity,onCreate,android.content.SharedPreferences,edit,other,
Lifecycle,SharedPreferenceChanged1,FLOWDROID,edu.mit.event_context_shared_pref_listener.MainActivity,onCreate,android.content.SharedPreferences,registerOnSharedPreferenceChangeListener,other,
Lifecycle,SharedPreferenceChanged1,FLOWDROID,edu.mit.event_context_shared_pref_listener.MainActivity,onCreate,android.content.SharedPreferences$Editor,putString,other,
Lifecycle,SharedPreferenceChanged1,FLOWDROID,edu.mit.event_context_shared_pref_listener.MainActivity,onCreate,android.telephony.TelephonyManager,getDeviceId,sensitive_api,sensitive_api|telephony
Lifecycle,SharedPreferenceChanged1,GATOR,edu.mit.event_context_shared_pref_listener.MainActivity,onCreate,android.content.SharedPreferences,edit,other,
Lifecycle,SharedPreferenceChanged1,GATOR,edu.mit.event_context_shared_pref_listener.MainActivity,onCreate,android.content.SharedPreferences,registerOnSharedPreferenceChangeListener,other,
Lifecycle,SharedPreferenceChanged1,GATOR,edu.mit.event_context_shared_pref_listener.MainActivity,onCreate,android.content.SharedPreferences$Editor,putString,other,
Lifecycle,SharedPreferenceChanged1,MAMADROID,edu.mit.event_context_shared_pref_listener.MainActivity,onCreate,android.content.SharedPreferences,edit,other,
Lifecycle,SharedPreferenceChanged1,MAMADROID,edu.mit.event_context_shared_pref_listener.MainActivity,onCreate,android.content.SharedPreferences,registerOnSharedPreferenceChangeListener,other,
Lifecycle,SharedPreferenceChanged1,MAMADROID,edu.mit.event_context_shared_pref_listener.MainActivity,onCreate,android.content.SharedPreferences$Editor,putString,other,
Lifecycle,SharedPreferenceChanged1,MAMADROID,edu.mit.event_context_shared_pref_listener.MainActivity,onCreate,android.telephony.TelephonyManager,getDeviceId,sensitive_api,sensitive_api|telephony
Lifecycle,SharedPreferenceChanged1,NATIDROID,edu.mit.event_context_shared_pref_listener.MainActivity,onCreate,android.content.SharedPreferences,edit,other,
Lifecycle,SharedPreferenceChanged1,NATIDROID,edu.mit.event_context_shared_pref_listener.MainActivity,onCreate,android.content.SharedPreferences,registerOnSharedPreferenceChangeListener,other,
Lifecycle,SharedPreferenceChanged1,NATIDROID,edu.mit.event_context_shared_pref_listener.MainActivity,onCreate,android.content.SharedPreferences$Editor,putString,other,
Reflection,Reflection1,FLOWDROID,de.ecspride.MainActivity,onCreate,android.telephony.SmsManager,sendTextMessage,sensitive_api,sensitive_api|telephony
Reflection,Reflection1,FLOWDROID,de.ecspride.MainActivity,onCreate,android.telephony.TelephonyManager,getDeviceId,sensitive_api,sensitive_api|telephony
Reflection,Reflection1,FLOWDROID,de.ecspride.MainActivity,onCreate,java.lang.Class,newInstance,reflection,reflection
Reflection,Reflection1,MAMADROID,de.ecspride.MainActivity,onCreate,android.telephony.SmsManager,sendTextMessage,sensitive_api,sensitive_api|telephony
Reflection,Reflection1,MAMADROID,de.ecspride.MainActivity,onCreate,android.telephony.TelephonyManager,getDeviceId,sensitive_api,sensitive_api|telephony
Reflection,Reflection1,MAMADROID,de.ecspride.MainActivity,onCreate,java.lang.Class,newInstance,reflection,reflection
Reflection,Reflection2,FLOWDROID,de.ecspride.MainActivity,onCreate,android.telephony.SmsManager,sendTextMessage,sensitive_api,sensitive_api|telephony
Reflection,Reflection2,FLOWDROID,de.ecspride.MainActivity,onCreate,android.telephony.TelephonyManager,getDeviceId,sensitive_api,sensitive_api|telephony
Reflection,Reflection2,FLOWDROID,de.ecspride.MainActivity,onCreate,de.ecspride.BaseClass,foo,other,
Reflection,Reflection2,FLOWDROID,de.ecspride.MainActivity,onCreate,java.lang.Class,newInstance,reflection,reflection
Reflection,Reflection2,MAMADROID,de.ecspride.MainActivity,onCreate,android.telephony.SmsManager,sendTextMessage,sensitive_api,sensitive_api|telephony
Reflection,Reflection2,MAMADROID,de.ecspride.MainActivity,onCreate,android.telephony.TelephonyManager,getDeviceId,sensitive_api,sensitive_api|telephony
Reflection,Reflection2,MAMADROID,de.ecspride.MainActivity,onCreate,de.ecspride.BaseClass,foo,other,
Reflection,Reflection2,MAMADROID,de.ecspride.MainActivity,onCreate,java.lang.Class,newInstance,reflection,reflection
Reflection,Reflection3,FLOWDROID,de.ecspride.MainActivity,onCreate,android.telephony.SmsManager,sendTextMessage,sensitive_api,sensitive_api|telephony
Reflection,Reflection3,FLOWDROID,de.ecspride.MainActivity,onCreate,android.telephony.TelephonyManager,getDeviceId,sensitive_api,sensitive_api|telephony
Reflection,Reflection3,FLOWDROID,de.ecspride.MainActivity,onCreate,java.lang.Class,getMethod,reflection,reflection
Reflection,Reflection3,FLOWDROID,de.ecspride.MainActivity,onCreate,java.lang.Class,newInstance,reflection,reflection
Reflection,Reflection3,FLOWDROID,de.ecspride.MainActivity,onCreate,java.lang.Throwable,printStackTrace,other,
Reflection,Reflection3,FLOWDROID,de.ecspride.MainActivity,onCreate,java.lang.reflect.Method,invoke,reflection,reflection
Reflection,Reflection3,FLOWDROID,de.ecspride.MainActivity,onCreateOptionsMenu,android.view.MenuInflater,inflate,other,
Reflection,Reflection3,MAMADROID,de.ecspride.MainActivity,onCreate,android.telephony.SmsManager,sendTextMessage,sensitive_api,sensitive_api|telephony
Reflection,Reflection3,MAMADROID,de.ecspride.MainActivity,onCreate,android.telephony.TelephonyManager,getDeviceId,sensitive_api,sensitive_api|telephony
Reflection,Reflection3,MAMADROID,de.ecspride.MainActivity,onCreate,java.lang.Class,getMethod,reflection,reflection
Reflection,Reflection3,MAMADROID,de.ecspride.MainActivity,onCreate,java.lang.Class,newInstance,reflection,reflection
Reflection,Reflection3,MAMADROID,de.ecspride.MainActivity,onCreate,java.lang.Throwable,printStackTrace,other,
Reflection,Reflection3,MAMADROID,de.ecspride.MainActivity,onCreate,java.lang.reflect.Method,invoke,reflection,reflection
Reflection,Reflection3,MAMADROID,de.ecspride.MainActivity,onCreateOptionsMenu,android.view.MenuInflater,inflate,other,
Reflection,Reflection4,FLOWDROID,de.ecspride.ConcreteClass,bar,android.telephony.SmsManager,getDefault,telephony,telephony
Reflection,Reflection4,FLOWDROID,de.ecspride.ConcreteClass,bar,android.telephony.SmsManager,sendTextMessage,sensitive_api,sensitive_api|telephony
Reflection,Reflection4,FLOWDROID,de.ecspride.ConcreteClass,foo,android.content.Context,getSystemService,ipc,ipc
Reflection,Reflection4,FLOWDROID,de.ecspride.ConcreteClass,foo,android.telephony.TelephonyManager,getDeviceId,sensitive_api,sensitive_api|telephony
Reflection,Reflection4,FLOWDROID,de.ecspride.MainActivity,onCreate,de.ecspride.BaseClass,bar,other,
Reflection,Reflection4,FLOWDROID,de.ecspride.MainActivity,onCreate,de.ecspride.BaseClass,foo,other,
Reflection,Reflection4,FLOWDROID,de.ecspride.MainActivity,onCreate,java.lang.Class,newInstance,reflection,reflection
Reflection,Reflection4,MAMADROID,de.ecspride.ConcreteClass,bar,android.telephony.SmsManager,getDefault,telephony,telephony
Reflection,Reflection4,MAMADROID,de.ecspride.ConcreteClass,bar,android.telephony.SmsManager,sendTextMessage,sensitive_api,sensitive_api|telephony
Reflection,Reflection4,MAMADROID,de.ecspride.ConcreteClass,foo,android.content.Context,getSystemService,ipc,ipc
Reflection,Reflection4,MAMADROID,de.ecspride.ConcreteClass,foo,android.telephony.TelephonyManager,getDeviceId,sensitive_api,sensitive_api|telephony
Reflection,Reflection4,MAMADROID,de.ecspride.MainActivity,onCreate,de.ecspride.BaseClass,bar,other,
Reflection,Reflection4,MAMADROID,de.ecspride.MainActivity,onCreate,de.ecspride.BaseClass,foo,other,
Reflection,Reflection4,MAMADROID,de.ecspride.MainActivity,onCreate,java.lang.Class,newInstance,reflection,reflection
Threading,AsyncTask1,FLOWDROID,de.ecspride.MainActivity,onCreate,android.content.Context,getSystemService,ipc,ipc
Threading,AsyncTask1,FLOWDROID,de.ecspride.MainActivity,onCreate,android.telephony.TelephonyManager,getDeviceId,sensitive_api,sensitive_api|telephony
Threading,AsyncTask1,FLOWDROID,de.ecspride.MainActivity$MyAsyncTask,doInBackground,de.ecspride.MainActivity$MyAsyncTask,doInBackground,other,
Threading,AsyncTask1,MAMADROID,de.ecspride.MainActivity,onCreate,android.content.Context,getSystemService,ipc,ipc
Threading,AsyncTask1,MAMADROID,de.ecspride.MainActivity,onCreate,android.telephony.TelephonyManager,getDeviceId,sensitive_api,sensitive_api|telephony
Threading,AsyncTask1,MAMADROID,de.ecspride.MainActivity$MyAsyncTask,doInBackground,de.ecspride.MainActivity$MyAsyncTask,doInBackground,other,
Threading,Executor1,FLOWDROID,de.ecspride.MainActivity,onCreate,android.content.Context,getSystemService,ipc,ipc
Threading,Executor1,FLOWDROID,de.ecspride.MainActivity,onCreate,android.telephony.TelephonyManager,getDeviceId,sensitive_api,sensitive_api|telephony
Threading,Executor1,FLOWDROID,de.ecspride.MainActivity,onCreate,java.util.concurrent.Executor,execute,other,
Threading,Executor1,MAMADROID,de.ecspride.MainActivity,onCreate,android.content.Context,getSystemService,ipc,ipc
Threading,Executor1,MAMADROID,de.ecspride.MainActivity,onCreate,android.telephony.TelephonyManager,getDeviceId,sensitive_api,sensitive_api|telephony
Threading,Executor1,MAMADROID,de.ecspride.MainActivity,onCreate,java.util.concurrent.Executor,execute,other,
Threading,JavaThread1,FLOWDROID,de.ecspride.MainActivity,onCreate,android.content.Context,getSystemService,ipc,ipc
Threading,JavaThread1,FLOWDROID,de.ecspride.MainActivity,onCreate,android.telephony.TelephonyManager,getDeviceId,sensitive_api,sensitive_api|telephony
Threading,JavaThread1,MAMADROID,de.ecspride.MainActivity,onCreate,android.content.Context,getSystemService,ipc,ipc
Threading,JavaThread1,MAMADROID,de.ecspride.MainActivity,onCreate,android.telephony.TelephonyManager,getDeviceId,sensitive_api,sensitive_api|telephony
Threading,JavaThread2,FLOWDROID,de.ecspride.MainActivity,onCreate,android.content.Context,getSystemService,ipc,ipc
Threading,JavaThread2,FLOWDROID,de.ecspride.MainActivity,onCreate,android.telephony.TelephonyManager,getDeviceId,sensitive_api,sensitive_api|telephony
Threading,JavaThread2,MAMADROID,de.ecspride.MainActivity,onCreate,android.content.Context,getSystemService,ipc,ipc
Threading,JavaThread2,MAMADROID,de.ecspride.MainActivity,onCreate,android.telephony.TelephonyManager,getDeviceId,sensitive_api,sensitive_api|telephony
Threading,Looper1,FLOWDROID,android.support.v4.app.BackStackRecord,add,android.support.v4.app.BackStackRecord,doAddOp,other,
Threading,Looper1,FLOWDROID,android.support.v4.app.BackStackRecord,commit,android.support.v4.app.BackStackRecord,commitInternal,other,
Threading,Looper1,FLOWDROID,android.support.v4.app.BackStackRecord,commitInternal,android.support.v4.app.FragmentManagerImpl,enqueueAction,other,
Threading,Looper1,FLOWDROID,android.support.v4.app.BackStackRecord,doAddOp,android.support.v4.app.BackStackRecord,addOp,other,
Threading,Looper1,FLOWDROID,android.support.v4.app.BackStackRecord,doAddOp,android.support.v4.app.BackStackRecord$Op,<init>,other,
Threading,Looper1,FLOWDROID,android.support.v4.app.BackStackRecord,run,android.support.v4.app.BackStackRecord,bumpBackStackNesting,other,
Threading,Looper1,FLOWDROID,android.support.v4.app.BackStackRecord,run,android.support.v4.app.FragmentManagerImpl,addFragment,other,
Threading,Looper1,FLOWDROID,android.support.v4.app.BackStackRecord,run,android.support.v4.app.FragmentManagerImpl,moveToState,other,
Threading,Looper1,FLOWDROID,android.support.v4.app.Fragment,getLayoutInflater,android.app.Activity,getLayoutInflater,component,component
Threading,Looper1,FLOWDROID,android.support.v4.app.Fragment,onStart,android.support.v4.app.FragmentActivity,getLoaderManager,other,
Threading,Looper1,FLOWDROID,android.support.v4.app.Fragment,performActivityCreated,android.support.v4.app.Fragment,onActivityCreated,callback,callback|entrypoint
Threading,Looper1,FLOWDROID,android.support.v4.app.Fragment,performCreate,android.support.v4.app.Fragment,onCreate,callback,callback|entrypoint
Threading,Looper1,FLOWDROID,android.support.v4.app.Fragment,performCreateView,android.support.v4.app.Fragment,onCreateView,callback,callback|entrypoint
Threading,Looper1,FLOWDROID,android.support.v4.app.Fragment,performDestroy,android.support.v4.app.Fragment,onDestroy,callback,callback|entrypoint
Threading,Looper1,FLOWDROID,android.support.v4.app.Fragment,performDestroyView,android.support.v4.app.Fragment,onDestroyView,callback,callback|entrypoint
Threading,Looper1,FLOWDROID,android.support.v4.app.Fragment,performPause,android.support.v4.app.Fragment,onPause,callback,callback|entrypoint
Threading,Looper1,FLOWDROID,android.support.v4.app.Fragment,performResume,android.support.v4.app.Fragment,onResume,callback,callback|entrypoint
Threading,Looper1,FLOWDROID,android.support.v4.app.Fragment,performSaveInstanceState,android.support.v4.app.Fragment,onSaveInstanceState,callback,callback|entrypoint
Threading,Looper1,FLOWDROID,android.support.v4.app.Fragment,performStart,android.support.v4.app.Fragment,onStart,callback,callback|entrypoint
Threading,Looper1,FLOWDROID,android.support.v4.app.Fragment,performStop,android.support.v4.app.Fragment,onStop,callback,callback|entrypoint
Threading,Looper1,FLOWDROID,android.support.v4.app.Fragment,restoreViewState,android.support.v4.app.Fragment,onViewStateRestored,callback,callback|entrypoint
Threading,Looper1,FLOWDROID,android.support.v4.app.Fragment,setIndex,java.lang.StringBuilder,<init>,other,
Threading,Looper1,FLOWDROID,android.support.v4.app.Fragment,setIndex,java.lang.StringBuilder,append,other,
Threading,Looper1,FLOWDROID,android.support.v4.app.Fragment,setIndex,java.lang.StringBuilder,toString,other,
Threading,Looper1,FLOWDROID,android.support.v4.app.FragmentActivity,doReallyStop,android.os.Handler,removeMessages,other,
Threading,Looper1,FLOWDROID,android.support.v4.app.FragmentActivity,doReallyStop,android.support.v4.app.FragmentActivity,onReallyStop,callback,callback|entrypoint
Threading,Looper1,FLOWDROID,android.support.v4.app.FragmentActivity,getLoaderManager,android.support.v4.util.SimpleArrayMap,<init>,other,
Threading,Looper1,FLOWDROID,android.support.v4.app.FragmentActivity,getLoaderManager,android.support.v4.util.SimpleArrayMap,get,other,
Threading,Looper1,FLOWDROID,android.support.v4.app.FragmentActivity,invalidateSupportFragment,android.support.v4.util.SimpleArrayMap,get,other,
Threading,Looper1,FLOWDROID,android.support.v4.app.FragmentActivity,onBackPressed,android.app.Activity,finish,component,component
Threading,Looper1,FLOWDROID,android.support.v4.app.FragmentActivity,onBackPressed,android.support.v4.app.FragmentManagerImpl,popBackStackImmediate,other,
Threading,Looper1,FLOWDROID,android.support.v4.app.FragmentActivity,onCreate,android.app.Activity,getLastNonConfigurationInstance,component,component
Threading,Looper1,FLOWDROID,android.support.v4.app.FragmentActivity,onCreate,android.app.Activity,getLayoutInflater,component,component
Threading,Looper1,FLOWDROID,android.support.v4.app.FragmentActivity,onCreate,android.support.v4.app.FragmentManagerImpl,attachActivity,other,
Threading,Looper1,FLOWDROID,android.support.v4.app.FragmentActivity,onCreate,android.support.v4.app.FragmentManagerImpl,dispatchCreate,other,
Threading,Looper1,FLOWDROID,android.support.v4.app.FragmentActivity,onCreate,android.view.LayoutInflater,getFactory,other,
Threading,Looper1,FLOWDROID,android.support.v4.app.FragmentActivity,onCreate,android.view.LayoutInflater,setFactory,other,
Threading,Looper1,FLOWDROID,android.support.v4.app.FragmentActivity,onCreatePanelMenu,android.app.Activity,getMenuInflater,component,component
Threading,Looper1,FLOWDROID,android.support.v4.app.FragmentActivity,onCreatePanelMenu,android.app.Activity,onCreatePanelMenu,callback,callback|component|entrypoint
Threading,Looper1,FLOWDROID,android.support.v4.app.FragmentActivity,onCreatePanelMenu,android.support.v4.app.FragmentManagerImpl,dispatchCreateOptionsMenu,other,
Threading,Looper1,FLOWDROID,android.support.v4.app.FragmentActivity,onCreateView,android.app.Activity,onCreateView,callback,callback|component|entrypoint
Threading,Looper1,FLOWDROID,android.support.v4.app.FragmentActivity,onCreateView,java.lang.String,equals,other,
Threading,Looper1,FLOWDROID,android.support.v4.app.FragmentActivity,onDestroy,android.app.Activity,onDestroy,callback,callback|component|entrypoint
Threading,Looper1,FLOWDROID,android.support.v4.app.FragmentActivity,onDestroy,android.support.v4.app.FragmentActivity,doReallyStop,other,
Threading,Looper1,FLOWDROID,android.support.v4.app.FragmentActivity,onDestroy,android.support.v4.app.FragmentManagerImpl,dispatchDestroy,other,
Threading,Looper1,FLOWDROID,android.support.v4.app.FragmentActivity,onKeyDown,android.app.Activity,onKeyDown,callback,callback|component|entrypoint
Threading,Looper1,FLOWDROID,android.support.v4.app.FragmentActivity,onMenuItemSelected,android.app.Activity,onMenuItemSelected,callback,callback|component|entrypoint
Threading,Looper1,FLOWDROID,android.support.v4.app.FragmentActivity,onPanelClosed,android.app.Activity,onPanelClosed,callback,callback|component|entrypoint
Threading,Looper1,FLOWDROID,android.support.v4.app.FragmentActivity,onPause,android.app.Activity,onPause,callback,callback|component|entrypoint
Threading,Looper1,FLOWDROID,android.support.v4.app.FragmentActivity,onPause,android.os.Handler,hasMessages,other,
Threading,Looper1,FLOWDROID,android.support.v4.app.FragmentActivity,onPause,android.support.v4.app.FragmentManagerImpl,dispatchPause,other,
Threading,Looper1,FLOWDROID,android.support.v4.app.FragmentActivity,onPostResume,android.app.Activity,onPostResume,callback,callback|component|entrypoint
Threading,Looper1,FLOWDROID,android.support.v4.app.FragmentActivity,onPostResume,android.os.Handler,removeMessages,other,
Threading,Looper1,FLOWDROID,android.support.v4.app.FragmentActivity,onPostResume,android.support.v4.app.FragmentActivity,onResumeFragments,callback,callback|entrypoint
Threading,Looper1,FLOWDROID,android.support.v4.app.FragmentActivity,onPostResume,android.support.v4.app.FragmentManagerImpl,execPendingActions,other,
Threading,Looper1,FLOWDROID,android.support.v4.app.FragmentActivity,onPrepareOptionsPanel,android.app.Activity,onPreparePanel,callback,callback|component|entrypoint
Threading,Looper1,FLOWDROID,android.support.v4.app.FragmentActivity,onPreparePanel,android.support.v4.app.FragmentActivity,onPrepareOptionsPanel,callback,callback|entrypoint
Threading,Looper1,FLOWDROID,android.support.v4.app.FragmentActivity,onPreparePanel,android.support.v4.app.FragmentManagerImpl,dispatchPrepareOptionsMenu,other,
Threading,Looper1,FLOWDROID,android.support.v4.app.FragmentActivity,onReallyStop,android.support.v4.app.FragmentManagerImpl,dispatchReallyStop,other,
Threading,Looper1,FLOWDROID,android.support.v4.app.FragmentActivity,onResume,android.app.Activity,onResume,callback,callback|component|entrypoint
Threading,Looper1,FLOWDROID,android.support.v4.app.FragmentActivity,onResume,android.os.Handler,sendEmptyMessage,other,
Threading,Looper1,FLOWDROID,android.support.v4.app.FragmentActivity,onResume,android.support.v4.app.FragmentManagerImpl,execPendingActions,other,
Threading,Looper1,FLOWDROID,android.support.v4.app.FragmentActivity,onResumeFragments,android.support.v4.app.FragmentManagerImpl,dispatchResume,other,
Threading,Looper1,FLOWDROID,android.support.v4.app.FragmentActivity,onSaveInstanceState,android.app.Activity,onSaveInstanceState,callback,callback|component|entrypoint
Threading,Looper1,FLOWDROID,android.support.v4.app.FragmentActivity,onSaveInstanceState,android.os.Bundle,putParcelable,other,
Threading,Looper1,FLOWDROID,android.support.v4.app.FragmentActivity,onSaveInstanceState,android.support.v4.app.FragmentManagerImpl,saveAllState,other,
Threading,Looper1,FLOWDROID,android.support.v4.app.FragmentActivity,onStart,android.app.Activity,onStart,callback,callback|component|entrypoint
Threading,Looper1,FLOWDROID,android.support.v4.app.FragmentActivity,onStart,android.os.Handler,removeMessages,other,
Threading,Looper1,FLOWDROID,android.support.v4.app.FragmentActivity,onStart,android.support.v4.app.FragmentManagerImpl,dispatchActivityCreated,other,
Threading,Looper1,FLOWDROID,android.support.v4.app.FragmentActivity,onStart,android.support.v4.app.FragmentManagerImpl,dispatchStart,other,
Threading,Looper1,FLOWDROID,android.support.v4.app.FragmentActivity,onStart,android.support.v4.app.FragmentManagerImpl,execPendingActions,other,
Threading,Looper1,FLOWDROID,android.support.v4.app.FragmentActivity,onStart,android.support.v4.app.FragmentManagerImpl,noteStateNotSaved,other,
Threading,Looper1,FLOWDROID,android.support.v4.app.FragmentActivity,onStart,android.support.v4.util.SimpleArrayMap,size,other,
Threading,Looper1,FLOWDROID,android.support.v4.app.FragmentActivity,onStop,android.app.Activity,onStop,callback,callback|component|entrypoint
Threading,Looper1,FLOWDROID,android.support.v4.app.FragmentActivity,onStop,android.os.Handler,sendEmptyMessage,other,
Threading,Looper1,FLOWDROID,android.support.v4.app.FragmentActivity,onStop,android.support.v4.app.FragmentManagerImpl,dispatchStop,other,
Threading,Looper1,FLOWDROID,android.support.v4.app.FragmentActivity$1,handleMessage,android.support.v4.app.FragmentActivity,doReallyStop,other,
Threading,Looper1,FLOWDROID,android.support.v4.app.FragmentActivity$2,findViewById,android.app.Activity,findViewById,component,component
Threading,Looper1,FLOWDROID,android.support.v4.app.FragmentManagerImpl,addFragment,android.support.v4.app.FragmentManagerImpl,makeActive,other,
Threading,Looper1,FLOWDROID,android.support.v4.app.FragmentManagerImpl,addFragment,java.util.ArrayList,<init>,other,
Threading,Looper1,FLOWDROID,android.support.v4.app.FragmentManagerImpl,addFragment,java.util.ArrayList,add,other,
Threading,Looper1,FLOWDROID,android.support.v4.app.FragmentManagerImpl,addFragment,java.util.ArrayList,contains,other,
Threading,Looper1,FLOWDROID,android.support.v4.app.FragmentManagerImpl,beginTransaction,android.support.v4.app.BackStackRecord,<init>,other,
Threading,Looper1,FLOWDROID,android.support.v4.app.FragmentManagerImpl,dispatchActivityCreated,android.support.v4.app.FragmentManagerImpl,moveToState,other,
Threading,Looper1,FLOWDROID,android.support.v4.app.FragmentManagerImpl,dispatchCreate,android.support.v4.app.FragmentManagerImpl,moveToState,other,
Threading,Looper1,FLOWDROID,android.support.v4.app.FragmentManagerImpl,dispatchCreateOptionsMenu,android.support.v4.app.Fragment,performCreateOptionsMenu,other,
Threading,Looper1,FLOWDROID,android.support.v4.app.FragmentManagerImpl,dispatchCreateOptionsMenu,java.util.ArrayList,get,other,
Threading,Looper1,FLOWDROID,android.support.v4.app.FragmentManagerImpl,dispatchCreateOptionsMenu,java.util.ArrayList,size,other,
Threading,Looper1,FLOWDROID,android.support.v4.app.FragmentManagerImpl,dispatchDestroy,android.support.v4.app.FragmentManagerImpl,execPendingActions,other,
Threading,Looper1,FLOWDROID,android.support.v4.app.FragmentManagerImpl,dispatchDestroy,android.support.v4.app.FragmentManagerImpl,moveToState,other,
Threading,Looper1,FLOWDROID,android.support.v4.app.FragmentManagerImpl,dispatchPause,android.support.v4.app.FragmentManagerImpl,moveToState,other,
Threading,Looper1,FLOWDROID,android.support.v4.app.FragmentManagerImpl,dispatchPrepareOptionsMenu,android.support.v4.app.Fragment,performPrepareOptionsMenu,other,
Threading,Looper1,FLOWDROID,android.support.v4.app.FragmentManagerImpl,dispatchPrepareOptionsMenu,java.util.ArrayList,get,other,
Threading,Looper1,FLOWDROID,android.support.v4.app.FragmentManagerImpl,dispatchPrepareOptionsMenu,java.util.ArrayList,size,other,
Threading,Looper1,FLOWDROID,android.support.v4.app.FragmentManagerImpl,dispatchReallyStop,android.support.v4.app.FragmentManagerImpl,moveToState,other,
Threading,Looper1,FLOWDROID,android.support.v4.app.FragmentManagerImpl,dispatchResume,android.support.v4.app.FragmentManagerImpl,moveToState,other,
Threading,Looper1,FLOWDROID,android.support.v4.app.FragmentManagerImpl,dispatchStart,android.support.v4.app.FragmentManagerImpl,moveToState,other,
Threading,Looper1,FLOWDROID,android.support.v4.app.FragmentManagerImpl,dispatchStop,android.support.v4.app.FragmentManagerImpl,moveToState,other,
Threading,Looper1,FLOWDROID,android.support.v4.app.FragmentManagerImpl,enqueueAction,android.os.Handler,post,other,
Threading,Looper1,FLOWDROID,android.support.v4.app.FragmentManagerImpl,enqueueAction,android.os.Handler,removeCallbacks,other,
Threading,Looper1,FLOWDROID,android.support.v4.app.FragmentManagerImpl,enqueueAction,android.support.v4.app.FragmentManagerImpl,checkStateLoss,other,
Threading,Looper1,FLOWDROID,android.support.v4.app.FragmentManagerImpl,enqueueAction,java.util.ArrayList,<init>,other,
Threading,Looper1,FLOWDROID,android.support.v4.app.FragmentManagerImpl,enqueueAction,java.util.ArrayList,add,other,
Threading,Looper1,FLOWDROID,android.support.v4.app.FragmentManagerImpl,enqueueAction,java.util.ArrayList,size,other,
Threading,Looper1,FLOWDROID,android.support.v4.app.FragmentManagerImpl,execPendingActions,android.os.Handler,getLooper,other,
Threading,Looper1,FLOWDROID,android.support.v4.app.FragmentManagerImpl,execPendingActions,android.os.Handler,removeCallbacks,other,
Threading,Looper1,FLOWDROID,android.support.v4.app.FragmentManagerImpl,execPendingActions,android.os.Looper,myLooper,other,
Threading,Looper1,FLOWDROID,android.support.v4.app.FragmentManagerImpl,execPendingActions,java.lang.Runnable,run,other,
Threading,Looper1,FLOWDROID,android.support.v4.app.FragmentManagerImpl,execPendingActions,java.util.ArrayList,clear,other,
Threading,Looper1,FLOWDROID,android.support.v4.app.FragmentManagerImpl,execPendingActions,java.util.ArrayList,size,other,
Threading,Looper1,FLOWDROID,android.support.v4.app.FragmentManagerImpl,execPendingActions,java.util.ArrayList,toArray,other,
Threading,Looper1,FLOWDROID,android.support.v4.app.FragmentManagerImpl,executePendingTransactions,android.support.v4.app.FragmentManagerImpl,execPendingActions,other,
Threading,Looper1,FLOWDROID,android.support.v4.app.FragmentManagerImpl,loadAnimation,android.support.v4.app.Fragment,onCreateAnimation,callback,callback|entrypoint
Threading,Looper1,FLOWDROID,android.support.v4.app.FragmentManagerImpl,makeActive,android.support.v4.app.Fragment,setIndex,other,
Threading,Looper1,FLOWDROID,android.support.v4.app.FragmentManagerImpl,makeActive,java.util.ArrayList,<init>,other,
Threading,Looper1,FLOWDROID,android.support.v4.app.FragmentManagerImpl,makeActive,java.util.ArrayList,add,other,
Threading,Looper1,FLOWDROID,android.support.v4.app.FragmentManagerImpl,makeActive,java.util.ArrayList,size,other,
Threading,Looper1,FLOWDROID,android.support.v4.app.FragmentManagerImpl,makeInactive,android.support.v4.app.Fragment,initState,other,
Threading,Looper1,FLOWDROID,android.support.v4.app.FragmentManagerImpl,makeInactive,android.support.v4.app.FragmentActivity,invalidateSupportFragment,other,
Threading,Looper1,FLOWDROID,android.support.v4.app.FragmentManagerImpl,makeInactive,java.lang.Integer,valueOf,other,
Threading,Looper1,FLOWDROID,android.support.v4.app.FragmentManagerImpl,makeInactive,java.util.ArrayList,<init>,other,
Threading,Looper1,FLOWDROID,android.support.v4.app.FragmentManagerImpl,makeInactive,java.util.ArrayList,add,other,
Threading,Looper1,FLOWDROID,android.support.v4.app.FragmentManagerImpl,makeInactive,java.util.ArrayList,set,other,
Threading,Looper1,FLOWDROID,android.support.v4.app.FragmentManagerImpl,moveToState,android.app.Activity,isFinishing,component,component
Threading,Looper1,FLOWDROID,android.support.v4.app.FragmentManagerImpl,moveToState,android.support.v4.app.Fragment,getLayoutInflater,other,
Threading,Looper1,FLOWDROID,android.support.v4.app.FragmentManagerImpl,moveToState,android.support.v4.app.Fragment,onAttach,callback,callback|entrypoint
Threading,Looper1,FLOWDROID,android.support.v4.app.FragmentManagerImpl,moveToState,android.support.v4.app.Fragment,onDetach,callback,callback|entrypoint
Threading,Looper1,FLOWDROID,android.support.v4.app.FragmentManagerImpl,moveToState,android.support.v4.app.Fragment,onViewCreated,callback,callback|entrypoint
Threading,Looper1,FLOWDROID,android.support.v4.app.FragmentManagerImpl,moveToState,android.support.v4.app.Fragment,performActivityCreated,other,
Threading,Looper1,FLOWDROID,android.support.v4.app.FragmentManagerImpl,moveToState,android.support.v4.app.Fragment,performCreate,other,
Threading,Looper1,FLOWDROID,android.support.v4.app.FragmentManagerImpl,moveToState,android.support.v4.app.Fragment,performCreateView,other,
Threading,Looper1,FLOWDROID,android.support.v4.app.FragmentManagerImpl,moveToState,android.support.v4.app.Fragment,performDestroy,other,
Threading,Looper1,FLOWDROID,android.support.v4.app.FragmentManagerImpl,moveToState,android.support.v4.app.Fragment,performDestroyView,other,
Threading,Looper1,FLOWDROID,android.support.v4.app.FragmentManagerImpl,moveToState,android.support.v4.app.Fragment,performPause,other,
Threading,Looper1,FLOWDROID,android.support.v4.app.FragmentManagerImpl,moveToState,android.support.v4.app.Fragment,performReallyStop,other,
Threading,Looper1,FLOWDROID,android.support.v4.app.FragmentManagerImpl,moveToState,android.support.v4.app.Fragment,performResume,other,
Threading,Looper1,FLOWDROID,android.support.v4.app.FragmentManagerImpl,moveToState,android.support.v4.app.Fragment,performStart,other,
Threading,Looper1,FLOWDROID,android.support.v4.app.FragmentManagerImpl,moveToState,android.support.v4.app.Fragment,performStop,other,
Threading,Looper1,FLOWDROID,android.support.v4.app.FragmentManagerImpl,moveToState,android.support.v4.app.Fragment,restoreViewState,other,
Threading,Looper1,FLOWDROID,android.support.v4.app.FragmentManagerImpl,moveToState,android.support.v4.app.FragmentActivity,onAttachFragment,callback,callback|entrypoint
Threading,Looper1,FLOWDROID,android.support.v4.app.FragmentManagerImpl,moveToState,android.support.v4.app.FragmentContainer,findViewById,other,
Threading,Looper1,FLOWDROID,android.support.v4.app.FragmentManagerImpl,moveToState,android.support.v4.app.FragmentManagerImpl,loadAnimation,other,
Threading,Looper1,FLOWDROID,android.support.v4.app.FragmentManagerImpl,moveToState,android.support.v4.app.FragmentManagerImpl,makeInactive,other,
Threading,Looper1,FLOWDROID,android.support.v4.app.FragmentManagerImpl,moveToState,android.support.v4.app.FragmentManagerImpl,moveToState,other,
Threading,Looper1,FLOWDROID,android.support.v4.app.FragmentManagerImpl,moveToState,android.support.v4.app.FragmentManagerImpl,startPendingDeferredFragments,other,
Threading,Looper1,FLOWDROID,android.support.v4.app.FragmentManagerImpl,moveToState,android.support.v4.app.NoSaveStateFrameLayout,wrap,other,
Threading,Looper1,FLOWDROID,android.support.v4.app.FragmentManagerImpl,moveToState,android.view.ViewGroup,addView,other,
Threading,Looper1,FLOWDROID,android.support.v4.app.FragmentManagerImpl,moveToState,android.view.ViewGroup,removeView,other,
Threading,Looper1,FLOWDROID,android.support.v4.app.FragmentManagerImpl,moveToState,java.util.ArrayList,get,other,
Threading,Looper1,FLOWDROID,android.support.v4.app.FragmentManagerImpl,moveToState,java.util.ArrayList,size,other,
Threading,Looper1,FLOWDROID,android.support.v4.app.FragmentManagerImpl,popBackStackImmediate,android.support.v4.app.FragmentManagerImpl,checkStateLoss,other,
Threading,Looper1,FLOWDROID,android.support.v4.app.FragmentManagerImpl,popBackStackImmediate,android.support.v4.app.FragmentManagerImpl,executePendingTransactions,other,
Threading,Looper1,FLOWDROID,android.support.v4.app.FragmentManagerImpl,popBackStackImmediate,android.support.v4.app.FragmentManagerImpl,popBackStackState,other,
Threading,Looper1,FLOWDROID,android.support.v4.app.FragmentManagerImpl,saveAllState,android.support.v4.app.FragmentManagerImpl,execPendingActions,other,
Threading,Looper1,FLOWDROID,android.support.v4.app.FragmentManagerImpl,saveAllState,android.support.v4.app.FragmentManagerImpl,saveFragmentBasicState,other,
Threading,Looper1,FLOWDROID,android.support.v4.app.FragmentManagerImpl,saveAllState,android.support.v4.app.FragmentManagerState,<init>,other,
Threading,Looper1,FLOWDROID,android.support.v4.app.FragmentManagerImpl,saveAllState,java.util.ArrayList,get,other,
Threading,Looper1,FLOWDROID,android.support.v4.app.FragmentManagerImpl,saveAllState,java.util.ArrayList,size,other,
Threading,Looper1,FLOWDROID,android.support.v4.app.FragmentManagerImpl,saveFragmentBasicState,android.os.BaseBundle,isEmpty,other,
Threading,Looper1,FLOWDROID,android.support.v4.app.FragmentManagerImpl,saveFragmentBasicState,android.os.Bundle,<init>,other,
Threading,Looper1,FLOWDROID,android.support.v4.app.FragmentManagerImpl,saveFragmentBasicState,android.support.v4.app.Fragment,performSaveInstanceState,other,
Threading,Looper1,FLOWDROID,android.support.v4.app.FragmentManagerImpl,saveFragmentBasicState,android.support.v4.app.FragmentManagerImpl,saveFragmentViewState,other,
Threading,Looper1,FLOWDROID,android.support.v4.app.FragmentManagerImpl,saveFragmentViewState,android.util.SparseArray,<init>,other,
Threading,Looper1,FLOWDROID,android.support.v4.app.FragmentManagerImpl,saveFragmentViewState,android.util.SparseArray,clear,other,
Threading,Looper1,FLOWDROID,android.support.v4.app.FragmentManagerImpl,saveFragmentViewState,android.util.SparseArray,size,other,
Threading,Looper1,FLOWDROID,android.support.v4.app.FragmentManagerImpl,saveFragmentViewState,android.view.View,saveHierarchyState,other,
Threading,Looper1,FLOWDROID,android.support.v4.app.FragmentManagerImpl,startPendingDeferredFragments,android.support.v4.app.FragmentManagerImpl,performPendingDeferredStart,other,
Threading,Looper1,FLOWDROID,android.support.v4.app.FragmentManagerImpl,startPendingDeferredFragments,java.util.ArrayList,get,other,
Threading,Looper1,FLOWDROID,android.support.v4.app.FragmentManagerImpl,startPendingDeferredFragments,java.util.ArrayList,size,other,
Threading,Looper1,FLOWDROID,android.support.v4.app.FragmentManagerState,writeToParcel,android.os.Parcel,writeIntArray,other,
Threading,Looper1,FLOWDROID,android.support.v4.app.FragmentManagerState,writeToParcel,android.os.Parcel,writeTypedArray,other,
Threading,Looper1,FLOWDROID,android.support.v4.app.FragmentState,<init>,java.lang.Class,getName,reflection,reflection
Threading,Looper1,FLOWDROID,android.support.v4.app.FragmentState,<init>,java.lang.Object,getClass,other,
Threading,Looper1,FLOWDROID,android.support.v4.app.FragmentState,writeToParcel,android.os.Parcel,writeBundle,other,
Threading,Looper1,FLOWDROID,android.support.v4.app.FragmentState,writeToParcel,android.os.Parcel,writeInt,other,
Threading,Looper1,FLOWDROID,android.support.v4.app.FragmentState,writeToParcel,android.os.Parcel,writeString,other,
Threading,Looper1,FLOWDROID,android.support.v4.app.NavUtils,getParentActivityName,android.app.Activity,getComponentName,component,component
Threading,Looper1,FLOWDROID,android.support.v4.app.NavUtils,getParentActivityName,android.content.Context,getPackageManager,ipc,ipc
Threading,Looper1,FLOWDROID,android.support.v4.app.NavUtils,getParentActivityName,android.content.pm.PackageManager,getActivityInfo,other,
Threading,Looper1,FLOWDROID,android.support.v4.app.NavUtils$NavUtilsImplJB,getParentActivityName,android.support.v4.app.NavUtils$NavUtilsImplBase,getParentActivityName,other,
Threading,Looper1,FLOWDROID,android.support.v4.app.NoSaveStateFrameLayout,dispatchSaveInstanceState,android.view.ViewGroup,dispatchFreezeSelfOnly,other,
Threading,Looper1,FLOWDROID,android.support.v4.app.NoSaveStateFrameLayout,wrap,android.support.v4.app.NoSaveStateFrameLayout,<init>,other,
Threading,Looper1,FLOWDROID,android.support.v4.app.NoSaveStateFrameLayout,wrap,android.view.View,getContext,other,
Threading,Looper1,FLOWDROID,android.support.v4.app.NoSaveStateFrameLayout,wrap,android.view.View,getLayoutParams,other,
Threading,Looper1,FLOWDROID,android.support.v4.app.NoSaveStateFrameLayout,wrap,android.view.View,setLayoutParams,other,
Threading,Looper1,FLOWDROID,android.support.v4.app.NoSaveStateFrameLayout,wrap,android.view.ViewGroup,addView,other,
Threading,Looper1,FLOWDROID,android.support.v4.util.SimpleArrayMap,get,android.support.v4.util.SimpleArrayMap,indexOf,other,
Threading,Looper1,FLOWDROID,android.support.v4.util.SimpleArrayMap,get,java.lang.Object,hashCode,other,
Threading,Looper1,FLOWDROID,android.support.v4.view.MenuItemCompat,setShowAsAction,android.support.v4.internal.view.SupportMenuItem,setShowAsAction,other,
Threading,Looper1,FLOWDROID,android.support.v7.app.ActionBarActivity,getMenuInflater,android.support.v7.app.ActionBarActivityDelegate,getMenuInflater,other,
Threading,Looper1,FLOWDROID,android.support.v7.app.ActionBarActivity,onBackPressed,android.support.v4.app.FragmentActivity,onBackPressed,callback,callback|entrypoint
Threading,Looper1,FLOWDROID,android.support.v7.app.ActionBarActivity,onContentChanged,android.support.v7.app.ActionBarActivityDelegate,onContentChanged,callback,callback
Threading,Looper1,FLOWDROID,android.support.v7.app.ActionBarActivity,onCreate,android.support.v7.app.ActionBarActivityDelegate,createDelegate,other,
Threading,Looper1,FLOWDROID,android.support.v7.app.ActionBarActivity,onCreatePanelView,android.support.v7.app.ActionBarActivityDelegate,onCreatePanelView,callback,callback
Threading,Looper1,FLOWDROID,android.support.v7.app.ActionBarActivity,onPrepareOptionsPanel,android.support.v7.app.ActionBarActivityDelegate,onPrepareOptionsPanel,callback,callback
Threading,Looper1,FLOWDROID,android.support.v7.app.ActionBarActivity,onPreparePanel,android.support.v7.app.ActionBarActivityDelegate,onPreparePanel,callback,callback
Threading,Looper1,FLOWDROID,android.support.v7.app.ActionBarActivity,onTitleChanged,android.app.Activity,onTitleChanged,callback,callback|component|entrypoint
Threading,Looper1,FLOWDROID,android.support.v7.app.ActionBarActivity,setContentView,android.support.v7.app.ActionBarActivityDelegate,setContentView,other,
Threading,Looper1,FLOWDROID,android.support.v7.app.ActionBarActivity,superOnCreatePanelMenu,android.support.v4.app.FragmentActivity,onCreatePanelMenu,callback,callback|entrypoint
Threading,Looper1,FLOWDROID,android.support.v7.app.ActionBarActivity,superOnMenuItemSelected,android.support.v4.app.FragmentActivity,onMenuItemSelected,callback,callback|entrypoint
Threading,Looper1,FLOWDROID,android.support.v7.app.ActionBarActivity,superOnPrepareOptionsPanel,android.support.v4.app.FragmentActivity,onPrepareOptionsPanel,callback,callback|entrypoint
Threading,Looper1,FLOWDROID,android.support.v7.app.ActionBarActivity,superOnPreparePanel,android.support.v4.app.FragmentActivity,onPreparePanel,callback,callback|entrypoint
Threading,Looper1,FLOWDROID,android.support.v7.app.ActionBarActivity,superSetContentView,android.app.Activity,setContentView,component,component
Threading,Looper1,FLOWDROID,android.support.v7.app.ActionBarActivityDelegate,createDelegate,android.support.v7.app.ActionBarActivityDelegateJBMR2,<init>,other,
Threading,Looper1,FLOWDROID,android.support.v7.app.ActionBarActivityDelegate,getActionBarThemedContext,android.support.v7.app.ActionBar,getThemedContext,other,
Threading,Looper1,FLOWDROID,android.support.v7.app.ActionBarActivityDelegate,getActionBarThemedContext,android.support.v7.app.ActionBarActivityDelegate,getSupportActionBar,other,
Threading,Looper1,FLOWDROID,android.support.v7.app.ActionBarActivityDelegate,getMenuInflater,android.support.v7.app.ActionBarActivityDelegate,getActionBarThemedContext,other,
Threading,Looper1,FLOWDROID,android.support.v7.app.ActionBarActivityDelegate,getMenuInflater,android.support.v7.internal.view.SupportMenuInflater,<init>,other,
Threading,Looper1,FLOWDROID,android.support.v7.app.ActionBarActivityDelegate,getSupportActionBar,android.support.v7.app.ActionBarActivityDelegate,createSupportActionBar,other,
Threading,Looper1,FLOWDROID,android.support.v7.app.ActionBarActivityDelegate,getUiOptionsFromMetadata,android.app.Activity,getComponentName,component,component
Threading,Looper1,FLOWDROID,android.support.v7.app.ActionBarActivityDelegate,getUiOptionsFromMetadata,android.content.ContextWrapper,getPackageManager,ipc,ipc
Threading,Looper1,FLOWDROID,android.support.v7.app.ActionBarActivityDelegate,getUiOptionsFromMetadata,android.content.pm.PackageManager,getActivityInfo,other,
Threading,Looper1,FLOWDROID,android.support.v7.app.ActionBarActivityDelegate,onCreate,android.content.Context,obtainStyledAttributes,ipc,ipc
Threading,Looper1,FLOWDROID,android.support.v7.app.ActionBarActivityDelegate,onCreate,android.content.res.TypedArray,getBoolean,other,
Threading,Looper1,FLOWDROID,android.support.v7.app.ActionBarActivityDelegate,onCreate,android.content.res.TypedArray,hasValue,other,
Threading,Looper1,FLOWDROID,android.support.v7.app.ActionBarActivityDelegate,onCreate,android.content.res.TypedArray,recycle,other,
Threading,Looper1,FLOWDROID,android.support.v7.app.ActionBarActivityDelegate,onCreate,android.support.v4.app.NavUtils,getParentActivityName,other,
Threading,Looper1,FLOWDROID,android.support.v7.app.ActionBarActivityDelegate,onPrepareOptionsPanel,android.support.v7.app.ActionBarActivity,superOnPrepareOptionsPanel,other,
Threading,Looper1,FLOWDROID,android.support.v7.app.ActionBarActivityDelegateICS,createWindowCallbackWrapper,android.support.v7.app.ActionBarActivityDelegateICS$WindowCallbackWrapper,<init>,other,
Threading,Looper1,FLOWDROID,android.support.v7.app.ActionBarActivityDelegateICS,onContentChanged,android.support.v7.app.ActionBarActivity,onSupportContentChanged,callback,callback|entrypoint
Threading,Looper1,FLOWDROID,android.support.v7.app.ActionBarActivityDelegateICS,onCreate,android.app.Activity,getWindow,component,component
Threading,Looper1,FLOWDROID,android.support.v7.app.ActionBarActivityDelegateICS,onCreate,android.app.Activity,requestWindowFeature,component,component
Threading,Looper1,FLOWDROID,android.support.v7.app.ActionBarActivityDelegateICS,onCreate,android.support.v7.app.ActionBarActivityDelegate,getUiOptionsFromMetadata,other,
Threading,Looper1,FLOWDROID,android.support.v7.app.ActionBarActivityDelegateICS,onCreate,android.support.v7.app.ActionBarActivityDelegateICS,createWindowCallbackWrapper,other,
Threading,Looper1,FLOWDROID,android.support.v7.app.ActionBarActivityDelegateICS,onCreate,android.view.Window,getCallback,other,
Threading,Looper1,FLOWDROID,android.support.v7.app.ActionBarActivityDelegateICS,onCreate,android.view.Window,setCallback,other,
Threading,Looper1,FLOWDROID,android.support.v7.app.ActionBarActivityDelegateICS,onCreate,java.lang.String,equals,other,
Threading,Looper1,FLOWDROID,android.support.v7.app.ActionBarActivityDelegateICS,onCreatePanelMenu,android.support.v7.app.ActionBarActivity,superOnCreatePanelMenu,other,
Threading,Looper1,FLOWDROID,android.support.v7.app.ActionBarActivityDelegateICS,onCreatePanelMenu,android.support.v7.internal.view.menu.MenuWrapperFactory,createMenuWrapper,other,
Threading,Looper1,FLOWDROID,android.support.v7.app.ActionBarActivityDelegateICS,onMenuItemSelected,android.support.v7.app.ActionBarActivity,superOnMenuItemSelected,other,
Threading,Looper1,FLOWDROID,android.support.v7.app.ActionBarActivityDelegateICS,onMenuItemSelected,android.support.v7.internal.view.menu.MenuWrapperFactory,createMenuItemWrapper,other,
Threading,Looper1,FLOWDROID,android.support.v7.app.ActionBarActivityDelegateICS,onPreparePanel,android.support.v7.app.ActionBarActivity,superOnPreparePanel,other,
Threading,Looper1,FLOWDROID,android.support.v7.app.ActionBarActivityDelegateICS,setContentView,android.support.v7.app.ActionBarActivity,superSetContentView,other,
Threading,Looper1,FLOWDROID,android.support.v7.app.ActionBarActivityDelegateICS$WindowCallbackWrapper,dispatchKeyEvent,android.view.Window$Callback,dispatchKeyEvent,other,
Threading,Looper1,FLOWDROID,android.support.v7.app.ActionBarActivityDelegateICS$WindowCallbackWrapper,dispatchTouchEvent,android.view.Window$Callback,dispatchTouchEvent,other,
Threading,Looper1,FLOWDROID,android.support.v7.app.ActionBarActivityDelegateICS$WindowCallbackWrapper,dispatchTrackballEvent,android.view.Window$Callback,dispatchTrackballEvent,other,
Threading,Looper1,FLOWDROID,android.support.v7.app.ActionBarActivityDelegateICS$WindowCallbackWrapper,onAttachedToWindow,android.view.Window$Callback,onAttachedToWindow,callback,callback
Threading,Looper1,FLOWDROID,android.support.v7.app.ActionBarActivityDelegateICS$WindowCallbackWrapper,onDetachedFromWindow,android.view.Window$Callback,onDetachedFromWindow,callback,callback
Threading,Looper1,FLOWDROID,android.support.v7.app.ActionBarActivityDelegateICS$WindowCallbackWrapper,onMenuOpened,android.view.Window$Callback,onMenuOpened,callback,callback
Threading,Looper1,FLOWDROID,android.support.v7.app.ActionBarActivityDelegateICS$WindowCallbackWrapper,onWindowAttributesChanged,android.view.Window$Callback,onWindowAttributesChanged,callback,callback
Threading,Looper1,FLOWDROID,android.support.v7.app.ActionBarActivityDelegateICS$WindowCallbackWrapper,onWindowFocusChanged,android.view.Window$Callback,onWindowFocusChanged,callback,callback
Threading,Looper1,FLOWDROID,android.support.v7.app.ActionBarActivityDelegateJBMR2,createSupportActionBar,android.support.v7.app.ActionBarImplJBMR2,<init>,other,
Threading,Looper1,FLOWDROID,android.support.v7.app.ActionBarImplICS,<init>,android.app.Activity,getActionBar,component,component
Threading,Looper1,FLOWDROID,android.support.v7.app.ActionBarImplICS,getThemedContext,android.app.ActionBar,getThemedContext,other,
Threading,Looper1,FLOWDROID,android.support.v7.internal.view.SupportMenuInflater,inflate,android.content.Context,getResources,ipc,ipc
Threading,Looper1,FLOWDROID,android.support.v7.internal.view.SupportMenuInflater,inflate,android.content.res.Resources,getLayout,other,
Threading,Looper1,FLOWDROID,android.support.v7.internal.view.SupportMenuInflater,inflate,android.content.res.XmlResourceParser,close,other,
Threading,Looper1,FLOWDROID,android.support.v7.internal.view.SupportMenuInflater,inflate,android.support.v7.internal.view.SupportMenuInflater,parseMenu,other,
Threading,Looper1,FLOWDROID,android.support.v7.internal.view.SupportMenuInflater,inflate,android.util.Xml,asAttributeSet,other,
Threading,Looper1,FLOWDROID,android.support.v7.internal.view.SupportMenuInflater,parseMenu,android.support.v7.internal.view.SupportMenuInflater$MenuState,<init>,other,
Threading,Looper1,FLOWDROID,android.support.v7.internal.view.SupportMenuInflater,parseMenu,android.support.v7.internal.view.SupportMenuInflater$MenuState,access$000,other,
Threading,Looper1,FLOWDROID,android.support.v7.internal.view.SupportMenuInflater,parseMenu,android.support.v7.internal.view.SupportMenuInflater$MenuState,addItem,other,
Threading,Looper1,FLOWDROID,android.support.v7.internal.view.SupportMenuInflater,parseMenu,android.support.v7.internal.view.SupportMenuInflater$MenuState,hasAddedItem,other,
Threading,Looper1,FLOWDROID,android.support.v7.internal.view.SupportMenuInflater,parseMenu,android.support.v7.internal.view.SupportMenuInflater$MenuState,readItem,other,
Threading,Looper1,FLOWDROID,android.support.v7.internal.view.SupportMenuInflater,parseMenu,java.lang.String,equals,other,
Threading,Looper1,FLOWDROID,android.support.v7.internal.view.SupportMenuInflater,parseMenu,org.xmlpull.v1.XmlPullParser,getEventType,other,
Threading,Looper1,FLOWDROID,android.support.v7.internal.view.SupportMenuInflater,parseMenu,org.xmlpull.v1.XmlPullParser,getName,other,
Threading,Looper1,FLOWDROID,android.support.v7.internal.view.SupportMenuInflater,parseMenu,org.xmlpull.v1.XmlPullParser,next,other,
Threading,Looper1,FLOWDROID,android.support.v7.internal.view.SupportMenuInflater$MenuState,<init>,android.support.v7.internal.view.SupportMenuInflater$MenuState,resetGroup,other,
Threading,Looper1,FLOWDROID,android.support.v7.internal.view.SupportMenuInflater$MenuState,addItem,android.support.v7.internal.view.SupportMenuInflater$MenuState,setItem,other,
Threading,Looper1,FLOWDROID,android.support.v7.internal.view.SupportMenuInflater$MenuState,addItem,android.view.Menu,add,other,
Threading,Looper1,FLOWDROID,android.support.v7.internal.view.SupportMenuInflater$MenuState,readItem,android.content.Context,obtainStyledAttributes,ipc,ipc
Threading,Looper1,FLOWDROID,android.support.v7.internal.view.SupportMenuInflater$MenuState,readItem,android.content.res.TypedArray,getBoolean,other,
Threading,Looper1,FLOWDROID,android.support.v7.internal.view.SupportMenuInflater$MenuState,readItem,android.content.res.TypedArray,getInt,other,
Threading,Looper1,FLOWDROID,android.support.v7.internal.view.SupportMenuInflater$MenuState,readItem,android.content.res.TypedArray,getResourceId,other,
Threading,Looper1,FLOWDROID,android.support.v7.internal.view.SupportMenuInflater$MenuState,readItem,android.content.res.TypedArray,getString,other,
Threading,Looper1,FLOWDROID,android.support.v7.internal.view.SupportMenuInflater$MenuState,readItem,android.content.res.TypedArray,getText,other,
Threading,Looper1,FLOWDROID,android.support.v7.internal.view.SupportMenuInflater$MenuState,readItem,android.content.res.TypedArray,hasValue,other,
Threading,Looper1,FLOWDROID,android.support.v7.internal.view.SupportMenuInflater$MenuState,readItem,android.content.res.TypedArray,recycle,other,
Threading,Looper1,FLOWDROID,android.support.v7.internal.view.SupportMenuInflater$MenuState,readItem,android.support.v7.internal.view.SupportMenuInflater,access$100,other,
Threading,Looper1,FLOWDROID,android.support.v7.internal.view.SupportMenuInflater$MenuState,readItem,android.support.v7.internal.view.SupportMenuInflater$MenuState,getShortcut,other,
Threading,Looper1,FLOWDROID,android.support.v7.internal.view.SupportMenuInflater$MenuState,setItem,android.support.v4.view.MenuItemCompat,setShowAsAction,other,
Threading,Looper1,FLOWDROID,android.support.v7.internal.view.SupportMenuInflater$MenuState,setItem,android.view.MenuItem,setAlphabeticShortcut,other,
Threading,Looper1,FLOWDROID,android.support.v7.internal.view.SupportMenuInflater$MenuState,setItem,android.view.MenuItem,setCheckable,other,
Threading,Looper1,FLOWDROID,android.support.v7.internal.view.SupportMenuInflater$MenuState,setItem,android.view.MenuItem,setChecked,other,
Threading,Looper1,FLOWDROID,android.support.v7.internal.view.SupportMenuInflater$MenuState,setItem,android.view.MenuItem,setEnabled,other,
Threading,Looper1,FLOWDROID,android.support.v7.internal.view.SupportMenuInflater$MenuState,setItem,android.view.MenuItem,setIcon,other,
Threading,Looper1,FLOWDROID,android.support.v7.internal.view.SupportMenuInflater$MenuState,setItem,android.view.MenuItem,setNumericShortcut,other,
Threading,Looper1,FLOWDROID,android.support.v7.internal.view.SupportMenuInflater$MenuState,setItem,android.view.MenuItem,setTitleCondensed,other,
Threading,Looper1,FLOWDROID,android.support.v7.internal.view.SupportMenuInflater$MenuState,setItem,android.view.MenuItem,setVisible,other,
Threading,Looper1,FLOWDROID,android.support.v7.internal.view.menu.BaseMenuWrapper,getMenuItemWrapper,android.support.v7.internal.view.menu.MenuWrapperFactory,createSupportMenuItemWrapper,other,
Threading,Looper1,FLOWDROID,android.support.v7.internal.view.menu.BaseMenuWrapper,getMenuItemWrapper,java.util.HashMap,<init>,other,
Threading,Looper1,FLOWDROID,android.support.v7.internal.view.menu.BaseMenuWrapper,getMenuItemWrapper,java.util.HashMap,get,other,
Threading,Looper1,FLOWDROID,android.support.v7.internal.view.menu.BaseMenuWrapper,getMenuItemWrapper,java.util.HashMap,put,other,
Threading,Looper1,FLOWDROID,android.support.v7.internal.view.menu.MenuItemWrapperICS,<init>,android.view.MenuItem,isVisible,other,
Threading,Looper1,FLOWDROID,android.support.v7.internal.view.menu.MenuItemWrapperICS,getItemId,android.view.MenuItem,getItemId,other,
Threading,Looper1,FLOWDROID,android.support.v7.internal.view.menu.MenuItemWrapperICS,getTitleCondensed,android.view.MenuItem,getTitleCondensed,other,
Threading,Looper1,FLOWDROID,android.support.v7.internal.view.menu.MenuItemWrapperICS,setChecked,android.view.MenuItem,setChecked,other,
Threading,Looper1,FLOWDROID,android.support.v7.internal.view.menu.MenuItemWrapperICS,setVisible,android.support.v7.internal.view.menu.MenuItemWrapperICS,wrappedSetVisible,other,
Threading,Looper1,FLOWDROID,android.support.v7.internal.view.menu.MenuItemWrapperICS,wrappedSetVisible,android.view.MenuItem,setVisible,other,
Threading,Looper1,FLOWDROID,android.support.v7.internal.view.menu.MenuWrapperFactory,createMenuItemWrapper,android.support.v7.internal.view.menu.MenuItemWrapperJB,<init>,other,
Threading,Looper1,FLOWDROID,android.support.v7.internal.view.menu.MenuWrapperFactory,createMenuWrapper,android.support.v7.internal.view.menu.MenuWrapperICS,<init>,other,
Threading,Looper1,FLOWDROID,android.support.v7.internal.view.menu.MenuWrapperFactory,createSupportMenuItemWrapper,android.support.v7.internal.view.menu.MenuItemWrapperJB,<init>,other,
Threading,Looper1,FLOWDROID,android.support.v7.internal.view.menu.MenuWrapperICS,add,android.support.v7.internal.view.menu.BaseMenuWrapper,getMenuItemWrapper,other,
Threading,Looper1,FLOWDROID,android.support.v7.internal.view.menu.MenuWrapperICS,add,android.view.Menu,add,other,
Threading,Looper1,FLOWDROID,de.ecspride.MainActivity,onCreate,android.content.Context,getSystemService,ipc,ipc
Threading,Looper1,FLOWDROID,de.ecspride.MainActivity,onCreate,android.support.v4.app.FragmentManager,beginTransaction,other,
Threading,Looper1,FLOWDROID,de.ecspride.MainActivity,onCreate,android.support.v4.app.FragmentTransaction,add,other,
Threading,Looper1,FLOWDROID,de.ecspride.MainActivity,onCreate,android.support.v4.app.FragmentTransaction,commit,other,
Threading,Looper1,FLOWDROID,de.ecspride.MainActivity,onCreate,android.telephony.TelephonyManager,getDeviceId,sensitive_api,sensitive_api|telephony
Threading,Looper1,FLOWDROID,de.ecspride.MainActivity,onCreateOptionsMenu,android.view.MenuInflater,inflate,other,
Threading,Looper1,FLOWDROID,de.ecspride.MainActivity,onOptionsItemSelected,android.view.MenuItem,getItemId,other,
Threading,Looper1,FLOWDROID,de.ecspride.MainActivity$PlaceholderFragment,onCreateView,android.view.LayoutInflater,inflate,other,
Threading,Looper1,GATOR,android.support.v4.app.FragmentActivity,onCreate,android.view.LayoutInflater,getFactory,other,
Threading,Looper1,GATOR,android.support.v4.app.FragmentActivity,onCreate,android.view.LayoutInflater,setFactory,other,
Threading,Looper1,GATOR,android.support.v4.app.NavUtils,getParentActivityName,android.content.pm.PackageManager,getActivityInfo,other,
Threading,Looper1,GATOR,android.support.v7.app.ActionBarActivityDelegate,getUiOptionsFromMetadata,android.content.pm.PackageManager,getActivityInfo,other,
Threading,Looper1,GATOR,android.support.v7.app.ActionBarActivityDelegateICS,onCreate,android.view.Window,getCallback,other,
Threading,Looper1,GATOR,android.support.v7.app.ActionBarActivityDelegateICS,onCreate,android.view.Window,setCallback,other,
Threading,Looper1,GATOR,android.support.v7.internal.view.SupportMenuInflater,inflate,android.content.res.XmlResourceParser,close,other,
Threading,Looper1,GATOR,android.support.v7.internal.view.SupportMenuInflater,parseMenu,org.xmlpull.v1.XmlPullParser,getEventType,other,
Threading,Looper1,GATOR,android.support.v7.internal.view.SupportMenuInflater,parseMenu,org.xmlpull.v1.XmlPullParser,getName,other,
Threading,Looper1,GATOR,android.support.v7.internal.view.SupportMenuInflater,parseMenu,org.xmlpull.v1.XmlPullParser,next,other,
Threading,Looper1,GATOR,de.ecspride.MainActivity$PlaceholderFragment,onCreateView,android.view.LayoutInflater,inflate,other,
Threading,Looper1,MAMADROID,android.support.v4.app.BackStackRecord,add,android.support.v4.app.BackStackRecord,doAddOp,other,
Threading,Looper1,MAMADROID,android.support.v4.app.BackStackRecord,commit,android.support.v4.app.BackStackRecord,commitInternal,other,
Threading,Looper1,MAMADROID,android.support.v4.app.BackStackRecord,commitInternal,android.support.v4.app.FragmentManagerImpl,enqueueAction,other,
Threading,Looper1,MAMADROID,android.support.v4.app.BackStackRecord,doAddOp,android.support.v4.app.BackStackRecord,addOp,other,
Threading,Looper1,MAMADROID,android.support.v4.app.BackStackRecord,doAddOp,android.support.v4.app.BackStackRecord$Op,<init>,other,
Threading,Looper1,MAMADROID,android.support.v4.app.BackStackRecord,run,android.support.v4.app.BackStackRecord,bumpBackStackNesting,other,
Threading,Looper1,MAMADROID,android.support.v4.app.BackStackRecord,run,android.support.v4.app.FragmentManagerImpl,addFragment,other,
Threading,Looper1,MAMADROID,android.support.v4.app.BackStackRecord,run,android.support.v4.app.FragmentManagerImpl,moveToState,other,
Threading,Looper1,MAMADROID,android.support.v4.app.Fragment,getLayoutInflater,android.app.Activity,getLayoutInflater,component,component
Threading,Looper1,MAMADROID,android.support.v4.app.Fragment,onStart,android.support.v4.app.FragmentActivity,getLoaderManager,other,
Threading,Looper1,MAMADROID,android.support.v4.app.Fragment,performActivityCreated,android.support.v4.app.Fragment,onActivityCreated,callback,callback|entrypoint
Threading,Looper1,MAMADROID,android.support.v4.app.Fragment,performCreate,android.support.v4.app.Fragment,onCreate,callback,callback|entrypoint
Threading,Looper1,MAMADROID,android.support.v4.app.Fragment,performCreateView,android.support.v4.app.Fragment,onCreateView,callback,callback|entrypoint
Threading,Looper1,MAMADROID,android.support.v4.app.Fragment,performDestroy,android.support.v4.app.Fragment,onDestroy,callback,callback|entrypoint
Threading,Looper1,MAMADROID,android.support.v4.app.Fragment,performDestroyView,android.support.v4.app.Fragment,onDestroyView,callback,callback|entrypoint
Threading,Looper1,MAMADROID,android.support.v4.app.Fragment,performPause,android.support.v4.app.Fragment,onPause,callback,callback|entrypoint
Threading,Looper1,MAMADROID,android.support.v4.app.Fragment,performResume,android.support.v4.app.Fragment,onResume,callback,callback|entrypoint
Threading,Looper1,MAMADROID,android.support.v4.app.Fragment,performSaveInstanceState,android.support.v4.app.Fragment,onSaveInstanceState,callback,callback|entrypoint
Threading,Looper1,MAMADROID,android.support.v4.app.Fragment,performStart,android.support.v4.app.Fragment,onStart,callback,callback|entrypoint
Threading,Looper1,MAMADROID,android.support.v4.app.Fragment,performStop,android.support.v4.app.Fragment,onStop,callback,callback|entrypoint
Threading,Looper1,MAMADROID,android.support.v4.app.Fragment,restoreViewState,android.support.v4.app.Fragment,onViewStateRestored,callback,callback|entrypoint
Threading,Looper1,MAMADROID,android.support.v4.app.Fragment,setIndex,java.lang.StringBuilder,<init>,other,
Threading,Looper1,MAMADROID,android.support.v4.app.Fragment,setIndex,java.lang.StringBuilder,append,other,
Threading,Looper1,MAMADROID,android.support.v4.app.Fragment,setIndex,java.lang.StringBuilder,toString,other,
Threading,Looper1,MAMADROID,android.support.v4.app.FragmentActivity,doReallyStop,android.os.Handler,removeMessages,other,
Threading,Looper1,MAMADROID,android.support.v4.app.FragmentActivity,doReallyStop,android.support.v4.app.FragmentActivity,onReallyStop,callback,callback|entrypoint
Threading,Looper1,MAMADROID,android.support.v4.app.FragmentActivity,getLoaderManager,android.support.v4.util.SimpleArrayMap,<init>,other,
Threading,Looper1,MAMADROID,android.support.v4.app.FragmentActivity,getLoaderManager,android.support.v4.util.SimpleArrayMap,get,other,
Threading,Looper1,MAMADROID,android.support.v4.app.FragmentActivity,invalidateSupportFragment,android.support.v4.util.SimpleArrayMap,get,other,
Threading,Looper1,MAMADROID,android.support.v4.app.FragmentActivity,onBackPressed,android.app.Activity,finish,component,component
Threading,Looper1,MAMADROID,android.support.v4.app.FragmentActivity,onBackPressed,android.support.v4.app.FragmentManagerImpl,popBackStackImmediate,other,
Threading,Looper1,MAMADROID,android.support.v4.app.FragmentActivity,onCreate,android.app.Activity,getLastNonConfigurationInstance,component,component
Threading,Looper1,MAMADROID,android.support.v4.app.FragmentActivity,onCreate,android.app.Activity,getLayoutInflater,component,component
Threading,Looper1,MAMADROID,android.support.v4.app.FragmentActivity,onCreate,android.support.v4.app.FragmentManagerImpl,attachActivity,other,
Threading,Looper1,MAMADROID,android.support.v4.app.FragmentActivity,onCreate,android.support.v4.app.FragmentManagerImpl,dispatchCreate,other,
Threading,Looper1,MAMADROID,android.support.v4.app.FragmentActivity,onCreate,android.view.LayoutInflater,getFactory,other,
Threading,Looper1,MAMADROID,android.support.v4.app.FragmentActivity,onCreate,android.view.LayoutInflater,setFactory,other,
Threading,Looper1,MAMADROID,android.support.v4.app.FragmentActivity,onCreatePanelMenu,android.app.Activity,getMenuInflater,component,component
Threading,Looper1,MAMADROID,android.support.v4.app.FragmentActivity,onCreatePanelMenu,android.app.Activity,onCreatePanelMenu,callback,callback|component|entrypoint
Threading,Looper1,MAMADROID,android.support.v4.app.FragmentActivity,onCreatePanelMenu,android.support.v4.app.FragmentManagerImpl,dispatchCreateOptionsMenu,other,
Threading,Looper1,MAMADROID,android.support.v4.app.FragmentActivity,onCreateView,android.app.Activity,onCreateView,callback,callback|component|entrypoint
Threading,Looper1,MAMADROID,android.support.v4.app.FragmentActivity,onCreateView,java.lang.String,equals,other,
Threading,Looper1,MAMADROID,android.support.v4.app.FragmentActivity,onDestroy,android.app.Activity,onDestroy,callback,callback|component|entrypoint
Threading,Looper1,MAMADROID,android.support.v4.app.FragmentActivity,onDestroy,android.support.v4.app.FragmentActivity,doReallyStop,other,
Threading,Looper1,MAMADROID,android.support.v4.app.FragmentActivity,onDestroy,android.support.v4.app.FragmentManagerImpl,dispatchDestroy,other,
Threading,Looper1,MAMADROID,android.support.v4.app.FragmentActivity,onKeyDown,android.app.Activity,onKeyDown,callback,callback|component|entrypoint
Threading,Looper1,MAMADROID,android.support.v4.app.FragmentActivity,onMenuItemSelected,android.app.Activity,onMenuItemSelected,callback,callback|component|entrypoint
Threading,Looper1,MAMADROID,android.support.v4.app.FragmentActivity,onPanelClosed,android.app.Activity,onPanelClosed,callback,callback|component|entrypoint
Threading,Looper1,MAMADROID,android.support.v4.app.FragmentActivity,onPause,android.app.Activity,onPause,callback,callback|component|entrypoint
Threading,Looper1,MAMADROID,android.support.v4.app.FragmentActivity,onPause,android.os.Handler,hasMessages,other,
Threading,Looper1,MAMADROID,android.support.v4.app.FragmentActivity,onPause,android.support.v4.app.FragmentManagerImpl,dispatchPause,other,
Threading,Looper1,MAMADROID,android.support.v4.app.FragmentActivity,onPostResume,android.app.Activity,onPostResume,callback,callback|component|entrypoint
Threading,Looper1,MAMADROID,android.support.v4.app.FragmentActivity,onPostResume,android.os.Handler,removeMessages,other,
Threading,Looper1,MAMADROID,android.support.v4.app.FragmentActivity,onPostResume,android.support.v4.app.FragmentActivity,onResumeFragments,callback,callback|entrypoint
Threading,Looper1,MAMADROID,android.support.v4.app.FragmentActivity,onPostResume,android.support.v4.app.FragmentManagerImpl,execPendingActions,other,
Threading,Looper1,MAMADROID,android.support.v4.app.FragmentActivity,onPrepareOptionsPanel,android.app.Activity,onPreparePanel,callback,callback|component|entrypoint
Threading,Looper1,MAMADROID,android.support.v4.app.FragmentActivity,onPreparePanel,android.support.v4.app.FragmentActivity,onPrepareOptionsPanel,callback,callback|entrypoint
Threading,Looper1,MAMADROID,android.support.v4.app.FragmentActivity,onPreparePanel,android.support.v4.app.FragmentManagerImpl,dispatchPrepareOptionsMenu,other,
Threading,Looper1,MAMADROID,android.support.v4.app.FragmentActivity,onReallyStop,android.support.v4.app.FragmentManagerImpl,dispatchReallyStop,other,
Threading,Looper1,MAMADROID,android.support.v4.app.FragmentActivity,onResume,android.app.Activity,onResume,callback,callback|component|entrypoint
Threading,Looper1,MAMADROID,android.support.v4.app.FragmentActivity,onResume,android.os.Handler,sendEmptyMessage,other,
Threading,Looper1,MAMADROID,android.support.v4.app.FragmentActivity,onResume,android.support.v4.app.FragmentManagerImpl,execPendingActions,other,
Threading,Looper1,MAMADROID,android.support.v4.app.FragmentActivity,onResumeFragments,android.support.v4.app.FragmentManagerImpl,dispatchResume,other,
Threading,Looper1,MAMADROID,android.support.v4.app.FragmentActivity,onSaveInstanceState,android.app.Activity,onSaveInstanceState,callback,callback|component|entrypoint
Threading,Looper1,MAMADROID,android.support.v4.app.FragmentActivity,onSaveInstanceState,android.os.Bundle,putParcelable,other,
Threading,Looper1,MAMADROID,android.support.v4.app.FragmentActivity,onSaveInstanceState,android.support.v4.app.FragmentManagerImpl,saveAllState,other,
Threading,Looper1,MAMADROID,android.support.v4.app.FragmentActivity,onStart,android.app.Activity,onStart,callback,callback|component|entrypoint
Threading,Looper1,MAMADROID,android.support.v4.app.FragmentActivity,onStart,android.os.Handler,removeMessages,other,
Threading,Looper1,MAMADROID,android.support.v4.app.FragmentActivity,onStart,android.support.v4.app.FragmentManagerImpl,dispatchActivityCreated,other,
Threading,Looper1,MAMADROID,android.support.v4.app.FragmentActivity,onStart,android.support.v4.app.FragmentManagerImpl,dispatchStart,other,
Threading,Looper1,MAMADROID,android.support.v4.app.FragmentActivity,onStart,android.support.v4.app.FragmentManagerImpl,execPendingActions,other,
Threading,Looper1,MAMADROID,android.support.v4.app.FragmentActivity,onStart,android.support.v4.app.FragmentManagerImpl,noteStateNotSaved,other,
Threading,Looper1,MAMADROID,android.support.v4.app.FragmentActivity,onStart,android.support.v4.util.SimpleArrayMap,size,other,
Threading,Looper1,MAMADROID,android.support.v4.app.FragmentActivity,onStop,android.app.Activity,onStop,callback,callback|component|entrypoint
Threading,Looper1,MAMADROID,android.support.v4.app.FragmentActivity,onStop,android.os.Handler,sendEmptyMessage,other,
Threading,Looper1,MAMADROID,android.support.v4.app.FragmentActivity,onStop,android.support.v4.app.FragmentManagerImpl,dispatchStop,other,
Threading,Looper1,MAMADROID,android.support.v4.app.FragmentActivity$1,handleMessage,android.support.v4.app.FragmentActivity,doReallyStop,other,
Threading,Looper1,MAMADROID,android.support.v4.app.FragmentActivity$2,findViewById,android.app.Activity,findViewById,component,component
Threading,Looper1,MAMADROID,android.support.v4.app.FragmentManagerImpl,addFragment,android.support.v4.app.FragmentManagerImpl,makeActive,other,
Threading,Looper1,MAMADROID,android.support.v4.app.FragmentManagerImpl,addFragment,java.util.ArrayList,<init>,other,
Threading,Looper1,MAMADROID,android.support.v4.app.FragmentManagerImpl,addFragment,java.util.ArrayList,add,other,
Threading,Looper1,MAMADROID,android.support.v4.app.FragmentManagerImpl,addFragment,java.util.ArrayList,contains,other,
Threading,Looper1,MAMADROID,android.support.v4.app.FragmentManagerImpl,beginTransaction,android.support.v4.app.BackStackRecord,<init>,other,
Threading,Looper1,MAMADROID,android.support.v4.app.FragmentManagerImpl,dispatchActivityCreated,android.support.v4.app.FragmentManagerImpl,moveToState,other,
Threading,Looper1,MAMADROID,android.support.v4.app.FragmentManagerImpl,dispatchCreate,android.support.v4.app.FragmentManagerImpl,moveToState,other,
Threading,Looper1,MAMADROID,android.support.v4.app.FragmentManagerImpl,dispatchCreateOptionsMenu,android.support.v4.app.Fragment,performCreateOptionsMenu,other,
Threading,Looper1,MAMADROID,android.support.v4.app.FragmentManagerImpl,dispatchCreateOptionsMenu,java.util.ArrayList,get,other,
Threading,Looper1,MAMADROID,android.support.v4.app.FragmentManagerImpl,dispatchCreateOptionsMenu,java.util.ArrayList,size,other,
Threading,Looper1,MAMADROID,android.support.v4.app.FragmentManagerImpl,dispatchDestroy,android.support.v4.app.FragmentManagerImpl,execPendingActions,other,
Threading,Looper1,MAMADROID,android.support.v4.app.FragmentManagerImpl,dispatchDestroy,android.support.v4.app.FragmentManagerImpl,moveToState,other,
Threading,Looper1,MAMADROID,android.support.v4.app.FragmentManagerImpl,dispatchPause,android.support.v4.app.FragmentManagerImpl,moveToState,other,
Threading,Looper1,MAMADROID,android.support.v4.app.FragmentManagerImpl,dispatchPrepareOptionsMenu,android.support.v4.app.Fragment,performPrepareOptionsMenu,other,
Threading,Looper1,MAMADROID,android.support.v4.app.FragmentManagerImpl,dispatchPrepareOptionsMenu,java.util.ArrayList,get,other,
Threading,Looper1,MAMADROID,android.support.v4.app.FragmentManagerImpl,dispatchPrepareOptionsMenu,java.util.ArrayList,size,other,
Threading,Looper1,MAMADROID,android.support.v4.app.FragmentManagerImpl,dispatchReallyStop,android.support.v4.app.FragmentManagerImpl,moveToState,other,
Threading,Looper1,MAMADROID,android.support.v4.app.FragmentManagerImpl,dispatchResume,android.support.v4.app.FragmentManagerImpl,moveToState,other,
Threading,Looper1,MAMADROID,android.support.v4.app.FragmentManagerImpl,dispatchStart,android.support.v4.app.FragmentManagerImpl,moveToState,other,
Threading,Looper1,MAMADROID,android.support.v4.app.FragmentManagerImpl,dispatchStop,android.support.v4.app.FragmentManagerImpl,moveToState,other,
Threading,Looper1,MAMADROID,android.support.v4.app.FragmentManagerImpl,enqueueAction,android.os.Handler,post,other,
Threading,Looper1,MAMADROID,android.support.v4.app.FragmentManagerImpl,enqueueAction,android.os.Handler,removeCallbacks,other,
Threading,Looper1,MAMADROID,android.support.v4.app.FragmentManagerImpl,enqueueAction,android.support.v4.app.FragmentManagerImpl,checkStateLoss,other,
Threading,Looper1,MAMADROID,android.support.v4.app.FragmentManagerImpl,enqueueAction,java.util.ArrayList,<init>,other,
Threading,Looper1,MAMADROID,android.support.v4.app.FragmentManagerImpl,enqueueAction,java.util.ArrayList,add,other,
Threading,Looper1,MAMADROID,android.support.v4.app.FragmentManagerImpl,enqueueAction,java.util.ArrayList,size,other,
Threading,Looper1,MAMADROID,android.support.v4.app.FragmentManagerImpl,execPendingActions,android.os.Handler,getLooper,other,
Threading,Looper1,MAMADROID,android.support.v4.app.FragmentManagerImpl,execPendingActions,android.os.Handler,removeCallbacks,other,
Threading,Looper1,MAMADROID,android.support.v4.app.FragmentManagerImpl,execPendingActions,android.os.Looper,myLooper,other,
Threading,Looper1,MAMADROID,android.support.v4.app.FragmentManagerImpl,execPendingActions,java.lang.Runnable,run,other,
Threading,Looper1,MAMADROID,android.support.v4.app.FragmentManagerImpl,execPendingActions,java.util.ArrayList,clear,other,
Threading,Looper1,MAMADROID,android.support.v4.app.FragmentManagerImpl,execPendingActions,java.util.ArrayList,size,other,
Threading,Looper1,MAMADROID,android.support.v4.app.FragmentManagerImpl,execPendingActions,java.util.ArrayList,toArray,other,
Threading,Looper1,MAMADROID,android.support.v4.app.FragmentManagerImpl,executePendingTransactions,android.support.v4.app.FragmentManagerImpl,execPendingActions,other,
Threading,Looper1,MAMADROID,android.support.v4.app.FragmentManagerImpl,loadAnimation,android.support.v4.app.Fragment,onCreateAnimation,callback,callback|entrypoint
Threading,Looper1,MAMADROID,android.support.v4.app.FragmentManagerImpl,makeActive,android.support.v4.app.Fragment,setIndex,other,
Threading,Looper1,MAMADROID,android.support.v4.app.FragmentManagerImpl,makeActive,java.util.ArrayList,<init>,other,
Threading,Looper1,MAMADROID,android.support.v4.app.FragmentManagerImpl,makeActive,java.util.ArrayList,add,other,
Threading,Looper1,MAMADROID,android.support.v4.app.FragmentManagerImpl,makeActive,java.util.ArrayList,size,other,
Threading,Looper1,MAMADROID,android.support.v4.app.FragmentManagerImpl,makeInactive,android.support.v4.app.Fragment,initState,other,
Threading,Looper1,MAMADROID,android.support.v4.app.FragmentManagerImpl,makeInactive,android.support.v4.app.FragmentActivity,invalidateSupportFragment,other,
Threading,Looper1,MAMADROID,android.support.v4.app.FragmentManagerImpl,makeInactive,java.lang.Integer,valueOf,other,
Threading,Looper1,MAMADROID,android.support.v4.app.FragmentManagerImpl,makeInactive,java.util.ArrayList,<init>,other,
Threading,Looper1,MAMADROID,android.support.v4.app.FragmentManagerImpl,makeInactive,java.util.ArrayList,add,other,
Threading,Looper1,MAMADROID,android.support.v4.app.FragmentManagerImpl,makeInactive,java.util.ArrayList,set,other,
Threading,Looper1,MAMADROID,android.support.v4.app.FragmentManagerImpl,moveToState,android.app.Activity,isFinishing,component,component
Threading,Looper1,MAMADROID,android.support.v4.app.FragmentManagerImpl,moveToState,android.support.v4.app.Fragment,getLayoutInflater,other,
Threading,Looper1,MAMADROID,android.support.v4.app.FragmentManagerImpl,moveToState,android.support.v4.app.Fragment,onAttach,callback,callback|entrypoint
Threading,Looper1,MAMADROID,android.support.v4.app.FragmentManagerImpl,moveToState,android.support.v4.app.Fragment,onDetach,callback,callback|entrypoint
Threading,Looper1,MAMADROID,android.support.v4.app.FragmentManagerImpl,moveToState,android.support.v4.app.Fragment,onViewCreated,callback,callback|entrypoint
Threading,Looper1,MAMADROID,android.support.v4.app.FragmentManagerImpl,moveToState,android.support.v4.app.Fragment,performActivityCreated,other,
Threading,Looper1,MAMADROID,android.support.v4.app.FragmentManagerImpl,moveToState,android.support.v4.app.Fragment,performCreate,other,
Threading,Looper1,MAMADROID,android.support.v4.app.FragmentManagerImpl,moveToState,android.support.v4.app.Fragment,performCreateView,other,
Threading,Looper1,MAMADROID,android.support.v4.app.FragmentManagerImpl,moveToState,android.support.v4.app.Fragment,performDestroy,other,
Threading,Looper1,MAMADROID,android.support.v4.app.FragmentManagerImpl,moveToState,android.support.v4.app.Fragment,performDestroyView,other,
Threading,Looper1,MAMADROID,android.support.v4.app.FragmentManagerImpl,moveToState,android.support.v4.app.Fragment,performPause,other,
Threading,Looper1,MAMADROID,android.support.v4.app.FragmentManagerImpl,moveToState,android.support.v4.app.Fragment,performReallyStop,other,
Threading,Looper1,MAMADROID,android.support.v4.app.FragmentManagerImpl,moveToState,android.support.v4.app.Fragment,performResume,other,
Threading,Looper1,MAMADROID,android.support.v4.app.FragmentManagerImpl,moveToState,android.support.v4.app.Fragment,performStart,other,
Threading,Looper1,MAMADROID,android.support.v4.app.FragmentManagerImpl,moveToState,android.support.v4.app.Fragment,performStop,other,
Threading,Looper1,MAMADROID,android.support.v4.app.FragmentManagerImpl,moveToState,android.support.v4.app.Fragment,restoreViewState,other,
Threading,Looper1,MAMADROID,android.support.v4.app.FragmentManagerImpl,moveToState,android.support.v4.app.FragmentActivity,onAttachFragment,callback,callback|entrypoint
Threading,Looper1,MAMADROID,android.support.v4.app.FragmentManagerImpl,moveToState,android.support.v4.app.FragmentContainer,findViewById,other,
Threading,Looper1,MAMADROID,android.support.v4.app.FragmentManagerImpl,moveToState,android.support.v4.app.FragmentManagerImpl,loadAnimation,other,
Threading,Looper1,MAMADROID,android.support.v4.app.FragmentManagerImpl,moveToState,android.support.v4.app.FragmentManagerImpl,makeInactive,other,
Threading,Looper1,MAMADROID,android.support.v4.app.FragmentManagerImpl,moveToState,android.support.v4.app.FragmentManagerImpl,moveToState,other,
Threading,Looper1,MAMADROID,android.support.v4.app.FragmentManagerImpl,moveToState,android.support.v4.app.FragmentManagerImpl,startPendingDeferredFragments,other,
Threading,Looper1,MAMADROID,android.support.v4.app.FragmentManagerImpl,moveToState,android.support.v4.app.NoSaveStateFrameLayout,wrap,other,
Threading,Looper1,MAMADROID,android.support.v4.app.FragmentManagerImpl,moveToState,android.view.ViewGroup,addView,other,
Threading,Looper1,MAMADROID,android.support.v4.app.FragmentManagerImpl,moveToState,android.view.ViewGroup,removeView,other,
Threading,Looper1,MAMADROID,android.support.v4.app.FragmentManagerImpl,moveToState,java.util.ArrayList,get,other,
Threading,Looper1,MAMADROID,android.support.v4.app.FragmentManagerImpl,moveToState,java.util.ArrayList,size,other,
Threading,Looper1,MAMADROID,android.support.v4.app.FragmentManagerImpl,popBackStackImmediate,android.support.v4.app.FragmentManagerImpl,checkStateLoss,other,
Threading,Looper1,MAMADROID,android.support.v4.app.FragmentManagerImpl,popBackStackImmediate,android.support.v4.app.FragmentManagerImpl,executePendingTransactions,other,
Threading,Looper1,MAMADROID,android.support.v4.app.FragmentManagerImpl,popBackStackImmediate,android.support.v4.app.FragmentManagerImpl,popBackStackState,other,
Threading,Looper1,MAMADROID,android.support.v4.app.FragmentManagerImpl,saveAllState,android.support.v4.app.FragmentManagerImpl,execPendingActions,other,
Threading,Looper1,MAMADROID,android.support.v4.app.FragmentManagerImpl,saveAllState,android.support.v4.app.FragmentManagerImpl,saveFragmentBasicState,other,
Threading,Looper1,MAMADROID,android.support.v4.app.FragmentManagerImpl,saveAllState,android.support.v4.app.FragmentManagerState,<init>,other,
Threading,Looper1,MAMADROID,android.support.v4.app.FragmentManagerImpl,saveAllState,java.util.ArrayList,get,other,
Threading,Looper1,MAMADROID,android.support.v4.app.FragmentManagerImpl,saveAllState,java.util.ArrayList,size,other,
Threading,Looper1,MAMADROID,android.support.v4.app.FragmentManagerImpl,saveFragmentBasicState,android.os.BaseBundle,isEmpty,other,
Threading,Looper1,MAMADROID,android.support.v4.app.FragmentManagerImpl,saveFragmentBasicState,android.os.Bundle,<init>,other,
Threading,Looper1,MAMADROID,android.support.v4.app.FragmentManagerImpl,saveFragmentBasicState,android.support.v4.app.Fragment,performSaveInstanceState,other,
Threading,Looper1,MAMADROID,android.support.v4.app.FragmentManagerImpl,saveFragmentBasicState,android.support.v4.app.FragmentManagerImpl,saveFragmentViewState,other,
Threading,Looper1,MAMADROID,android.support.v4.app.FragmentManagerImpl,saveFragmentViewState,android.util.SparseArray,<init>,other,
Threading,Looper1,MAMADROID,android.support.v4.app.FragmentManagerImpl,saveFragmentViewState,android.util.SparseArray,clear,other,
Threading,Looper1,MAMADROID,android.support.v4.app.FragmentManagerImpl,saveFragmentViewState,android.util.SparseArray,size,other,
Threading,Looper1,MAMADROID,android.support.v4.app.FragmentManagerImpl,saveFragmentViewState,android.view.View,saveHierarchyState,other,
Threading,Looper1,MAMADROID,android.support.v4.app.FragmentManagerImpl,startPendingDeferredFragments,android.support.v4.app.FragmentManagerImpl,performPendingDeferredStart,other,
Threading,Looper1,MAMADROID,android.support.v4.app.FragmentManagerImpl,startPendingDeferredFragments,java.util.ArrayList,get,other,
Threading,Looper1,MAMADROID,android.support.v4.app.FragmentManagerImpl,startPendingDeferredFragments,java.util.ArrayList,size,other,
Threading,Looper1,MAMADROID,android.support.v4.app.FragmentManagerState,writeToParcel,android.os.Parcel,writeIntArray,other,
Threading,Looper1,MAMADROID,android.support.v4.app.FragmentManagerState,writeToParcel,android.os.Parcel,writeTypedArray,other,
Threading,Looper1,MAMADROID,android.support.v4.app.FragmentState,<init>,java.lang.Class,getName,reflection,reflection
Threading,Looper1,MAMADROID,android.support.v4.app.FragmentState,<init>,java.lang.Object,getClass,other,
Threading,Looper1,MAMADROID,android.support.v4.app.FragmentState,writeToParcel,android.os.Parcel,writeBundle,other,
Threading,Looper1,MAMADROID,android.support.v4.app.FragmentState,writeToParcel,android.os.Parcel,writeInt,other,
Threading,Looper1,MAMADROID,android.support.v4.app.FragmentState,writeToParcel,android.os.Parcel,writeString,other,
Threading,Looper1,MAMADROID,android.support.v4.app.NavUtils,getParentActivityName,android.app.Activity,getComponentName,component,component
Threading,Looper1,MAMADROID,android.support.v4.app.NavUtils,getParentActivityName,android.content.Context,getPackageManager,ipc,ipc
Threading,Looper1,MAMADROID,android.support.v4.app.NavUtils,getParentActivityName,android.content.pm.PackageManager,getActivityInfo,other,
Threading,Looper1,MAMADROID,android.support.v4.app.NavUtils$NavUtilsImplJB,getParentActivityName,android.support.v4.app.NavUtils$NavUtilsImplBase,getParentActivityName,other,
Threading,Looper1,MAMADROID,android.support.v4.app.NoSaveStateFrameLayout,dispatchSaveInstanceState,android.view.ViewGroup,dispatchFreezeSelfOnly,other,
Threading,Looper1,MAMADROID,android.support.v4.app.NoSaveStateFrameLayout,wrap,android.support.v4.app.NoSaveStateFrameLayout,<init>,other,
Threading,Looper1,MAMADROID,android.support.v4.app.NoSaveStateFrameLayout,wrap,android.view.View,getContext,other,
Threading,Looper1,MAMADROID,android.support.v4.app.NoSaveStateFrameLayout,wrap,android.view.View,getLayoutParams,other,
Threading,Looper1,MAMADROID,android.support.v4.app.NoSaveStateFrameLayout,wrap,android.view.View,setLayoutParams,other,
Threading,Looper1,MAMADROID,android.support.v4.app.NoSaveStateFrameLayout,wrap,android.view.ViewGroup,addView,other,
Threading,Looper1,MAMADROID,android.support.v4.util.SimpleArrayMap,get,android.support.v4.util.SimpleArrayMap,indexOf,other,
Threading,Looper1,MAMADROID,android.support.v4.util.SimpleArrayMap,get,java.lang.Object,hashCode,other,
Threading,Looper1,MAMADROID,android.support.v4.view.MenuItemCompat,setShowAsAction,android.support.v4.internal.view.SupportMenuItem,setShowAsAction,other,
Threading,Looper1,MAMADROID,android.support.v7.app.ActionBarActivity,getMenuInflater,android.support.v7.app.ActionBarActivityDelegate,getMenuInflater,other,
Threading,Looper1,MAMADROID,android.support.v7.app.ActionBarActivity,onBackPressed,android.support.v4.app.FragmentActivity,onBackPressed,callback,callback|entrypoint
Threading,Looper1,MAMADROID,android.support.v7.app.ActionBarActivity,onContentChanged,android.support.v7.app.ActionBarActivityDelegate,onContentChanged,callback,callback
Threading,Looper1,MAMADROID,android.support.v7.app.ActionBarActivity,onCreate,android.support.v7.app.ActionBarActivityDelegate,createDelegate,other,
Threading,Looper1,MAMADROID,android.support.v7.app.ActionBarActivity,onCreatePanelView,android.support.v7.app.ActionBarActivityDelegate,onCreatePanelView,callback,callback
Threading,Looper1,MAMADROID,android.support.v7.app.ActionBarActivity,onPrepareOptionsPanel,android.support.v7.app.ActionBarActivityDelegate,onPrepareOptionsPanel,callback,callback
Threading,Looper1,MAMADROID,android.support.v7.app.ActionBarActivity,onPreparePanel,android.support.v7.app.ActionBarActivityDelegate,onPreparePanel,callback,callback
Threading,Looper1,MAMADROID,android.support.v7.app.ActionBarActivity,onTitleChanged,android.app.Activity,onTitleChanged,callback,callback|component|entrypoint
Threading,Looper1,MAMADROID,android.support.v7.app.ActionBarActivity,setContentView,android.support.v7.app.ActionBarActivityDelegate,setContentView,other,
Threading,Looper1,MAMADROID,android.support.v7.app.ActionBarActivity,superOnCreatePanelMenu,android.support.v4.app.FragmentActivity,onCreatePanelMenu,callback,callback|entrypoint
Threading,Looper1,MAMADROID,android.support.v7.app.ActionBarActivity,superOnMenuItemSelected,android.support.v4.app.FragmentActivity,onMenuItemSelected,callback,callback|entrypoint
Threading,Looper1,MAMADROID,android.support.v7.app.ActionBarActivity,superOnPrepareOptionsPanel,android.support.v4.app.FragmentActivity,onPrepareOptionsPanel,callback,callback|entrypoint
Threading,Looper1,MAMADROID,android.support.v7.app.ActionBarActivity,superOnPreparePanel,android.support.v4.app.FragmentActivity,onPreparePanel,callback,callback|entrypoint
Threading,Looper1,MAMADROID,android.support.v7.app.ActionBarActivity,superSetContentView,android.app.Activity,setContentView,component,component
Threading,Looper1,MAMADROID,android.support.v7.app.ActionBarActivityDelegate,createDelegate,android.support.v7.app.ActionBarActivityDelegateJBMR2,<init>,other,
Threading,Looper1,MAMADROID,android.support.v7.app.ActionBarActivityDelegate,getActionBarThemedContext,android.support.v7.app.ActionBar,getThemedContext,other,
Threading,Looper1,MAMADROID,android.support.v7.app.ActionBarActivityDelegate,getActionBarThemedContext,android.support.v7.app.ActionBarActivityDelegate,getSupportActionBar,other,
Threading,Looper1,MAMADROID,android.support.v7.app.ActionBarActivityDelegate,getMenuInflater,android.support.v7.app.ActionBarActivityDelegate,getActionBarThemedContext,other,
Threading,Looper1,MAMADROID,android.support.v7.app.ActionBarActivityDelegate,getMenuInflater,android.support.v7.internal.view.SupportMenuInflater,<init>,other,
Threading,Looper1,MAMADROID,android.support.v7.app.ActionBarActivityDelegate,getSupportActionBar,android.support.v7.app.ActionBarActivityDelegate,createSupportActionBar,other,
Threading,Looper1,MAMADROID,android.support.v7.app.ActionBarActivityDelegate,getUiOptionsFromMetadata,android.app.Activity,getComponentName,component,component
Threading,Looper1,MAMADROID,android.support.v7.app.ActionBarActivityDelegate,getUiOptionsFromMetadata,android.content.ContextWrapper,getPackageManager,ipc,ipc
Threading,Looper1,MAMADROID,android.support.v7.app.ActionBarActivityDelegate,getUiOptionsFromMetadata,android.content.pm.PackageManager,getActivityInfo,other,
Threading,Looper1,MAMADROID,android.support.v7.app.ActionBarActivityDelegate,onCreate,android.content.Context,obtainStyledAttributes,ipc,ipc
Threading,Looper1,MAMADROID,android.support.v7.app.ActionBarActivityDelegate,onCreate,android.content.res.TypedArray,getBoolean,other,
Threading,Looper1,MAMADROID,android.support.v7.app.ActionBarActivityDelegate,onCreate,android.content.res.TypedArray,hasValue,other,
Threading,Looper1,MAMADROID,android.support.v7.app.ActionBarActivityDelegate,onCreate,android.content.res.TypedArray,recycle,other,
Threading,Looper1,MAMADROID,android.support.v7.app.ActionBarActivityDelegate,onCreate,android.support.v4.app.NavUtils,getParentActivityName,other,
Threading,Looper1,MAMADROID,android.support.v7.app.ActionBarActivityDelegate,onPrepareOptionsPanel,android.support.v7.app.ActionBarActivity,superOnPrepareOptionsPanel,other,
Threading,Looper1,MAMADROID,android.support.v7.app.ActionBarActivityDelegateICS,createWindowCallbackWrapper,android.support.v7.app.ActionBarActivityDelegateICS$WindowCallbackWrapper,<init>,other,
Threading,Looper1,MAMADROID,android.support.v7.app.ActionBarActivityDelegateICS,onContentChanged,android.support.v7.app.ActionBarActivity,onSupportContentChanged,callback,callback|entrypoint
Threading,Looper1,MAMADROID,android.support.v7.app.ActionBarActivityDelegateICS,onCreate,android.app.Activity,getWindow,component,component
Threading,Looper1,MAMADROID,android.support.v7.app.ActionBarActivityDelegateICS,onCreate,android.app.Activity,requestWindowFeature,component,component
Threading,Looper1,MAMADROID,android.support.v7.app.ActionBarActivityDelegateICS,onCreate,android.support.v7.app.ActionBarActivityDelegate,getUiOptionsFromMetadata,other,
Threading,Looper1,MAMADROID,android.support.v7.app.ActionBarActivityDelegateICS,onCreate,android.support.v7.app.ActionBarActivityDelegateICS,createWindowCallbackWrapper,other,
Threading,Looper1,MAMADROID,android.support.v7.app.ActionBarActivityDelegateICS,onCreate,android.view.Window,getCallback,other,
Threading,Looper1,MAMADROID,android.support.v7.app.ActionBarActivityDelegateICS,onCreate,android.view.Window,setCallback,other,
Threading,Looper1,MAMADROID,android.support.v7.app.ActionBarActivityDelegateICS,onCreate,java.lang.String,equals,other,
Threading,Looper1,MAMADROID,android.support.v7.app.ActionBarActivityDelegateICS,onCreatePanelMenu,android.support.v7.app.ActionBarActivity,superOnCreatePanelMenu,other,
Threading,Looper1,MAMADROID,android.support.v7.app.ActionBarActivityDelegateICS,onCreatePanelMenu,android.support.v7.internal.view.menu.MenuWrapperFactory,createMenuWrapper,other,
Threading,Looper1,MAMADROID,android.support.v7.app.ActionBarActivityDelegateICS,onMenuItemSelected,android.support.v7.app.ActionBarActivity,superOnMenuItemSelected,other,
Threading,Looper1,MAMADROID,android.support.v7.app.ActionBarActivityDelegateICS,onMenuItemSelected,android.support.v7.internal.view.menu.MenuWrapperFactory,createMenuItemWrapper,other,
Threading,Looper1,MAMADROID,android.support.v7.app.ActionBarActivityDelegateICS,onPreparePanel,android.support.v7.app.ActionBarActivity,superOnPreparePanel,other,
Threading,Looper1,MAMADROID,android.support.v7.app.ActionBarActivityDelegateICS,setContentView,android.support.v7.app.ActionBarActivity,superSetContentView,other,
Threading,Looper1,MAMADROID,android.support.v7.app.ActionBarActivityDelegateICS$WindowCallbackWrapper,dispatchKeyEvent,android.view.Window$Callback,dispatchKeyEvent,other,
Threading,Looper1,MAMADROID,android.support.v7.app.ActionBarActivityDelegateICS$WindowCallbackWrapper,dispatchTouchEvent,android.view.Window$Callback,dispatchTouchEvent,other,
Threading,Looper1,MAMADROID,android.support.v7.app.ActionBarActivityDelegateICS$WindowCallbackWrapper,dispatchTrackballEvent,android.view.Window$Callback,dispatchTrackballEvent,other,
Threading,Looper1,MAMADROID,android.support.v7.app.ActionBarActivityDelegateICS$WindowCallbackWrapper,onAttachedToWindow,android.view.Window$Callback,onAttachedToWindow,callback,callback
Threading,Looper1,MAMADROID,android.support.v7.app.ActionBarActivityDelegateICS$WindowCallbackWrapper,onDetachedFromWindow,android.view.Window$Callback,onDetachedFromWindow,callback,callback
Threading,Looper1,MAMADROID,android.support.v7.app.ActionBarActivityDelegateICS$WindowCallbackWrapper,onMenuOpened,android.view.Window$Callback,onMenuOpened,callback,callback
Threading,Looper1,MAMADROID,android.support.v7.app.ActionBarActivityDelegateICS$WindowCallbackWrapper,onWindowAttributesChanged,android.view.Window$Callback,onWindowAttributesChanged,callback,callback
Threading,Looper1,MAMADROID,android.support.v7.app.ActionBarActivityDelegateICS$WindowCallbackWrapper,onWindowFocusChanged,android.view.Window$Callback,onWindowFocusChanged,callback,callback
Threading,Looper1,MAMADROID,android.support.v7.app.ActionBarActivityDelegateJBMR2,createSupportActionBar,android.support.v7.app.ActionBarImplJBMR2,<init>,other,
Threading,Looper1,MAMADROID,android.support.v7.app.ActionBarImplICS,<init>,android.app.Activity,getActionBar,component,component
Threading,Looper1,MAMADROID,android.support.v7.app.ActionBarImplICS,getThemedContext,android.app.ActionBar,getThemedContext,other,
Threading,Looper1,MAMADROID,android.support.v7.internal.view.SupportMenuInflater,inflate,android.content.Context,getResources,ipc,ipc
Threading,Looper1,MAMADROID,android.support.v7.internal.view.SupportMenuInflater,inflate,android.content.res.Resources,getLayout,other,
Threading,Looper1,MAMADROID,android.support.v7.internal.view.SupportMenuInflater,inflate,android.content.res.XmlResourceParser,close,other,
Threading,Looper1,MAMADROID,android.support.v7.internal.view.SupportMenuInflater,inflate,android.support.v7.internal.view.SupportMenuInflater,parseMenu,other,
Threading,Looper1,MAMADROID,android.support.v7.internal.view.SupportMenuInflater,inflate,android.util.Xml,asAttributeSet,other,
Threading,Looper1,MAMADROID,android.support.v7.internal.view.SupportMenuInflater,parseMenu,android.support.v7.internal.view.SupportMenuInflater$MenuState,<init>,other,
Threading,Looper1,MAMADROID,android.support.v7.internal.view.SupportMenuInflater,parseMenu,android.support.v7.internal.view.SupportMenuInflater$MenuState,access$000,other,
Threading,Looper1,MAMADROID,android.support.v7.internal.view.SupportMenuInflater,parseMenu,android.support.v7.internal.view.SupportMenuInflater$MenuState,addItem,other,
Threading,Looper1,MAMADROID,android.support.v7.internal.view.SupportMenuInflater,parseMenu,android.support.v7.internal.view.SupportMenuInflater$MenuState,hasAddedItem,other,
Threading,Looper1,MAMADROID,android.support.v7.internal.view.SupportMenuInflater,parseMenu,android.support.v7.internal.view.SupportMenuInflater$MenuState,readItem,other,
Threading,Looper1,MAMADROID,android.support.v7.internal.view.SupportMenuInflater,parseMenu,java.lang.String,equals,other,
Threading,Looper1,MAMADROID,android.support.v7.internal.view.SupportMenuInflater,parseMenu,org.xmlpull.v1.XmlPullParser,getEventType,other,
Threading,Looper1,MAMADROID,android.support.v7.internal.view.SupportMenuInflater,parseMenu,org.xmlpull.v1.XmlPullParser,getName,other,
Threading,Looper1,MAMADROID,android.support.v7.internal.view.SupportMenuInflater,parseMenu,org.xmlpull.v1.XmlPullParser,next,other,
Threading,Looper1,MAMADROID,android.support.v7.internal.view.SupportMenuInflater$MenuState,<init>,android.support.v7.internal.view.SupportMenuInflater$MenuState,resetGroup,other,
Threading,Looper1,MAMADROID,android.support.v7.internal.view.SupportMenuInflater$MenuState,addItem,android.support.v7.internal.view.SupportMenuInflater$MenuState,setItem,other,
Threading,Looper1,MAMADROID,android.support.v7.internal.view.SupportMenuInflater$MenuState,addItem,android.view.Menu,add,other,
Threading,Looper1,MAMADROID,android.support.v7.internal.view.SupportMenuInflater$MenuState,readItem,android.content.Context,obtainStyledAttributes,ipc,ipc
Threading,Looper1,MAMADROID,android.support.v7.internal.view.SupportMenuInflater$MenuState,readItem,android.content.res.TypedArray,getBoolean,other,
Threading,Looper1,MAMADROID,android.support.v7.internal.view.SupportMenuInflater$MenuState,readItem,android.content.res.TypedArray,getInt,other,
Threading,Looper1,MAMADROID,android.support.v7.internal.view.SupportMenuInflater$MenuState,readItem,android.content.res.TypedArray,getResourceId,other,
Threading,Looper1,MAMADROID,android.support.v7.internal.view.SupportMenuInflater$MenuState,readItem,android.content.res.TypedArray,getString,other,
Threading,Looper1,MAMADROID,android.support.v7.internal.view.SupportMenuInflater$MenuState,readItem,android.content.res.TypedArray,getText,other,
Threading,Looper1,MAMADROID,android.support.v7.internal.view.SupportMenuInflater$MenuState,readItem,android.content.res.TypedArray,hasValue,other,
Threading,Looper1,MAMADROID,android.support.v7.internal.view.SupportMenuInflater$MenuState,readItem,android.content.res.TypedArray,recycle,other,
Threading,Looper1,MAMADROID,android.support.v7.internal.view.SupportMenuInflater$MenuState,readItem,android.support.v7.internal.view.SupportMenuInflater,access$100,other,
Threading,Looper1,MAMADROID,android.support.v7.internal.view.SupportMenuInflater$MenuState,readItem,android.support.v7.internal.view.SupportMenuInflater$MenuState,getShortcut,other,
Threading,Looper1,MAMADROID,android.support.v7.internal.view.SupportMenuInflater$MenuState,setItem,android.support.v4.view.MenuItemCompat,setShowAsAction,other,
Threading,Looper1,MAMADROID,android.support.v7.internal.view.SupportMenuInflater$MenuState,setItem,android.view.MenuItem,setAlphabeticShortcut,other,
Threading,Looper1,MAMADROID,android.support.v7.internal.view.SupportMenuInflater$MenuState,setItem,android.view.MenuItem,setCheckable,other,
Threading,Looper1,MAMADROID,android.support.v7.internal.view.SupportMenuInflater$MenuState,setItem,android.view.MenuItem,setChecked,other,
Threading,Looper1,MAMADROID,android.support.v7.internal.view.SupportMenuInflater$MenuState,setItem,android.view.MenuItem,setEnabled,other,
Threading,Looper1,MAMADROID,android.support.v7.internal.view.SupportMenuInflater$MenuState,setItem,android.view.MenuItem,setIcon,other,
Threading,Looper1,MAMADROID,android.support.v7.internal.view.SupportMenuInflater$MenuState,setItem,android.view.MenuItem,setNumericShortcut,other,
Threading,Looper1,MAMADROID,android.support.v7.internal.view.SupportMenuInflater$MenuState,setItem,android.view.MenuItem,setTitleCondensed,other,
Threading,Looper1,MAMADROID,android.support.v7.internal.view.SupportMenuInflater$MenuState,setItem,android.view.MenuItem,setVisible,other,
Threading,Looper1,MAMADROID,android.support.v7.internal.view.menu.BaseMenuWrapper,getMenuItemWrapper,android.support.v7.internal.view.menu.MenuWrapperFactory,createSupportMenuItemWrapper,other,
Threading,Looper1,MAMADROID,android.support.v7.internal.view.menu.BaseMenuWrapper,getMenuItemWrapper,java.util.HashMap,<init>,other,
Threading,Looper1,MAMADROID,android.support.v7.internal.view.menu.BaseMenuWrapper,getMenuItemWrapper,java.util.HashMap,get,other,
Threading,Looper1,MAMADROID,android.support.v7.internal.view.menu.BaseMenuWrapper,getMenuItemWrapper,java.util.HashMap,put,other,
Threading,Looper1,MAMADROID,android.support.v7.internal.view.menu.MenuItemWrapperICS,<init>,android.view.MenuItem,isVisible,other,
Threading,Looper1,MAMADROID,android.support.v7.internal.view.menu.MenuItemWrapperICS,getItemId,android.view.MenuItem,getItemId,other,
Threading,Looper1,MAMADROID,android.support.v7.internal.view.menu.MenuItemWrapperICS,getTitleCondensed,android.view.MenuItem,getTitleCondensed,other,
Threading,Looper1,MAMADROID,android.support.v7.internal.view.menu.MenuItemWrapperICS,setChecked,android.view.MenuItem,setChecked,other,
Threading,Looper1,MAMADROID,android.support.v7.internal.view.menu.MenuItemWrapperICS,setVisible,android.support.v7.internal.view.menu.MenuItemWrapperICS,wrappedSetVisible,other,
Threading,Looper1,MAMADROID,android.support.v7.internal.view.menu.MenuItemWrapperICS,wrappedSetVisible,android.view.MenuItem,setVisible,other,
Threading,Looper1,MAMADROID,android.support.v7.internal.view.menu.MenuWrapperFactory,createMenuItemWrapper,android.support.v7.internal.view.menu.MenuItemWrapperJB,<init>,other,
Threading,Looper1,MAMADROID,android.support.v7.internal.view.menu.MenuWrapperFactory,createMenuWrapper,android.support.v7.internal.view.menu.MenuWrapperICS,<init>,other,
Threading,Looper1,MAMADROID,android.support.v7.internal.view.menu.MenuWrapperFactory,createSupportMenuItemWrapper,android.support.v7.internal.view.menu.MenuItemWrapperJB,<init>,other,
Threading,Looper1,MAMADROID,android.support.v7.internal.view.menu.MenuWrapperICS,add,android.support.v7.internal.view.menu.BaseMenuWrapper,getMenuItemWrapper,other,
Threading,Looper1,MAMADROID,android.support.v7.internal.view.menu.MenuWrapperICS,add,android.view.Menu,add,other,
Threading,Looper1,MAMADROID,de.ecspride.MainActivity,onCreate,android.content.Context,getSystemService,ipc,ipc
Threading,Looper1,MAMADROID,de.ecspride.MainActivity,onCreate,android.support.v4.app.FragmentManager,beginTransaction,other,
Threading,Looper1,MAMADROID,de.ecspride.MainActivity,onCreate,android.support.v4.app.FragmentTransaction,add,other,
Threading,Looper1,MAMADROID,de.ecspride.MainActivity,onCreate,android.support.v4.app.FragmentTransaction,commit,other,
Threading,Looper1,MAMADROID,de.ecspride.MainActivity,onCreate,android.telephony.TelephonyManager,getDeviceId,sensitive_api,sensitive_api|telephony
Threading,Looper1,MAMADROID,de.ecspride.MainActivity,onCreateOptionsMenu,android.view.MenuInflater,inflate,other,
Threading,Looper1,MAMADROID,de.ecspride.MainActivity,onOptionsItemSelected,android.view.MenuItem,getItemId,other,
Threading,Looper1,MAMADROID,de.ecspride.MainActivity$PlaceholderFragment,onCreateView,android.view.LayoutInflater,inflate,other,
Threading,Looper1,NATIDROID,android.support.v4.app.FragmentActivity,onCreate,android.view.LayoutInflater,getFactory,other,
Threading,Looper1,NATIDROID,android.support.v4.app.FragmentActivity,onCreate,android.view.LayoutInflater,setFactory,other,
Threading,Looper1,NATIDROID,android.support.v4.app.NavUtils,getParentActivityName,android.content.pm.PackageManager,getActivityInfo,other,
Threading,Looper1,NATIDROID,android.support.v7.app.ActionBarActivityDelegate,getUiOptionsFromMetadata,android.content.pm.PackageManager,getActivityInfo,other,
Threading,Looper1,NATIDROID,android.support.v7.app.ActionBarActivityDelegateICS,onCreate,android.view.Window,getCallback,other,
Threading,Looper1,NATIDROID,android.support.v7.app.ActionBarActivityDelegateICS,onCreate,android.view.Window,setCallback,other,
Threading,Looper1,NATIDROID,android.support.v7.internal.view.SupportMenuInflater,inflate,android.content.res.XmlResourceParser,close,other,
Threading,Looper1,NATIDROID,android.support.v7.internal.view.SupportMenuInflater,parseMenu,org.xmlpull.v1.XmlPullParser,getEventType,other,
Threading,Looper1,NATIDROID,android.support.v7.internal.view.SupportMenuInflater,parseMenu,org.xmlpull.v1.XmlPullParser,getName,other,
Threading,Looper1,NATIDROID,android.support.v7.internal.view.SupportMenuInflater,parseMenu,org.xmlpull.v1.XmlPullParser,next,other,
Threading,Looper1,NATIDROID,de.ecspride.MainActivity$PlaceholderFragment,onCreateView,android.view.LayoutInflater,inflate,other,
